DEBUG 25-09-03 19:50:28[background-preinit] [logging:164] - Logging Provider: org.jboss.logging.Slf4jLoggerProvider found via system property
INFO  25-09-03 19:50:28[background-preinit] [Version:21] - HV000001: Hibernate Validator 8.0.2.Final
DEBUG 25-09-03 19:50:28[background-preinit] [ValidationXmlParser:122] - Trying to load META-INF/validation.xml for XML based Validator configuration.
DEBUG 25-09-03 19:50:28[background-preinit] [ResourceLoaderHelper:61] - Trying to load META-INF/validation.xml via TCCL
DEBUG 25-09-03 19:50:28[background-preinit] [ResourceLoaderHelper:67] - Trying to load META-INF/validation.xml via Hibernate Validator's class loader
DEBUG 25-09-03 19:50:28[background-preinit] [ValidationXmlParser:129] - No META-INF/validation.xml found. Using annotation based configuration only.
DEBUG 25-09-03 19:50:29[background-preinit] [TraversableResolvers:94] - Found jakarta.persistence.Persistence on classpath containing 'getPersistenceUtil'. Assuming JPA 2 environment. Trying to instantiate JPA aware TraversableResolver
DEBUG 25-09-03 19:50:29[background-preinit] [TraversableResolvers:104] - Instantiated JPA aware TraversableResolver of type org.hibernate.validator.internal.engine.resolver.JPATraversableResolver.
INFO  25-09-03 19:50:29[restartedMain] [FoodWebApplication:53] - Starting FoodWebApplication using Java 24.0.1 with PID 14044 (C:\Users\eyese\lys_mjc813Exam\food_web\target\classes started by eyese in C:\Users\eyese\lys_mjc813Exam\food_web)
DEBUG 25-09-03 19:50:29[restartedMain] [FoodWebApplication:54] - Running with Spring Boot v3.5.4, Spring v6.2.9
INFO  25-09-03 19:50:29[restartedMain] [FoodWebApplication:652] - No active profile set, falling back to 1 default profile: "default"
DEBUG 25-09-03 19:50:29[restartedMain] [SpringApplication:685] - Loading source class com.mjc813.food_web.FoodWebApplication
DEBUG 25-09-03 19:50:29[background-preinit] [ResourceBundleMessageInterpolator:175] - Loaded expression factory via original TCCL
DEBUG 25-09-03 19:50:29[restartedMain] [ChangeableUrls:251] - Matching URLs for reloading : [file:/C:/Users/eyese/lys_mjc813Exam/food_web/target/classes/]
DEBUG 25-09-03 19:50:29[restartedMain] [DevToolsSettings:251] - Included patterns for restart : []
DEBUG 25-09-03 19:50:29[restartedMain] [DevToolsSettings:251] - Excluded patterns for restart : [/spring-boot-starter-[\w-]+/, /spring-boot/(bin|build|out)/, /spring-boot-starter/(bin|build|out)/, /spring-boot-devtools/(bin|build|out)/, /spring-boot-actuator/(bin|build|out)/, /spring-boot-autoconfigure/(bin|build|out)/]
INFO  25-09-03 19:50:29[restartedMain] [DevToolsPropertyDefaultsPostProcessor:252] - Devtools property defaults active! Set 'spring.devtools.add-properties' to 'false' to disable
INFO  25-09-03 19:50:29[restartedMain] [DevToolsPropertyDefaultsPostProcessor:252] - For additional web related logging consider setting the 'logging.level.web' property to 'DEBUG'
DEBUG 25-09-03 19:50:29[restartedMain] [AnnotationConfigServletWebServerApplicationContext:674] - Refreshing org.springframework.boot.web.servlet.context.AnnotationConfigServletWebServerApplicationContext@639fe74c
DEBUG 25-09-03 19:50:29[restartedMain] [DefaultListableBeanFactory:308] - Creating shared instance of singleton bean 'org.springframework.context.annotation.internalConfigurationAnnotationProcessor'
DEBUG 25-09-03 19:50:29[restartedMain] [DefaultListableBeanFactory:308] - Creating shared instance of singleton bean 'org.springframework.boot.autoconfigure.internalCachingMetadataReaderFactory'
DEBUG 25-09-03 19:50:29[background-preinit] [ValidatorFactoryConfigurationHelper:355] - HV000252: Using org.hibernate.validator.internal.engine.DefaultPropertyNodeNameProvider as property node name provider.
DEBUG 25-09-03 19:50:29[background-preinit] [ValidatorFactoryConfigurationHelper:447] - HV000234: Using org.hibernate.validator.messageinterpolation.ResourceBundleMessageInterpolator as ValidatorFactory-scoped message interpolator.
DEBUG 25-09-03 19:50:29[background-preinit] [ValidatorFactoryConfigurationHelper:448] - HV000234: Using org.hibernate.validator.internal.engine.resolver.JPATraversableResolver as ValidatorFactory-scoped traversable resolver.
DEBUG 25-09-03 19:50:29[background-preinit] [ValidatorFactoryConfigurationHelper:449] - HV000234: Using org.hibernate.validator.internal.util.ExecutableParameterNameProvider as ValidatorFactory-scoped parameter name provider.
DEBUG 25-09-03 19:50:29[background-preinit] [ValidatorFactoryConfigurationHelper:450] - HV000234: Using org.hibernate.validator.internal.engine.DefaultClockProvider as ValidatorFactory-scoped clock provider.
DEBUG 25-09-03 19:50:29[background-preinit] [ValidatorFactoryConfigurationHelper:451] - HV000234: Using org.hibernate.validator.internal.engine.scripting.DefaultScriptEvaluatorFactory as ValidatorFactory-scoped script evaluator factory.
DEBUG 25-09-03 19:50:29[restartedMain] [ClassPathBeanDefinitionScanner:476] - Identified candidate component class: file [C:\Users\eyese\lys_mjc813Exam\food_web\target\classes\com\mjc813\food_web\common\EnumRestConroller.class]
DEBUG 25-09-03 19:50:29[restartedMain] [ClassPathBeanDefinitionScanner:476] - Identified candidate component class: file [C:\Users\eyese\lys_mjc813Exam\food_web\target\classes\com\mjc813\food_web\common\MenuController.class]
DEBUG 25-09-03 19:50:29[restartedMain] [ClassPathBeanDefinitionScanner:476] - Identified candidate component class: file [C:\Users\eyese\lys_mjc813Exam\food_web\target\classes\com\mjc813\food_web\food\controller\FoodRestController.class]
DEBUG 25-09-03 19:50:29[restartedMain] [ClassPathBeanDefinitionScanner:476] - Identified candidate component class: file [C:\Users\eyese\lys_mjc813Exam\food_web\target\classes\com\mjc813\food_web\food\service\FoodJpaTransactionService.class]
DEBUG 25-09-03 19:50:29[restartedMain] [ClassPathBeanDefinitionScanner:482] - Ignored because not a concrete top-level class: file [C:\Users\eyese\lys_mjc813Exam\food_web\target\classes\com\mjc813\food_web\food\service\FoodRepository.class]
DEBUG 25-09-03 19:50:29[restartedMain] [ClassPathBeanDefinitionScanner:476] - Identified candidate component class: file [C:\Users\eyese\lys_mjc813Exam\food_web\target\classes\com\mjc813\food_web\food\service\FoodService.class]
DEBUG 25-09-03 19:50:29[restartedMain] [ClassPathBeanDefinitionScanner:476] - Identified candidate component class: file [C:\Users\eyese\lys_mjc813Exam\food_web\target\classes\com\mjc813\food_web\food_category\controller\FoodCategoryRestController.class]
DEBUG 25-09-03 19:50:29[restartedMain] [ClassPathBeanDefinitionScanner:482] - Ignored because not a concrete top-level class: file [C:\Users\eyese\lys_mjc813Exam\food_web\target\classes\com\mjc813\food_web\food_category\service\FoodCategoryRepository.class]
DEBUG 25-09-03 19:50:29[restartedMain] [ClassPathBeanDefinitionScanner:476] - Identified candidate component class: file [C:\Users\eyese\lys_mjc813Exam\food_web\target\classes\com\mjc813\food_web\food_category\service\FoodCategoryService.class]
DEBUG 25-09-03 19:50:29[restartedMain] [ClassPathBeanDefinitionScanner:476] - Identified candidate component class: file [C:\Users\eyese\lys_mjc813Exam\food_web\target\classes\com\mjc813\food_web\food_file\controller\FileRestController.class]
DEBUG 25-09-03 19:50:29[restartedMain] [ClassPathBeanDefinitionScanner:482] - Ignored because not a concrete top-level class: file [C:\Users\eyese\lys_mjc813Exam\food_web\target\classes\com\mjc813\food_web\food_file\service\FoodFileRepository.class]
DEBUG 25-09-03 19:50:29[restartedMain] [ClassPathBeanDefinitionScanner:476] - Identified candidate component class: file [C:\Users\eyese\lys_mjc813Exam\food_web\target\classes\com\mjc813\food_web\food_file\service\FoodFileService.class]
DEBUG 25-09-03 19:50:29[restartedMain] [ClassPathBeanDefinitionScanner:476] - Identified candidate component class: file [C:\Users\eyese\lys_mjc813Exam\food_web\target\classes\com\mjc813\food_web\food_ingredient\controller\FoodIngredientRestController.class]
DEBUG 25-09-03 19:50:29[restartedMain] [ClassPathBeanDefinitionScanner:482] - Ignored because not a concrete top-level class: file [C:\Users\eyese\lys_mjc813Exam\food_web\target\classes\com\mjc813\food_web\food_ingredient\service\FoodIngredientRepository.class]
DEBUG 25-09-03 19:50:29[restartedMain] [ClassPathBeanDefinitionScanner:476] - Identified candidate component class: file [C:\Users\eyese\lys_mjc813Exam\food_web\target\classes\com\mjc813\food_web\food_ingredient\service\FoodIngredientService.class]
DEBUG 25-09-03 19:50:29[restartedMain] [ClassPathBeanDefinitionScanner:476] - Identified candidate component class: file [C:\Users\eyese\lys_mjc813Exam\food_web\target\classes\com\mjc813\food_web\ingredient\controller\IngredienRestController.class]
DEBUG 25-09-03 19:50:29[restartedMain] [ClassPathBeanDefinitionScanner:482] - Ignored because not a concrete top-level class: file [C:\Users\eyese\lys_mjc813Exam\food_web\target\classes\com\mjc813\food_web\ingredient\service\IngredientRepository.class]
DEBUG 25-09-03 19:50:29[restartedMain] [ClassPathBeanDefinitionScanner:476] - Identified candidate component class: file [C:\Users\eyese\lys_mjc813Exam\food_web\target\classes\com\mjc813\food_web\ingredient\service\IngredientService.class]
DEBUG 25-09-03 19:50:29[restartedMain] [ClassPathBeanDefinitionScanner:476] - Identified candidate component class: file [C:\Users\eyese\lys_mjc813Exam\food_web\target\classes\com\mjc813\food_web\ingredient_category\controller\IngredientCategoryRestController.class]
DEBUG 25-09-03 19:50:29[restartedMain] [ClassPathBeanDefinitionScanner:482] - Ignored because not a concrete top-level class: file [C:\Users\eyese\lys_mjc813Exam\food_web\target\classes\com\mjc813\food_web\ingredient_category\service\IngredientCategoryRepository.class]
DEBUG 25-09-03 19:50:29[restartedMain] [ClassPathBeanDefinitionScanner:476] - Identified candidate component class: file [C:\Users\eyese\lys_mjc813Exam\food_web\target\classes\com\mjc813\food_web\ingredient_category\service\IngredientCategoryService.class]
DEBUG 25-09-03 19:50:29[restartedMain] [ClassPathBeanDefinitionScanner:476] - Identified candidate component class: file [C:\Users\eyese\lys_mjc813Exam\food_web\target\classes\com\mjc813\food_web\member\controller\MemberRestController.class]
DEBUG 25-09-03 19:50:29[restartedMain] [ClassPathBeanDefinitionScanner:476] - Identified candidate component class: file [C:\Users\eyese\lys_mjc813Exam\food_web\target\classes\com\mjc813\food_web\member\service\MemberService.class]
DEBUG 25-09-03 19:50:29[restartedMain] [ClassPathBeanDefinitionScanner:476] - Identified candidate component class: file [C:\Users\eyese\lys_mjc813Exam\food_web\target\classes\com\mjc813\food_web\security\CookieSignUpRestController.class]
DEBUG 25-09-03 19:50:29[restartedMain] [ClassPathBeanDefinitionScanner:476] - Identified candidate component class: file [C:\Users\eyese\lys_mjc813Exam\food_web\target\classes\com\mjc813\food_web\security\DaoAuthTokenFilter.class]
DEBUG 25-09-03 19:50:29[restartedMain] [ClassPathBeanDefinitionScanner:476] - Identified candidate component class: file [C:\Users\eyese\lys_mjc813Exam\food_web\target\classes\com\mjc813\food_web\security\MyPasswordEncoder.class]
DEBUG 25-09-03 19:50:29[restartedMain] [ClassPathBeanDefinitionScanner:476] - Identified candidate component class: file [C:\Users\eyese\lys_mjc813Exam\food_web\target\classes\com\mjc813\food_web\security\mysec\MySecurity.class]
DEBUG 25-09-03 19:50:29[restartedMain] [ClassPathBeanDefinitionScanner:476] - Identified candidate component class: file [C:\Users\eyese\lys_mjc813Exam\food_web\target\classes\com\mjc813\food_web\security\SessionSignUpRestController.class]
DEBUG 25-09-03 19:50:29[restartedMain] [ClassPathBeanDefinitionScanner:476] - Identified candidate component class: file [C:\Users\eyese\lys_mjc813Exam\food_web\target\classes\com\mjc813\food_web\security\SpringbootSignUpRestController.class]
DEBUG 25-09-03 19:50:29[restartedMain] [ClassPathBeanDefinitionScanner:476] - Identified candidate component class: file [C:\Users\eyese\lys_mjc813Exam\food_web\target\classes\com\mjc813\food_web\security\WebSecurityConfig.class]
DEBUG 25-09-03 19:50:29[restartedMain] [ClassPathBeanDefinitionScanner:476] - Identified candidate component class: file [C:\Users\eyese\lys_mjc813Exam\food_web\target\classes\com\mjc813\food_web\sendemail\EmailService.class]
DEBUG 25-09-03 19:50:29[restartedMain] [DefaultListableBeanFactory:308] - Creating shared instance of singleton bean 'org.springframework.boot.autoconfigure.AutoConfigurationPackages'
DEBUG 25-09-03 19:50:29[restartedMain] [AutoConfigurationPackages:213] - @EnableAutoConfiguration was declared on a class in the package 'com.mjc813.food_web'. Automatic @Repository and @Entity scanning is enabled.
DEBUG 25-09-03 19:50:29[restartedMain] [MybatisAutoConfiguration:247] - Searching for mappers annotated with @Mapper
DEBUG 25-09-03 19:50:29[restartedMain] [MybatisAutoConfiguration:251] - Using auto-configuration base package 'com.mjc813.food_web'
INFO  25-09-03 19:50:29[restartedMain] [RepositoryConfigurationDelegate:145] - Bootstrapping Spring Data JPA repositories in DEFAULT mode.
DEBUG 25-09-03 19:50:29[restartedMain] [RepositoryConfigurationDelegate:155] - Scanning for JPA repositories in packages com.mjc813.food_web.
DEBUG 25-09-03 19:50:30[restartedMain] [RepositoryComponentProvider:476] - Identified candidate component class: file [C:\Users\eyese\lys_mjc813Exam\food_web\target\classes\com\mjc813\food_web\food\service\FoodRepository.class]
DEBUG 25-09-03 19:50:30[restartedMain] [RepositoryComponentProvider:476] - Identified candidate component class: file [C:\Users\eyese\lys_mjc813Exam\food_web\target\classes\com\mjc813\food_web\food_category\service\FoodCategoryRepository.class]
DEBUG 25-09-03 19:50:30[restartedMain] [RepositoryComponentProvider:476] - Identified candidate component class: file [C:\Users\eyese\lys_mjc813Exam\food_web\target\classes\com\mjc813\food_web\food_file\service\FoodFileRepository.class]
DEBUG 25-09-03 19:50:30[restartedMain] [RepositoryComponentProvider:476] - Identified candidate component class: file [C:\Users\eyese\lys_mjc813Exam\food_web\target\classes\com\mjc813\food_web\food_ingredient\service\FoodIngredientRepository.class]
DEBUG 25-09-03 19:50:30[restartedMain] [RepositoryComponentProvider:476] - Identified candidate component class: file [C:\Users\eyese\lys_mjc813Exam\food_web\target\classes\com\mjc813\food_web\ingredient\service\IngredientRepository.class]
DEBUG 25-09-03 19:50:30[restartedMain] [RepositoryComponentProvider:476] - Identified candidate component class: file [C:\Users\eyese\lys_mjc813Exam\food_web\target\classes\com\mjc813\food_web\ingredient_category\service\IngredientCategoryRepository.class]
DEBUG 25-09-03 19:50:30[restartedMain] [RepositoryComponentProvider:476] - Identified candidate component class: file [C:\Users\eyese\lys_mjc813Exam\food_web\target\classes\com\mjc813\food_web\member\service\MemberRepository.class]
DEBUG 25-09-03 19:50:30[restartedMain] [ClassPathScanningCandidateComponentProvider:476] - Identified candidate component class: file [C:\Users\eyese\lys_mjc813Exam\food_web\target\classes\com\mjc813\food_web\food\dto\FoodIngsRequestDto$FoodIngsRequestDtoBuilderImpl.class]
DEBUG 25-09-03 19:50:30[restartedMain] [ClassPathScanningCandidateComponentProvider:476] - Identified candidate component class: file [C:\Users\eyese\lys_mjc813Exam\food_web\target\classes\com\mjc813\food_web\food\dto\FoodIngsResponseDto$FoodIngsResponseDtoBuilderImpl.class]
INFO  25-09-03 19:50:30[restartedMain] [RepositoryConfigurationDelegate:213] - Finished Spring Data repository scanning in 77 ms. Found 7 JPA repository interfaces.
DEBUG 25-09-03 19:50:30[restartedMain] [DefaultListableBeanFactory:308] - Creating shared instance of singleton bean 'springSecurityPathPatternParserBeanDefinitionRegistryPostProcessor'
DEBUG 25-09-03 19:50:30[restartedMain] [DefaultListableBeanFactory:308] - Creating shared instance of singleton bean 'springSecurityHandlerMappingIntrospectorBeanDefinitionRegistryPostProcessor'
DEBUG 25-09-03 19:50:30[restartedMain] [DefaultListableBeanFactory:308] - Creating shared instance of singleton bean 'org.mybatis.spring.mapper.MapperScannerConfigurer'
DEBUG 25-09-03 19:50:30[restartedMain] [DefaultListableBeanFactory:308] - Creating shared instance of singleton bean 'propertySourcesPlaceholderConfigurer'
DEBUG 25-09-03 19:50:30[restartedMain] [LogFactory:112] - Logging initialized using 'class org.apache.ibatis.logging.slf4j.Slf4jImpl' adapter.
DEBUG 25-09-03 19:50:30[restartedMain] [ClassPathMapperScanner:476] - Identified candidate component class: file [C:\Users\eyese\lys_mjc813Exam\food_web\target\classes\com\mjc813\food_web\food\service\FoodMapper.class]
DEBUG 25-09-03 19:50:30[restartedMain] [ClassPathMapperScanner:476] - Identified candidate component class: file [C:\Users\eyese\lys_mjc813Exam\food_web\target\classes\com\mjc813\food_web\food_category\service\FoodCategoryMapper.class]
DEBUG 25-09-03 19:50:30[restartedMain] [ClassPathMapperScanner:476] - Identified candidate component class: file [C:\Users\eyese\lys_mjc813Exam\food_web\target\classes\com\mjc813\food_web\food_ingredient\service\FoodIngredientMapper.class]
DEBUG 25-09-03 19:50:30[restartedMain] [ClassPathMapperScanner:476] - Identified candidate component class: file [C:\Users\eyese\lys_mjc813Exam\food_web\target\classes\com\mjc813\food_web\ingredient\service\IngredientMapper.class]
DEBUG 25-09-03 19:50:30[restartedMain] [ClassPathMapperScanner:476] - Identified candidate component class: file [C:\Users\eyese\lys_mjc813Exam\food_web\target\classes\com\mjc813\food_web\ingredient_category\service\IngredientCategoryMapper.class]
DEBUG 25-09-03 19:50:30[restartedMain] [ClassPathMapperScanner:476] - Identified candidate component class: file [C:\Users\eyese\lys_mjc813Exam\food_web\target\classes\com\mjc813\food_web\member\service\IMemberMybatis.class]
DEBUG 25-09-03 19:50:30[restartedMain] [ClassPathMapperScanner:49] - Creating MapperFactoryBean with name 'foodMapper' and 'com.mjc813.food_web.food.service.FoodMapper' mapperInterface
DEBUG 25-09-03 19:50:30[restartedMain] [ClassPathMapperScanner:49] - Creating MapperFactoryBean with name 'foodCategoryMapper' and 'com.mjc813.food_web.food_category.service.FoodCategoryMapper' mapperInterface
DEBUG 25-09-03 19:50:30[restartedMain] [ClassPathMapperScanner:49] - Creating MapperFactoryBean with name 'foodIngredientMapper' and 'com.mjc813.food_web.food_ingredient.service.FoodIngredientMapper' mapperInterface
DEBUG 25-09-03 19:50:30[restartedMain] [ClassPathMapperScanner:49] - Creating MapperFactoryBean with name 'ingredientMapper' and 'com.mjc813.food_web.ingredient.service.IngredientMapper' mapperInterface
DEBUG 25-09-03 19:50:30[restartedMain] [ClassPathMapperScanner:49] - Creating MapperFactoryBean with name 'ingredientCategoryMapper' and 'com.mjc813.food_web.ingredient_category.service.IngredientCategoryMapper' mapperInterface
DEBUG 25-09-03 19:50:30[restartedMain] [ClassPathMapperScanner:49] - Creating MapperFactoryBean with name 'IMemberMybatis' and 'com.mjc813.food_web.member.service.IMemberMybatis' mapperInterface
DEBUG 25-09-03 19:50:30[restartedMain] [DefaultListableBeanFactory:308] - Creating shared instance of singleton bean 'emBeanDefinitionRegistrarPostProcessor'
DEBUG 25-09-03 19:50:30[restartedMain] [DefaultListableBeanFactory:308] - Creating shared instance of singleton bean 'org.springframework.boot.sql.init.dependency.DatabaseInitializationDependencyConfigurer$DependsOnDatabaseInitializationPostProcessor'
DEBUG 25-09-03 19:50:30[restartedMain] [DefaultListableBeanFactory:308] - Creating shared instance of singleton bean 'org.springframework.boot.devtools.autoconfigure.DevToolsDataSourceAutoConfiguration$DatabaseShutdownExecutorEntityManagerFactoryDependsOnPostProcessor'
DEBUG 25-09-03 19:50:30[restartedMain] [DefaultListableBeanFactory:308] - Creating shared instance of singleton bean 'org.springframework.context.event.internalEventListenerProcessor'
DEBUG 25-09-03 19:50:30[restartedMain] [DefaultListableBeanFactory:308] - Creating shared instance of singleton bean 'conversionServicePostProcessor'
DEBUG 25-09-03 19:50:30[restartedMain] [DefaultListableBeanFactory:308] - Creating shared instance of singleton bean 'bootstrapExecutorAliasPostProcessor'
DEBUG 25-09-03 19:50:30[restartedMain] [DefaultListableBeanFactory:308] - Creating shared instance of singleton bean 'preserveErrorControllerTargetClassPostProcessor'
DEBUG 25-09-03 19:50:30[restartedMain] [DefaultListableBeanFactory:308] - Creating shared instance of singleton bean 'org.springframework.context.event.internalEventListenerFactory'
DEBUG 25-09-03 19:50:30[restartedMain] [DefaultListableBeanFactory:308] - Creating shared instance of singleton bean 'org.springframework.transaction.config.internalTransactionalEventListenerFactory'
DEBUG 25-09-03 19:50:30[restartedMain] [DefaultListableBeanFactory:308] - Creating shared instance of singleton bean 'org.springframework.context.annotation.internalAutowiredAnnotationProcessor'
DEBUG 25-09-03 19:50:30[restartedMain] [DefaultListableBeanFactory:308] - Creating shared instance of singleton bean 'org.springframework.context.annotation.internalCommonAnnotationProcessor'
DEBUG 25-09-03 19:50:30[restartedMain] [DefaultListableBeanFactory:308] - Creating shared instance of singleton bean 'org.springframework.context.annotation.internalPersistenceAnnotationProcessor'
DEBUG 25-09-03 19:50:30[restartedMain] [DefaultListableBeanFactory:308] - Creating shared instance of singleton bean 'org.springframework.boot.context.properties.ConfigurationPropertiesBindingPostProcessor'
DEBUG 25-09-03 19:50:30[restartedMain] [DefaultListableBeanFactory:308] - Creating shared instance of singleton bean 'org.springframework.boot.context.internalConfigurationPropertiesBinder'
DEBUG 25-09-03 19:50:30[restartedMain] [DefaultListableBeanFactory:308] - Creating shared instance of singleton bean 'jdbcConnectionDetailsHikariBeanPostProcessor'
DEBUG 25-09-03 19:50:30[restartedMain] [DefaultListableBeanFactory:308] - Creating shared instance of singleton bean 'methodValidationPostProcessor'
DEBUG 25-09-03 19:50:30[restartedMain] [DefaultListableBeanFactory:954] - Autowiring by type from bean name 'methodValidationPostProcessor' via factory method to bean named 'environment'
DEBUG 25-09-03 19:50:30[restartedMain] [DefaultListableBeanFactory:308] - Creating shared instance of singleton bean 'org.springframework.boot.context.properties.EnableConfigurationPropertiesRegistrar.methodValidationExcludeFilter'
DEBUG 25-09-03 19:50:30[restartedMain] [DefaultListableBeanFactory:308] - Creating shared instance of singleton bean 'org.springframework.aop.config.internalAutoProxyCreator'
DEBUG 25-09-03 19:50:30[restartedMain] [DefaultListableBeanFactory:308] - Creating shared instance of singleton bean 'persistenceExceptionTranslationPostProcessor'
DEBUG 25-09-03 19:50:30[restartedMain] [DefaultListableBeanFactory:954] - Autowiring by type from bean name 'persistenceExceptionTranslationPostProcessor' via factory method to bean named 'environment'
DEBUG 25-09-03 19:50:30[restartedMain] [DefaultListableBeanFactory:308] - Creating shared instance of singleton bean 'webServerFactoryCustomizerBeanPostProcessor'
DEBUG 25-09-03 19:50:30[restartedMain] [DefaultListableBeanFactory:308] - Creating shared instance of singleton bean 'errorPageRegistrarBeanPostProcessor'
DEBUG 25-09-03 19:50:30[restartedMain] [DefaultListableBeanFactory:308] - Creating shared instance of singleton bean 'projectingArgumentResolverBeanPostProcessor'
DEBUG 25-09-03 19:50:30[restartedMain] [DefaultListableBeanFactory:308] - Creating shared instance of singleton bean 'org.springframework.transaction.config.internalTransactionAdvisor'
DEBUG 25-09-03 19:50:30[restartedMain] [DefaultListableBeanFactory:308] - Creating shared instance of singleton bean 'org.springframework.transaction.annotation.ProxyTransactionManagementConfiguration'
DEBUG 25-09-03 19:50:30[restartedMain] [DefaultListableBeanFactory:308] - Creating shared instance of singleton bean 'transactionAttributeSource'
DEBUG 25-09-03 19:50:30[restartedMain] [DefaultListableBeanFactory:308] - Creating shared instance of singleton bean 'transactionInterceptor'
DEBUG 25-09-03 19:50:30[restartedMain] [DefaultListableBeanFactory:954] - Autowiring by type from bean name 'transactionInterceptor' via factory method to bean named 'transactionAttributeSource'
DEBUG 25-09-03 19:50:30[restartedMain] [DefaultListableBeanFactory:954] - Autowiring by type from bean name 'org.springframework.transaction.config.internalTransactionAdvisor' via factory method to bean named 'transactionAttributeSource'
DEBUG 25-09-03 19:50:30[restartedMain] [DefaultListableBeanFactory:954] - Autowiring by type from bean name 'org.springframework.transaction.config.internalTransactionAdvisor' via factory method to bean named 'transactionInterceptor'
DEBUG 25-09-03 19:50:30[restartedMain] [UiApplicationContextUtils:86] - Unable to locate ThemeSource with name 'themeSource': using default [org.springframework.ui.context.support.ResourceBundleThemeSource@6c881128]
DEBUG 25-09-03 19:50:30[restartedMain] [DefaultListableBeanFactory:308] - Creating shared instance of singleton bean 'tomcatServletWebServerFactory'
DEBUG 25-09-03 19:50:30[restartedMain] [DefaultListableBeanFactory:308] - Creating shared instance of singleton bean 'org.springframework.boot.autoconfigure.web.servlet.ServletWebServerFactoryConfiguration$EmbeddedTomcat'
DEBUG 25-09-03 19:50:30[restartedMain] [DefaultListableBeanFactory:308] - Creating shared instance of singleton bean 'websocketServletWebServerCustomizer'
DEBUG 25-09-03 19:50:30[restartedMain] [DefaultListableBeanFactory:308] - Creating shared instance of singleton bean 'org.springframework.boot.autoconfigure.websocket.servlet.WebSocketServletAutoConfiguration$TomcatWebSocketConfiguration'
DEBUG 25-09-03 19:50:30[restartedMain] [DefaultListableBeanFactory:308] - Creating shared instance of singleton bean 'servletWebServerFactoryCustomizer'
DEBUG 25-09-03 19:50:30[restartedMain] [DefaultListableBeanFactory:308] - Creating shared instance of singleton bean 'org.springframework.boot.autoconfigure.web.servlet.ServletWebServerFactoryAutoConfiguration'
DEBUG 25-09-03 19:50:30[restartedMain] [DefaultListableBeanFactory:308] - Creating shared instance of singleton bean 'server-org.springframework.boot.autoconfigure.web.ServerProperties'
DEBUG 25-09-03 19:50:30[restartedMain] [DefaultListableBeanFactory:308] - Creating shared instance of singleton bean 'org.springframework.boot.context.properties.BoundConfigurationProperties'
DEBUG 25-09-03 19:50:30[restartedMain] [DefaultListableBeanFactory:954] - Autowiring by type from bean name 'servletWebServerFactoryCustomizer' via factory method to bean named 'server-org.springframework.boot.autoconfigure.web.ServerProperties'
DEBUG 25-09-03 19:50:30[restartedMain] [DefaultListableBeanFactory:308] - Creating shared instance of singleton bean 'sslBundleRegistry'
DEBUG 25-09-03 19:50:30[restartedMain] [DefaultListableBeanFactory:308] - Creating shared instance of singleton bean 'org.springframework.boot.autoconfigure.ssl.SslAutoConfiguration'
DEBUG 25-09-03 19:50:30[restartedMain] [DefaultListableBeanFactory:308] - Creating shared instance of singleton bean 'spring.ssl-org.springframework.boot.autoconfigure.ssl.SslProperties'
DEBUG 25-09-03 19:50:30[restartedMain] [DefaultListableBeanFactory:954] - Autowiring by type from bean name 'org.springframework.boot.autoconfigure.ssl.SslAutoConfiguration' via constructor to bean named 'org.springframework.boot.web.servlet.context.AnnotationConfigServletWebServerApplicationContext@639fe74c'
DEBUG 25-09-03 19:50:30[restartedMain] [DefaultListableBeanFactory:954] - Autowiring by type from bean name 'org.springframework.boot.autoconfigure.ssl.SslAutoConfiguration' via constructor to bean named 'spring.ssl-org.springframework.boot.autoconfigure.ssl.SslProperties'
DEBUG 25-09-03 19:50:30[restartedMain] [DefaultListableBeanFactory:308] - Creating shared instance of singleton bean 'sslPropertiesSslBundleRegistrar'
DEBUG 25-09-03 19:50:30[restartedMain] [DefaultListableBeanFactory:308] - Creating shared instance of singleton bean 'fileWatcher'
DEBUG 25-09-03 19:50:30[restartedMain] [DefaultListableBeanFactory:954] - Autowiring by type from bean name 'sslPropertiesSslBundleRegistrar' via factory method to bean named 'fileWatcher'
DEBUG 25-09-03 19:50:30[restartedMain] [DefaultListableBeanFactory:308] - Creating shared instance of singleton bean 'tomcatServletWebServerFactoryCustomizer'
DEBUG 25-09-03 19:50:30[restartedMain] [DefaultListableBeanFactory:954] - Autowiring by type from bean name 'tomcatServletWebServerFactoryCustomizer' via factory method to bean named 'server-org.springframework.boot.autoconfigure.web.ServerProperties'
DEBUG 25-09-03 19:50:30[restartedMain] [DefaultListableBeanFactory:308] - Creating shared instance of singleton bean 'tomcatWebServerFactoryCustomizer'
DEBUG 25-09-03 19:50:30[restartedMain] [DefaultListableBeanFactory:308] - Creating shared instance of singleton bean 'org.springframework.boot.autoconfigure.web.embedded.EmbeddedWebServerFactoryCustomizerAutoConfiguration$TomcatWebServerFactoryCustomizerConfiguration'
DEBUG 25-09-03 19:50:30[restartedMain] [DefaultListableBeanFactory:954] - Autowiring by type from bean name 'tomcatWebServerFactoryCustomizer' via factory method to bean named 'environment'
DEBUG 25-09-03 19:50:30[restartedMain] [DefaultListableBeanFactory:954] - Autowiring by type from bean name 'tomcatWebServerFactoryCustomizer' via factory method to bean named 'server-org.springframework.boot.autoconfigure.web.ServerProperties'
DEBUG 25-09-03 19:50:30[restartedMain] [DefaultListableBeanFactory:308] - Creating shared instance of singleton bean 'localeCharsetMappingsCustomizer'
DEBUG 25-09-03 19:50:30[restartedMain] [DefaultListableBeanFactory:308] - Creating shared instance of singleton bean 'org.springframework.boot.autoconfigure.web.servlet.HttpEncodingAutoConfiguration'
DEBUG 25-09-03 19:50:30[restartedMain] [DefaultListableBeanFactory:954] - Autowiring by type from bean name 'org.springframework.boot.autoconfigure.web.servlet.HttpEncodingAutoConfiguration' via constructor to bean named 'server-org.springframework.boot.autoconfigure.web.ServerProperties'
DEBUG 25-09-03 19:50:30[restartedMain] [DefaultListableBeanFactory:308] - Creating shared instance of singleton bean 'errorPageCustomizer'
DEBUG 25-09-03 19:50:30[restartedMain] [DefaultListableBeanFactory:308] - Creating shared instance of singleton bean 'org.springframework.boot.autoconfigure.web.servlet.error.ErrorMvcAutoConfiguration'
DEBUG 25-09-03 19:50:30[restartedMain] [DefaultListableBeanFactory:954] - Autowiring by type from bean name 'org.springframework.boot.autoconfigure.web.servlet.error.ErrorMvcAutoConfiguration' via constructor to bean named 'server-org.springframework.boot.autoconfigure.web.ServerProperties'
DEBUG 25-09-03 19:50:30[restartedMain] [DefaultListableBeanFactory:308] - Creating shared instance of singleton bean 'dispatcherServletRegistration'
DEBUG 25-09-03 19:50:30[restartedMain] [DefaultListableBeanFactory:308] - Creating shared instance of singleton bean 'org.springframework.boot.autoconfigure.web.servlet.DispatcherServletAutoConfiguration$DispatcherServletRegistrationConfiguration'
DEBUG 25-09-03 19:50:30[restartedMain] [DefaultListableBeanFactory:308] - Creating shared instance of singleton bean 'dispatcherServlet'
DEBUG 25-09-03 19:50:30[restartedMain] [DefaultListableBeanFactory:308] - Creating shared instance of singleton bean 'org.springframework.boot.autoconfigure.web.servlet.DispatcherServletAutoConfiguration$DispatcherServletConfiguration'
DEBUG 25-09-03 19:50:30[restartedMain] [DefaultListableBeanFactory:308] - Creating shared instance of singleton bean 'spring.mvc-org.springframework.boot.autoconfigure.web.servlet.WebMvcProperties'
DEBUG 25-09-03 19:50:30[restartedMain] [DefaultListableBeanFactory:954] - Autowiring by type from bean name 'dispatcherServlet' via factory method to bean named 'spring.mvc-org.springframework.boot.autoconfigure.web.servlet.WebMvcProperties'
DEBUG 25-09-03 19:50:30[restartedMain] [DefaultListableBeanFactory:954] - Autowiring by type from bean name 'dispatcherServletRegistration' via factory method to bean named 'dispatcherServlet'
DEBUG 25-09-03 19:50:30[restartedMain] [DefaultListableBeanFactory:954] - Autowiring by type from bean name 'dispatcherServletRegistration' via factory method to bean named 'spring.mvc-org.springframework.boot.autoconfigure.web.servlet.WebMvcProperties'
DEBUG 25-09-03 19:50:30[restartedMain] [DefaultListableBeanFactory:308] - Creating shared instance of singleton bean 'multipartConfigElement'
DEBUG 25-09-03 19:50:30[restartedMain] [DefaultListableBeanFactory:308] - Creating shared instance of singleton bean 'org.springframework.boot.autoconfigure.web.servlet.MultipartAutoConfiguration'
DEBUG 25-09-03 19:50:30[restartedMain] [DefaultListableBeanFactory:308] - Creating shared instance of singleton bean 'spring.servlet.multipart-org.springframework.boot.autoconfigure.web.servlet.MultipartProperties'
DEBUG 25-09-03 19:50:30[restartedMain] [DefaultListableBeanFactory:954] - Autowiring by type from bean name 'org.springframework.boot.autoconfigure.web.servlet.MultipartAutoConfiguration' via constructor to bean named 'spring.servlet.multipart-org.springframework.boot.autoconfigure.web.servlet.MultipartProperties'
DEBUG 25-09-03 19:50:30[restartedMain] [DefaultListableBeanFactory:954] - Autowiring by type from bean name 'errorPageCustomizer' via factory method to bean named 'dispatcherServletRegistration'
DEBUG 25-09-03 19:50:30[restartedMain] [TomcatServletWebServerFactory:81] - Code archive: C:\Users\eyese\.m2\repository\org\springframework\boot\spring-boot\3.5.4\spring-boot-3.5.4.jar
DEBUG 25-09-03 19:50:30[restartedMain] [TomcatServletWebServerFactory:125] - Code archive: C:\Users\eyese\.m2\repository\org\springframework\boot\spring-boot\3.5.4\spring-boot-3.5.4.jar
DEBUG 25-09-03 19:50:30[restartedMain] [TomcatServletWebServerFactory:149] - None of the document roots [src/main/webapp, public, static] point to a directory and will be ignored.
INFO  25-09-03 19:50:30[restartedMain] [TomcatWebServer:111] - Tomcat initialized with port 8866 (http)
INFO  25-09-03 19:50:30[restartedMain] [Http11NioProtocol:168] - Initializing ProtocolHandler ["http-nio-8866"]
INFO  25-09-03 19:50:30[restartedMain] [StandardService:168] - Starting service [Tomcat]
INFO  25-09-03 19:50:30[restartedMain] [StandardEngine:168] - Starting Servlet engine: [Apache Tomcat/10.1.43]
INFO  25-09-03 19:50:30[restartedMain] [[/]:168] - Initializing Spring embedded WebApplicationContext
DEBUG 25-09-03 19:50:30[restartedMain] [ServletWebServerApplicationContext:295] - Published root WebApplicationContext as ServletContext attribute with name [org.springframework.web.context.WebApplicationContext.ROOT]
INFO  25-09-03 19:50:30[restartedMain] [ServletWebServerApplicationContext:301] - Root WebApplicationContext: initialization completed in 1746 ms
DEBUG 25-09-03 19:50:30[restartedMain] [DefaultListableBeanFactory:308] - Creating shared instance of singleton bean 'securityFilterChainRegistration'
DEBUG 25-09-03 19:50:30[restartedMain] [DefaultListableBeanFactory:308] - Creating shared instance of singleton bean 'org.springframework.boot.autoconfigure.security.servlet.SecurityFilterAutoConfiguration'
DEBUG 25-09-03 19:50:30[restartedMain] [DefaultListableBeanFactory:308] - Creating shared instance of singleton bean 'spring.security-org.springframework.boot.autoconfigure.security.SecurityProperties'
DEBUG 25-09-03 19:50:30[restartedMain] [DefaultListableBeanFactory:954] - Autowiring by type from bean name 'securityFilterChainRegistration' via factory method to bean named 'spring.security-org.springframework.boot.autoconfigure.security.SecurityProperties'
DEBUG 25-09-03 19:50:30[restartedMain] [DefaultListableBeanFactory:308] - Creating shared instance of singleton bean 'daoAuthTokenFilter'
DEBUG 25-09-03 19:50:30[restartedMain] [DefaultListableBeanFactory:308] - Creating shared instance of singleton bean 'webSecurityConfig'
DEBUG 25-09-03 19:50:30[restartedMain] [DefaultListableBeanFactory:308] - Creating shared instance of singleton bean 'encoder'
DEBUG 25-09-03 19:50:30[restartedMain] [DefaultListableBeanFactory:308] - Creating shared instance of singleton bean 'myPasswordEncoder'
DEBUG 25-09-03 19:50:30[restartedMain] [DefaultListableBeanFactory:308] - Creating shared instance of singleton bean 'memberService'
DEBUG 25-09-03 19:50:30[restartedMain] [DefaultListableBeanFactory:308] - Creating shared instance of singleton bean 'IMemberMybatis'
DEBUG 25-09-03 19:50:30[restartedMain] [DefaultListableBeanFactory:308] - Creating shared instance of singleton bean 'dataSourceScriptDatabaseInitializer'
DEBUG 25-09-03 19:50:30[restartedMain] [DefaultListableBeanFactory:308] - Creating shared instance of singleton bean 'org.springframework.boot.autoconfigure.sql.init.DataSourceInitializationConfiguration'
DEBUG 25-09-03 19:50:30[restartedMain] [DefaultListableBeanFactory:308] - Creating shared instance of singleton bean 'dataSource'
DEBUG 25-09-03 19:50:30[restartedMain] [DefaultListableBeanFactory:308] - Creating shared instance of singleton bean 'org.springframework.boot.autoconfigure.jdbc.DataSourceConfiguration$Hikari'
DEBUG 25-09-03 19:50:30[restartedMain] [DefaultListableBeanFactory:308] - Creating shared instance of singleton bean 'spring.datasource-org.springframework.boot.autoconfigure.jdbc.DataSourceProperties'
DEBUG 25-09-03 19:50:30[restartedMain] [DefaultListableBeanFactory:308] - Creating shared instance of singleton bean 'jdbcConnectionDetails'
DEBUG 25-09-03 19:50:30[restartedMain] [DefaultListableBeanFactory:308] - Creating shared instance of singleton bean 'org.springframework.boot.autoconfigure.jdbc.DataSourceAutoConfiguration$PooledDataSourceConfiguration'
DEBUG 25-09-03 19:50:30[restartedMain] [DefaultListableBeanFactory:954] - Autowiring by type from bean name 'jdbcConnectionDetails' via factory method to bean named 'spring.datasource-org.springframework.boot.autoconfigure.jdbc.DataSourceProperties'
DEBUG 25-09-03 19:50:30[restartedMain] [DefaultListableBeanFactory:954] - Autowiring by type from bean name 'dataSource' via factory method to bean named 'spring.datasource-org.springframework.boot.autoconfigure.jdbc.DataSourceProperties'
DEBUG 25-09-03 19:50:30[restartedMain] [DefaultListableBeanFactory:954] - Autowiring by type from bean name 'dataSource' via factory method to bean named 'jdbcConnectionDetails'
DEBUG 25-09-03 19:50:30[restartedMain] [DefaultListableBeanFactory:954] - Autowiring by type from bean name 'dataSource' via factory method to bean named 'environment'
DEBUG 25-09-03 19:50:30[restartedMain] [HikariConfig:1026] - Class net.sf.log4jdbc.sql.jdbcapi.DriverSpy found in Thread context class loader TomcatEmbeddedWebappClassLoader
  context: ROOT
  delegate: true
----------> Parent Classloader:
org.springframework.boot.devtools.restart.classloader.RestartClassLoader@259429c6

DEBUG 25-09-03 19:50:30[restartedMain] [debug:372] - log4jdbc-logj2 properties initialization...
DEBUG 25-09-03 19:50:30[restartedMain] [debug:372] - Using logger: null
DEBUG 25-09-03 19:50:30[restartedMain] [debug:372] - x log4jdbc.debug.stack.prefix is not defined
DEBUG 25-09-03 19:50:30[restartedMain] [debug:372] - x log4jdbc.sqltiming.warn.threshold is not defined
DEBUG 25-09-03 19:50:30[restartedMain] [debug:372] - x log4jdbc.sqltiming.error.threshold is not defined
DEBUG 25-09-03 19:50:30[restartedMain] [debug:372] - x log4jdbc.dump.booleanastruefalse is not defined (using default value false)
DEBUG 25-09-03 19:50:30[restartedMain] [debug:372] - x log4jdbc.dump.sql.maxlinelength is not defined (using default of 90)
DEBUG 25-09-03 19:50:30[restartedMain] [debug:372] - x log4jdbc.dump.fulldebugstacktrace is not defined (using default value false)
DEBUG 25-09-03 19:50:30[restartedMain] [debug:372] - x log4jdbc.statement.warn is not defined (using default value false)
DEBUG 25-09-03 19:50:30[restartedMain] [debug:372] - x log4jdbc.dump.sql.select is not defined (using default value true)
DEBUG 25-09-03 19:50:30[restartedMain] [debug:372] - x log4jdbc.dump.sql.insert is not defined (using default value true)
DEBUG 25-09-03 19:50:30[restartedMain] [debug:372] - x log4jdbc.dump.sql.update is not defined (using default value true)
DEBUG 25-09-03 19:50:30[restartedMain] [debug:372] - x log4jdbc.dump.sql.delete is not defined (using default value true)
DEBUG 25-09-03 19:50:30[restartedMain] [debug:372] - x log4jdbc.dump.sql.create is not defined (using default value true)
DEBUG 25-09-03 19:50:30[restartedMain] [debug:372] - x log4jdbc.dump.sql.addsemicolon is not defined (using default value false)
DEBUG 25-09-03 19:50:30[restartedMain] [debug:372] - x log4jdbc.auto.load.popular.drivers is not defined (using default value true)
DEBUG 25-09-03 19:50:30[restartedMain] [debug:372] - x log4jdbc.drivers is not defined
DEBUG 25-09-03 19:50:30[restartedMain] [debug:372] - x log4jdbc.trim.sql is not defined (using default value true)
DEBUG 25-09-03 19:50:30[restartedMain] [debug:372] - x log4jdbc.trim.sql.extrablanklines is not defined (using default value true)
DEBUG 25-09-03 19:50:30[restartedMain] [debug:372] - x log4jdbc.suppress.generated.keys.exception is not defined (using default value false)
DEBUG 25-09-03 19:50:30[restartedMain] [debug:372] - log4jdbc-logj2 properties initialization done.
DEBUG 25-09-03 19:50:30[restartedMain] [debug:372] - DriverSpy intialization...
DEBUG 25-09-03 19:50:30[restartedMain] [debug:372] -   FOUND DRIVER com.mysql.jdbc.Driver
DEBUG 25-09-03 19:50:30[restartedMain] [debug:372] - DriverSpy intialization done.
DEBUG 25-09-03 19:50:30[restartedMain] [DefaultListableBeanFactory:308] - Creating shared instance of singleton bean 'spring.sql.init-org.springframework.boot.autoconfigure.sql.init.SqlInitializationProperties'
DEBUG 25-09-03 19:50:30[restartedMain] [DefaultListableBeanFactory:954] - Autowiring by type from bean name 'dataSourceScriptDatabaseInitializer' via factory method to bean named 'dataSource'
DEBUG 25-09-03 19:50:30[restartedMain] [DefaultListableBeanFactory:954] - Autowiring by type from bean name 'dataSourceScriptDatabaseInitializer' via factory method to bean named 'spring.sql.init-org.springframework.boot.autoconfigure.sql.init.SqlInitializationProperties'
DEBUG 25-09-03 19:50:30[restartedMain] [DefaultListableBeanFactory:308] - Creating shared instance of singleton bean 'sqlSessionTemplate'
DEBUG 25-09-03 19:50:30[restartedMain] [DefaultListableBeanFactory:308] - Creating shared instance of singleton bean 'org.mybatis.spring.boot.autoconfigure.MybatisAutoConfiguration'
DEBUG 25-09-03 19:50:30[restartedMain] [DefaultListableBeanFactory:308] - Creating shared instance of singleton bean 'mybatis-org.mybatis.spring.boot.autoconfigure.MybatisProperties'
DEBUG 25-09-03 19:50:31[restartedMain] [DefaultListableBeanFactory:954] - Autowiring by type from bean name 'org.mybatis.spring.boot.autoconfigure.MybatisAutoConfiguration' via constructor to bean named 'mybatis-org.mybatis.spring.boot.autoconfigure.MybatisProperties'
DEBUG 25-09-03 19:50:31[restartedMain] [DefaultListableBeanFactory:954] - Autowiring by type from bean name 'org.mybatis.spring.boot.autoconfigure.MybatisAutoConfiguration' via constructor to bean named 'org.springframework.boot.web.servlet.context.AnnotationConfigServletWebServerApplicationContext@639fe74c'
DEBUG 25-09-03 19:50:31[restartedMain] [DefaultListableBeanFactory:308] - Creating shared instance of singleton bean 'sqlSessionFactory'
DEBUG 25-09-03 19:50:31[restartedMain] [DefaultListableBeanFactory:954] - Autowiring by type from bean name 'sqlSessionFactory' via factory method to bean named 'dataSource'
DEBUG 25-09-03 19:50:31[restartedMain] [SqlSessionFactoryBean:49] - Parsed mapper file: 'file [C:\Users\eyese\lys_mjc813Exam\food_web\target\classes\mapper\food\food_mysql.xml]'
DEBUG 25-09-03 19:50:31[restartedMain] [SqlSessionFactoryBean:49] - Parsed mapper file: 'file [C:\Users\eyese\lys_mjc813Exam\food_web\target\classes\mapper\food_category\food_category_mysql.xml]'
DEBUG 25-09-03 19:50:31[restartedMain] [SqlSessionFactoryBean:49] - Parsed mapper file: 'file [C:\Users\eyese\lys_mjc813Exam\food_web\target\classes\mapper\food_ingredient\food_ingredient_mysql.xml]'
DEBUG 25-09-03 19:50:31[restartedMain] [SqlSessionFactoryBean:49] - Parsed mapper file: 'file [C:\Users\eyese\lys_mjc813Exam\food_web\target\classes\mapper\ingredient\ingredient_mysql.xml]'
DEBUG 25-09-03 19:50:31[restartedMain] [SqlSessionFactoryBean:49] - Parsed mapper file: 'file [C:\Users\eyese\lys_mjc813Exam\food_web\target\classes\mapper\ingredient_category\ingredient_category_mysql.xml]'
DEBUG 25-09-03 19:50:31[restartedMain] [SqlSessionFactoryBean:49] - Parsed mapper file: 'file [C:\Users\eyese\lys_mjc813Exam\food_web\target\classes\mapper\member\member_mysql.xml]'
DEBUG 25-09-03 19:50:31[restartedMain] [DefaultListableBeanFactory:954] - Autowiring by type from bean name 'sqlSessionTemplate' via factory method to bean named 'sqlSessionFactory'
DEBUG 25-09-03 19:50:31[restartedMain] [DefaultListableBeanFactory:308] - Creating shared instance of singleton bean 'memberRepository'
DEBUG 25-09-03 19:50:31[restartedMain] [DefaultListableBeanFactory:308] - Creating shared instance of singleton bean 'jpa.named-queries#5'
DEBUG 25-09-03 19:50:31[restartedMain] [DefaultListableBeanFactory:308] - Creating shared instance of singleton bean 'jpa.MemberRepository.fragments#0'
DEBUG 25-09-03 19:50:31[restartedMain] [DefaultListableBeanFactory:308] - Creating shared instance of singleton bean 'jpaSharedEM_entityManagerFactory'
DEBUG 25-09-03 19:50:31[restartedMain] [DefaultListableBeanFactory:308] - Creating shared instance of singleton bean 'inMemoryDatabaseShutdownExecutor'
DEBUG 25-09-03 19:50:31[restartedMain] [DefaultListableBeanFactory:308] - Creating shared instance of singleton bean 'org.springframework.boot.devtools.autoconfigure.DevToolsDataSourceAutoConfiguration'
DEBUG 25-09-03 19:50:31[restartedMain] [DefaultListableBeanFactory:954] - Autowiring by type from bean name 'inMemoryDatabaseShutdownExecutor' via factory method to bean named 'dataSource'
DEBUG 25-09-03 19:50:31[restartedMain] [DefaultListableBeanFactory:954] - Autowiring by type from bean name 'inMemoryDatabaseShutdownExecutor' via factory method to bean named 'spring.datasource-org.springframework.boot.autoconfigure.jdbc.DataSourceProperties'
DEBUG 25-09-03 19:50:31[restartedMain] [DefaultListableBeanFactory:308] - Creating shared instance of singleton bean 'entityManagerFactory'
DEBUG 25-09-03 19:50:31[restartedMain] [DefaultListableBeanFactory:308] - Creating shared instance of singleton bean 'org.springframework.boot.autoconfigure.orm.jpa.HibernateJpaConfiguration'
DEBUG 25-09-03 19:50:31[restartedMain] [DefaultListableBeanFactory:308] - Creating shared instance of singleton bean 'spring.jpa-org.springframework.boot.autoconfigure.orm.jpa.JpaProperties'
DEBUG 25-09-03 19:50:31[restartedMain] [DefaultListableBeanFactory:308] - Creating shared instance of singleton bean 'spring.jpa.hibernate-org.springframework.boot.autoconfigure.orm.jpa.HibernateProperties'
DEBUG 25-09-03 19:50:31[restartedMain] [DefaultListableBeanFactory:954] - Autowiring by type from bean name 'org.springframework.boot.autoconfigure.orm.jpa.HibernateJpaConfiguration' via constructor to bean named 'dataSource'
DEBUG 25-09-03 19:50:31[restartedMain] [DefaultListableBeanFactory:954] - Autowiring by type from bean name 'org.springframework.boot.autoconfigure.orm.jpa.HibernateJpaConfiguration' via constructor to bean named 'spring.jpa-org.springframework.boot.autoconfigure.orm.jpa.JpaProperties'
DEBUG 25-09-03 19:50:31[restartedMain] [DefaultListableBeanFactory:954] - Autowiring by type from bean name 'org.springframework.boot.autoconfigure.orm.jpa.HibernateJpaConfiguration' via constructor to bean named 'org.springframework.beans.factory.support.DefaultListableBeanFactory@55c21081'
DEBUG 25-09-03 19:50:31[restartedMain] [DefaultListableBeanFactory:954] - Autowiring by type from bean name 'org.springframework.boot.autoconfigure.orm.jpa.HibernateJpaConfiguration' via constructor to bean named 'spring.jpa.hibernate-org.springframework.boot.autoconfigure.orm.jpa.HibernateProperties'
DEBUG 25-09-03 19:50:31[restartedMain] [DefaultListableBeanFactory:308] - Creating shared instance of singleton bean 'hikariPoolDataSourceMetadataProvider'
DEBUG 25-09-03 19:50:31[restartedMain] [DefaultListableBeanFactory:308] - Creating shared instance of singleton bean 'org.springframework.boot.autoconfigure.jdbc.metadata.DataSourcePoolMetadataProvidersConfiguration$HikariPoolDataSourceMetadataProviderConfiguration'
DEBUG 25-09-03 19:50:31[restartedMain] [DefaultListableBeanFactory:308] - Creating shared instance of singleton bean 'entityManagerFactoryBuilder'
DEBUG 25-09-03 19:50:31[restartedMain] [DefaultListableBeanFactory:308] - Creating shared instance of singleton bean 'jpaVendorAdapter'
DEBUG 25-09-03 19:50:31[restartedMain] [DefaultListableBeanFactory:954] - Autowiring by type from bean name 'entityManagerFactoryBuilder' via factory method to bean named 'jpaVendorAdapter'
DEBUG 25-09-03 19:50:31[restartedMain] [DefaultListableBeanFactory:308] - Creating shared instance of singleton bean 'persistenceManagedTypes'
DEBUG 25-09-03 19:50:31[restartedMain] [DefaultListableBeanFactory:954] - Autowiring by type from bean name 'persistenceManagedTypes' via factory method to bean named 'org.springframework.beans.factory.support.DefaultListableBeanFactory@55c21081'
DEBUG 25-09-03 19:50:31[restartedMain] [DefaultListableBeanFactory:954] - Autowiring by type from bean name 'persistenceManagedTypes' via factory method to bean named 'org.springframework.boot.web.servlet.context.AnnotationConfigServletWebServerApplicationContext@639fe74c'
DEBUG 25-09-03 19:50:31[restartedMain] [DefaultListableBeanFactory:954] - Autowiring by type from bean name 'entityManagerFactory' via factory method to bean named 'entityManagerFactoryBuilder'
DEBUG 25-09-03 19:50:31[restartedMain] [DefaultListableBeanFactory:954] - Autowiring by type from bean name 'entityManagerFactory' via factory method to bean named 'persistenceManagedTypes'
DEBUG 25-09-03 19:50:31[restartedMain] [LocalContainerEntityManagerFactoryBean:386] - Building JPA container EntityManagerFactory for persistence unit 'default'
DEBUG 25-09-03 19:50:31[restartedMain] [LogHelper:102] - PersistenceUnitInfo [
	name: default
	persistence provider classname: null
	classloader: TomcatEmbeddedWebappClassLoader
  context: ROOT
  delegate: true
----------> Parent Classloader:
org.springframework.boot.devtools.restart.classloader.RestartClassLoader@259429c6

	excludeUnlistedClasses: true
	JTA datasource: null
	Non JTA datasource: HikariDataSource (null)
	Transaction type: RESOURCE_LOCAL
	PU root URL: file:/C:/Users/eyese/lys_mjc813Exam/food_web/target/classes/
	Shared Cache Mode: UNSPECIFIED
	Validation Mode: AUTO
	Jar files URLs []
	Managed classes names [
		com.mjc813.food_web.food.dto.FoodEntity
		com.mjc813.food_web.food_category.dto.FoodCategoryEntity
		com.mjc813.food_web.food_file.dto.FoodFileEntity
		com.mjc813.food_web.food_ingredient.dto.FoodIngredientEntity
		com.mjc813.food_web.ingredient.dto.IngredientEntity
		com.mjc813.food_web.ingredient_category.dto.IngredientCategoryEntity
		com.mjc813.food_web.member.dto.MemberEntity]
	Mapping files names []
	Properties []
DEBUG 25-09-03 19:50:31[restartedMain] [IntegratorServiceImpl:51] - Adding Integrator [org.hibernate.boot.beanvalidation.BeanValidationIntegrator].
DEBUG 25-09-03 19:50:31[restartedMain] [IntegratorServiceImpl:51] - Adding Integrator [org.hibernate.cache.internal.CollectionCacheInvalidator].
INFO  25-09-03 19:50:31[restartedMain] [Version:44] - HHH000412: Hibernate ORM core version 6.6.22.Final
DEBUG 25-09-03 19:50:31[restartedMain] [Environment:163] - HHH000206: 'hibernate.properties' not found
DEBUG 25-09-03 19:50:31[restartedMain] [factory:173] - Registering IdentifierGenerator strategy [uuid2] -> [org.hibernate.id.UUIDGenerator]
DEBUG 25-09-03 19:50:31[restartedMain] [factory:173] - Registering IdentifierGenerator strategy [guid] -> [org.hibernate.id.GUIDGenerator]
DEBUG 25-09-03 19:50:31[restartedMain] [factory:173] - Registering IdentifierGenerator strategy [uuid] -> [org.hibernate.id.UUIDHexGenerator]
DEBUG 25-09-03 19:50:31[restartedMain] [factory:173] - Registering IdentifierGenerator strategy [uuid.hex] -> [org.hibernate.id.UUIDHexGenerator]
DEBUG 25-09-03 19:50:31[restartedMain] [factory:173] - Registering IdentifierGenerator strategy [assigned] -> [org.hibernate.id.Assigned]
DEBUG 25-09-03 19:50:31[restartedMain] [factory:173] - Registering IdentifierGenerator strategy [identity] -> [org.hibernate.id.IdentityGenerator]
DEBUG 25-09-03 19:50:31[restartedMain] [factory:173] - Registering IdentifierGenerator strategy [select] -> [org.hibernate.id.SelectGenerator]
DEBUG 25-09-03 19:50:31[restartedMain] [factory:173] - Registering IdentifierGenerator strategy [sequence] -> [org.hibernate.id.enhanced.SequenceStyleGenerator]
DEBUG 25-09-03 19:50:31[restartedMain] [factory:173] - Registering IdentifierGenerator strategy [increment] -> [org.hibernate.id.IncrementGenerator]
DEBUG 25-09-03 19:50:31[restartedMain] [factory:173] - Registering IdentifierGenerator strategy [foreign] -> [org.hibernate.id.ForeignGenerator]
DEBUG 25-09-03 19:50:31[restartedMain] [factory:173] - Registering IdentifierGenerator strategy [enhanced-sequence] -> [org.hibernate.id.enhanced.SequenceStyleGenerator]
DEBUG 25-09-03 19:50:31[restartedMain] [factory:173] - Registering IdentifierGenerator strategy [enhanced-table] -> [org.hibernate.id.enhanced.TableGenerator]
DEBUG 25-09-03 19:50:31[restartedMain] [RegionFactoryInitiator:122] - Cannot default RegionFactory based on registered strategies as `[]` RegionFactory strategies were registered
INFO  25-09-03 19:50:31[restartedMain] [RegionFactoryInitiator:50] - HHH000026: Second-level cache disabled
DEBUG 25-09-03 19:50:31[restartedMain] [BasicTypeRegistry:420] - Adding type registration boolean -> org.hibernate.type.BasicTypeReference@6a407870
DEBUG 25-09-03 19:50:31[restartedMain] [BasicTypeRegistry:420] - Adding type registration boolean -> org.hibernate.type.BasicTypeReference@6a407870
DEBUG 25-09-03 19:50:31[restartedMain] [BasicTypeRegistry:420] - Adding type registration java.lang.Boolean -> org.hibernate.type.BasicTypeReference@6a407870
DEBUG 25-09-03 19:50:31[restartedMain] [BasicTypeRegistry:420] - Adding type registration numeric_boolean -> org.hibernate.type.BasicTypeReference@191625a1
DEBUG 25-09-03 19:50:31[restartedMain] [BasicTypeRegistry:420] - Adding type registration org.hibernate.type.NumericBooleanConverter -> org.hibernate.type.BasicTypeReference@191625a1
DEBUG 25-09-03 19:50:31[restartedMain] [BasicTypeRegistry:420] - Adding type registration true_false -> org.hibernate.type.BasicTypeReference@4f15e8e1
DEBUG 25-09-03 19:50:31[restartedMain] [BasicTypeRegistry:420] - Adding type registration org.hibernate.type.TrueFalseConverter -> org.hibernate.type.BasicTypeReference@4f15e8e1
DEBUG 25-09-03 19:50:31[restartedMain] [BasicTypeRegistry:420] - Adding type registration yes_no -> org.hibernate.type.BasicTypeReference@7a3e866f
DEBUG 25-09-03 19:50:31[restartedMain] [BasicTypeRegistry:420] - Adding type registration org.hibernate.type.YesNoConverter -> org.hibernate.type.BasicTypeReference@7a3e866f
DEBUG 25-09-03 19:50:31[restartedMain] [BasicTypeRegistry:420] - Adding type registration byte -> org.hibernate.type.BasicTypeReference@6b9b8426
DEBUG 25-09-03 19:50:31[restartedMain] [BasicTypeRegistry:420] - Adding type registration byte -> org.hibernate.type.BasicTypeReference@6b9b8426
DEBUG 25-09-03 19:50:31[restartedMain] [BasicTypeRegistry:420] - Adding type registration java.lang.Byte -> org.hibernate.type.BasicTypeReference@6b9b8426
DEBUG 25-09-03 19:50:31[restartedMain] [BasicTypeRegistry:420] - Adding type registration binary -> org.hibernate.type.BasicTypeReference@53cc0144
DEBUG 25-09-03 19:50:31[restartedMain] [BasicTypeRegistry:420] - Adding type registration byte[] -> org.hibernate.type.BasicTypeReference@53cc0144
DEBUG 25-09-03 19:50:31[restartedMain] [BasicTypeRegistry:420] - Adding type registration [B -> org.hibernate.type.BasicTypeReference@53cc0144
DEBUG 25-09-03 19:50:31[restartedMain] [BasicTypeRegistry:420] - Adding type registration binary_wrapper -> org.hibernate.type.BasicTypeReference@67d4c4c
DEBUG 25-09-03 19:50:31[restartedMain] [BasicTypeRegistry:420] - Adding type registration wrapper-binary -> org.hibernate.type.BasicTypeReference@67d4c4c
DEBUG 25-09-03 19:50:31[restartedMain] [BasicTypeRegistry:420] - Adding type registration image -> org.hibernate.type.BasicTypeReference@20fca73
DEBUG 25-09-03 19:50:31[restartedMain] [BasicTypeRegistry:420] - Adding type registration blob -> org.hibernate.type.BasicTypeReference@1163ae00
DEBUG 25-09-03 19:50:31[restartedMain] [BasicTypeRegistry:420] - Adding type registration java.sql.Blob -> org.hibernate.type.BasicTypeReference@1163ae00
DEBUG 25-09-03 19:50:31[restartedMain] [BasicTypeRegistry:420] - Adding type registration materialized_blob -> org.hibernate.type.BasicTypeReference@4c21e282
DEBUG 25-09-03 19:50:31[restartedMain] [BasicTypeRegistry:420] - Adding type registration materialized_blob_wrapper -> org.hibernate.type.BasicTypeReference@cacdcef
DEBUG 25-09-03 19:50:31[restartedMain] [BasicTypeRegistry:420] - Adding type registration short -> org.hibernate.type.BasicTypeReference@7f5c5ef0
DEBUG 25-09-03 19:50:31[restartedMain] [BasicTypeRegistry:420] - Adding type registration short -> org.hibernate.type.BasicTypeReference@7f5c5ef0
DEBUG 25-09-03 19:50:31[restartedMain] [BasicTypeRegistry:420] - Adding type registration java.lang.Short -> org.hibernate.type.BasicTypeReference@7f5c5ef0
DEBUG 25-09-03 19:50:31[restartedMain] [BasicTypeRegistry:420] - Adding type registration integer -> org.hibernate.type.BasicTypeReference@52c02e49
DEBUG 25-09-03 19:50:31[restartedMain] [BasicTypeRegistry:420] - Adding type registration int -> org.hibernate.type.BasicTypeReference@52c02e49
DEBUG 25-09-03 19:50:31[restartedMain] [BasicTypeRegistry:420] - Adding type registration java.lang.Integer -> org.hibernate.type.BasicTypeReference@52c02e49
DEBUG 25-09-03 19:50:31[restartedMain] [BasicTypeRegistry:420] - Adding type registration long -> org.hibernate.type.BasicTypeReference@194d5913
DEBUG 25-09-03 19:50:31[restartedMain] [BasicTypeRegistry:420] - Adding type registration long -> org.hibernate.type.BasicTypeReference@194d5913
DEBUG 25-09-03 19:50:31[restartedMain] [BasicTypeRegistry:420] - Adding type registration java.lang.Long -> org.hibernate.type.BasicTypeReference@194d5913
DEBUG 25-09-03 19:50:31[restartedMain] [BasicTypeRegistry:420] - Adding type registration float -> org.hibernate.type.BasicTypeReference@677bc2c3
DEBUG 25-09-03 19:50:31[restartedMain] [BasicTypeRegistry:420] - Adding type registration float -> org.hibernate.type.BasicTypeReference@677bc2c3
DEBUG 25-09-03 19:50:31[restartedMain] [BasicTypeRegistry:420] - Adding type registration java.lang.Float -> org.hibernate.type.BasicTypeReference@677bc2c3
DEBUG 25-09-03 19:50:31[restartedMain] [BasicTypeRegistry:420] - Adding type registration double -> org.hibernate.type.BasicTypeReference@55bc5cd7
DEBUG 25-09-03 19:50:31[restartedMain] [BasicTypeRegistry:420] - Adding type registration double -> org.hibernate.type.BasicTypeReference@55bc5cd7
DEBUG 25-09-03 19:50:31[restartedMain] [BasicTypeRegistry:420] - Adding type registration java.lang.Double -> org.hibernate.type.BasicTypeReference@55bc5cd7
DEBUG 25-09-03 19:50:31[restartedMain] [BasicTypeRegistry:420] - Adding type registration big_integer -> org.hibernate.type.BasicTypeReference@a050c95
DEBUG 25-09-03 19:50:31[restartedMain] [BasicTypeRegistry:420] - Adding type registration java.math.BigInteger -> org.hibernate.type.BasicTypeReference@a050c95
DEBUG 25-09-03 19:50:31[restartedMain] [BasicTypeRegistry:420] - Adding type registration big_decimal -> org.hibernate.type.BasicTypeReference@65bf71a8
DEBUG 25-09-03 19:50:31[restartedMain] [BasicTypeRegistry:420] - Adding type registration java.math.BigDecimal -> org.hibernate.type.BasicTypeReference@65bf71a8
DEBUG 25-09-03 19:50:31[restartedMain] [BasicTypeRegistry:420] - Adding type registration character -> org.hibernate.type.BasicTypeReference@78b2d794
DEBUG 25-09-03 19:50:31[restartedMain] [BasicTypeRegistry:420] - Adding type registration char -> org.hibernate.type.BasicTypeReference@78b2d794
DEBUG 25-09-03 19:50:31[restartedMain] [BasicTypeRegistry:420] - Adding type registration java.lang.Character -> org.hibernate.type.BasicTypeReference@78b2d794
DEBUG 25-09-03 19:50:31[restartedMain] [BasicTypeRegistry:420] - Adding type registration character_nchar -> org.hibernate.type.BasicTypeReference@3dc6a2ca
DEBUG 25-09-03 19:50:31[restartedMain] [BasicTypeRegistry:420] - Adding type registration string -> org.hibernate.type.BasicTypeReference@604da734
DEBUG 25-09-03 19:50:31[restartedMain] [BasicTypeRegistry:420] - Adding type registration java.lang.String -> org.hibernate.type.BasicTypeReference@604da734
DEBUG 25-09-03 19:50:31[restartedMain] [BasicTypeRegistry:420] - Adding type registration nstring -> org.hibernate.type.BasicTypeReference@2765ae20
DEBUG 25-09-03 19:50:31[restartedMain] [BasicTypeRegistry:420] - Adding type registration characters -> org.hibernate.type.BasicTypeReference@e4ac883
DEBUG 25-09-03 19:50:31[restartedMain] [BasicTypeRegistry:420] - Adding type registration char[] -> org.hibernate.type.BasicTypeReference@e4ac883
DEBUG 25-09-03 19:50:31[restartedMain] [BasicTypeRegistry:420] - Adding type registration [C -> org.hibernate.type.BasicTypeReference@e4ac883
DEBUG 25-09-03 19:50:31[restartedMain] [BasicTypeRegistry:420] - Adding type registration wrapper-characters -> org.hibernate.type.BasicTypeReference@7d4ee06c
DEBUG 25-09-03 19:50:31[restartedMain] [BasicTypeRegistry:420] - Adding type registration text -> org.hibernate.type.BasicTypeReference@218824a
DEBUG 25-09-03 19:50:31[restartedMain] [BasicTypeRegistry:420] - Adding type registration ntext -> org.hibernate.type.BasicTypeReference@6cf7c575
DEBUG 25-09-03 19:50:31[restartedMain] [BasicTypeRegistry:420] - Adding type registration clob -> org.hibernate.type.BasicTypeReference@44bc1095
DEBUG 25-09-03 19:50:31[restartedMain] [BasicTypeRegistry:420] - Adding type registration java.sql.Clob -> org.hibernate.type.BasicTypeReference@44bc1095
DEBUG 25-09-03 19:50:31[restartedMain] [BasicTypeRegistry:420] - Adding type registration nclob -> org.hibernate.type.BasicTypeReference@74702feb
DEBUG 25-09-03 19:50:31[restartedMain] [BasicTypeRegistry:420] - Adding type registration java.sql.NClob -> org.hibernate.type.BasicTypeReference@74702feb
DEBUG 25-09-03 19:50:31[restartedMain] [BasicTypeRegistry:420] - Adding type registration materialized_clob -> org.hibernate.type.BasicTypeReference@77ef3407
DEBUG 25-09-03 19:50:31[restartedMain] [BasicTypeRegistry:420] - Adding type registration materialized_clob_char_array -> org.hibernate.type.BasicTypeReference@3746558d
DEBUG 25-09-03 19:50:31[restartedMain] [BasicTypeRegistry:420] - Adding type registration materialized_clob_character_array -> org.hibernate.type.BasicTypeReference@987d8e4
DEBUG 25-09-03 19:50:31[restartedMain] [BasicTypeRegistry:420] - Adding type registration materialized_nclob -> org.hibernate.type.BasicTypeReference@24467e45
DEBUG 25-09-03 19:50:31[restartedMain] [BasicTypeRegistry:420] - Adding type registration materialized_nclob_character_array -> org.hibernate.type.BasicTypeReference@201cfd08
DEBUG 25-09-03 19:50:31[restartedMain] [BasicTypeRegistry:420] - Adding type registration materialized_nclob_char_array -> org.hibernate.type.BasicTypeReference@5b1478e3
DEBUG 25-09-03 19:50:31[restartedMain] [BasicTypeRegistry:420] - Adding type registration Duration -> org.hibernate.type.BasicTypeReference@513ee383
DEBUG 25-09-03 19:50:31[restartedMain] [BasicTypeRegistry:420] - Adding type registration java.time.Duration -> org.hibernate.type.BasicTypeReference@513ee383
DEBUG 25-09-03 19:50:31[restartedMain] [BasicTypeRegistry:420] - Adding type registration LocalDateTime -> org.hibernate.type.BasicTypeReference@22f88000
DEBUG 25-09-03 19:50:31[restartedMain] [BasicTypeRegistry:420] - Adding type registration java.time.LocalDateTime -> org.hibernate.type.BasicTypeReference@22f88000
DEBUG 25-09-03 19:50:31[restartedMain] [BasicTypeRegistry:420] - Adding type registration LocalDate -> org.hibernate.type.BasicTypeReference@21cf929b
DEBUG 25-09-03 19:50:31[restartedMain] [BasicTypeRegistry:420] - Adding type registration java.time.LocalDate -> org.hibernate.type.BasicTypeReference@21cf929b
DEBUG 25-09-03 19:50:31[restartedMain] [BasicTypeRegistry:420] - Adding type registration LocalTime -> org.hibernate.type.BasicTypeReference@6ce54243
DEBUG 25-09-03 19:50:31[restartedMain] [BasicTypeRegistry:420] - Adding type registration java.time.LocalTime -> org.hibernate.type.BasicTypeReference@6ce54243
DEBUG 25-09-03 19:50:31[restartedMain] [BasicTypeRegistry:420] - Adding type registration OffsetDateTime -> org.hibernate.type.BasicTypeReference@48acd983
DEBUG 25-09-03 19:50:31[restartedMain] [BasicTypeRegistry:420] - Adding type registration java.time.OffsetDateTime -> org.hibernate.type.BasicTypeReference@48acd983
DEBUG 25-09-03 19:50:31[restartedMain] [BasicTypeRegistry:420] - Adding type registration OffsetDateTimeWithTimezone -> org.hibernate.type.BasicTypeReference@bc9fd0
DEBUG 25-09-03 19:50:31[restartedMain] [BasicTypeRegistry:420] - Adding type registration OffsetDateTimeWithoutTimezone -> org.hibernate.type.BasicTypeReference@4b664fd1
DEBUG 25-09-03 19:50:31[restartedMain] [BasicTypeRegistry:420] - Adding type registration OffsetTime -> org.hibernate.type.BasicTypeReference@20610ca7
DEBUG 25-09-03 19:50:31[restartedMain] [BasicTypeRegistry:420] - Adding type registration java.time.OffsetTime -> org.hibernate.type.BasicTypeReference@20610ca7
DEBUG 25-09-03 19:50:31[restartedMain] [BasicTypeRegistry:420] - Adding type registration OffsetTimeUtc -> org.hibernate.type.BasicTypeReference@184f993b
DEBUG 25-09-03 19:50:31[restartedMain] [BasicTypeRegistry:420] - Adding type registration OffsetTimeWithTimezone -> org.hibernate.type.BasicTypeReference@6b216dcd
DEBUG 25-09-03 19:50:31[restartedMain] [BasicTypeRegistry:420] - Adding type registration OffsetTimeWithoutTimezone -> org.hibernate.type.BasicTypeReference@23704c18
DEBUG 25-09-03 19:50:31[restartedMain] [BasicTypeRegistry:420] - Adding type registration ZonedDateTime -> org.hibernate.type.BasicTypeReference@6ec40770
DEBUG 25-09-03 19:50:31[restartedMain] [BasicTypeRegistry:420] - Adding type registration java.time.ZonedDateTime -> org.hibernate.type.BasicTypeReference@6ec40770
DEBUG 25-09-03 19:50:31[restartedMain] [BasicTypeRegistry:420] - Adding type registration ZonedDateTimeWithTimezone -> org.hibernate.type.BasicTypeReference@48747318
DEBUG 25-09-03 19:50:31[restartedMain] [BasicTypeRegistry:420] - Adding type registration ZonedDateTimeWithoutTimezone -> org.hibernate.type.BasicTypeReference@7714fd5d
DEBUG 25-09-03 19:50:31[restartedMain] [BasicTypeRegistry:420] - Adding type registration date -> org.hibernate.type.BasicTypeReference@40870d84
DEBUG 25-09-03 19:50:31[restartedMain] [BasicTypeRegistry:420] - Adding type registration java.sql.Date -> org.hibernate.type.BasicTypeReference@40870d84
DEBUG 25-09-03 19:50:31[restartedMain] [BasicTypeRegistry:420] - Adding type registration time -> org.hibernate.type.BasicTypeReference@1746b942
DEBUG 25-09-03 19:50:31[restartedMain] [BasicTypeRegistry:420] - Adding type registration java.sql.Time -> org.hibernate.type.BasicTypeReference@1746b942
DEBUG 25-09-03 19:50:31[restartedMain] [BasicTypeRegistry:420] - Adding type registration timestamp -> org.hibernate.type.BasicTypeReference@48e83fde
DEBUG 25-09-03 19:50:31[restartedMain] [BasicTypeRegistry:420] - Adding type registration java.sql.Timestamp -> org.hibernate.type.BasicTypeReference@48e83fde
DEBUG 25-09-03 19:50:31[restartedMain] [BasicTypeRegistry:420] - Adding type registration java.util.Date -> org.hibernate.type.BasicTypeReference@48e83fde
DEBUG 25-09-03 19:50:31[restartedMain] [BasicTypeRegistry:420] - Adding type registration calendar -> org.hibernate.type.BasicTypeReference@72a984c8
DEBUG 25-09-03 19:50:31[restartedMain] [BasicTypeRegistry:420] - Adding type registration java.util.Calendar -> org.hibernate.type.BasicTypeReference@72a984c8
DEBUG 25-09-03 19:50:31[restartedMain] [BasicTypeRegistry:420] - Adding type registration java.util.GregorianCalendar -> org.hibernate.type.BasicTypeReference@72a984c8
DEBUG 25-09-03 19:50:31[restartedMain] [BasicTypeRegistry:420] - Adding type registration calendar_date -> org.hibernate.type.BasicTypeReference@477b0d02
DEBUG 25-09-03 19:50:31[restartedMain] [BasicTypeRegistry:420] - Adding type registration calendar_time -> org.hibernate.type.BasicTypeReference@5e3811ab
DEBUG 25-09-03 19:50:31[restartedMain] [BasicTypeRegistry:420] - Adding type registration instant -> org.hibernate.type.BasicTypeReference@2f7faec3
DEBUG 25-09-03 19:50:31[restartedMain] [BasicTypeRegistry:420] - Adding type registration java.time.Instant -> org.hibernate.type.BasicTypeReference@2f7faec3
DEBUG 25-09-03 19:50:31[restartedMain] [BasicTypeRegistry:420] - Adding type registration uuid -> org.hibernate.type.BasicTypeReference@465d38d7
DEBUG 25-09-03 19:50:31[restartedMain] [BasicTypeRegistry:420] - Adding type registration java.util.UUID -> org.hibernate.type.BasicTypeReference@465d38d7
DEBUG 25-09-03 19:50:31[restartedMain] [BasicTypeRegistry:420] - Adding type registration pg-uuid -> org.hibernate.type.BasicTypeReference@465d38d7
DEBUG 25-09-03 19:50:31[restartedMain] [BasicTypeRegistry:420] - Adding type registration uuid-binary -> org.hibernate.type.BasicTypeReference@7aca4dbd
DEBUG 25-09-03 19:50:31[restartedMain] [BasicTypeRegistry:420] - Adding type registration uuid-char -> org.hibernate.type.BasicTypeReference@2b413f9a
DEBUG 25-09-03 19:50:31[restartedMain] [BasicTypeRegistry:420] - Adding type registration class -> org.hibernate.type.BasicTypeReference@24f5c1d4
DEBUG 25-09-03 19:50:31[restartedMain] [BasicTypeRegistry:420] - Adding type registration java.lang.Class -> org.hibernate.type.BasicTypeReference@24f5c1d4
DEBUG 25-09-03 19:50:31[restartedMain] [BasicTypeRegistry:420] - Adding type registration currency -> org.hibernate.type.BasicTypeReference@39e8dc87
DEBUG 25-09-03 19:50:31[restartedMain] [BasicTypeRegistry:420] - Adding type registration Currency -> org.hibernate.type.BasicTypeReference@39e8dc87
DEBUG 25-09-03 19:50:31[restartedMain] [BasicTypeRegistry:420] - Adding type registration java.util.Currency -> org.hibernate.type.BasicTypeReference@39e8dc87
DEBUG 25-09-03 19:50:31[restartedMain] [BasicTypeRegistry:420] - Adding type registration locale -> org.hibernate.type.BasicTypeReference@147f566f
DEBUG 25-09-03 19:50:31[restartedMain] [BasicTypeRegistry:420] - Adding type registration java.util.Locale -> org.hibernate.type.BasicTypeReference@147f566f
DEBUG 25-09-03 19:50:31[restartedMain] [BasicTypeRegistry:420] - Adding type registration serializable -> org.hibernate.type.BasicTypeReference@1570e95c
DEBUG 25-09-03 19:50:31[restartedMain] [BasicTypeRegistry:420] - Adding type registration java.io.Serializable -> org.hibernate.type.BasicTypeReference@1570e95c
DEBUG 25-09-03 19:50:31[restartedMain] [BasicTypeRegistry:420] - Adding type registration timezone -> org.hibernate.type.BasicTypeReference@7f7aedf4
DEBUG 25-09-03 19:50:31[restartedMain] [BasicTypeRegistry:420] - Adding type registration java.util.TimeZone -> org.hibernate.type.BasicTypeReference@7f7aedf4
DEBUG 25-09-03 19:50:31[restartedMain] [BasicTypeRegistry:420] - Adding type registration ZoneOffset -> org.hibernate.type.BasicTypeReference@26adca72
DEBUG 25-09-03 19:50:31[restartedMain] [BasicTypeRegistry:420] - Adding type registration java.time.ZoneOffset -> org.hibernate.type.BasicTypeReference@26adca72
DEBUG 25-09-03 19:50:31[restartedMain] [BasicTypeRegistry:420] - Adding type registration url -> org.hibernate.type.BasicTypeReference@413722b1
DEBUG 25-09-03 19:50:31[restartedMain] [BasicTypeRegistry:420] - Adding type registration java.net.URL -> org.hibernate.type.BasicTypeReference@413722b1
DEBUG 25-09-03 19:50:31[restartedMain] [BasicTypeRegistry:420] - Adding type registration vector -> org.hibernate.type.BasicTypeReference@6d876d47
DEBUG 25-09-03 19:50:31[restartedMain] [BasicTypeRegistry:420] - Adding type registration float_vector -> org.hibernate.type.BasicTypeReference@10ac788e
DEBUG 25-09-03 19:50:31[restartedMain] [BasicTypeRegistry:420] - Adding type registration double_vector -> org.hibernate.type.BasicTypeReference@1f2a5ebd
DEBUG 25-09-03 19:50:31[restartedMain] [BasicTypeRegistry:420] - Adding type registration byte_vector -> org.hibernate.type.BasicTypeReference@16d1a313
DEBUG 25-09-03 19:50:31[restartedMain] [BasicTypeRegistry:420] - Adding type registration row_version -> org.hibernate.type.BasicTypeReference@1de8b857
DEBUG 25-09-03 19:50:31[restartedMain] [BasicTypeRegistry:395] - Adding type registration object -> org.hibernate.type.JavaObjectType@2076a33b
DEBUG 25-09-03 19:50:31[restartedMain] [BasicTypeRegistry:395] - Adding type registration java.lang.Object -> org.hibernate.type.JavaObjectType@2076a33b
DEBUG 25-09-03 19:50:31[restartedMain] [BasicTypeRegistry:395] - Adding type registration null -> org.hibernate.type.NullType@7db0a44f
DEBUG 25-09-03 19:50:31[restartedMain] [BasicTypeRegistry:420] - Adding type registration imm_date -> org.hibernate.type.BasicTypeReference@1d967509
DEBUG 25-09-03 19:50:31[restartedMain] [BasicTypeRegistry:420] - Adding type registration imm_time -> org.hibernate.type.BasicTypeReference@41eb2e49
DEBUG 25-09-03 19:50:31[restartedMain] [BasicTypeRegistry:420] - Adding type registration imm_timestamp -> org.hibernate.type.BasicTypeReference@47ee358c
DEBUG 25-09-03 19:50:31[restartedMain] [BasicTypeRegistry:420] - Adding type registration imm_calendar -> org.hibernate.type.BasicTypeReference@6d63452f
DEBUG 25-09-03 19:50:31[restartedMain] [BasicTypeRegistry:420] - Adding type registration imm_calendar_date -> org.hibernate.type.BasicTypeReference@432de075
DEBUG 25-09-03 19:50:31[restartedMain] [BasicTypeRegistry:420] - Adding type registration imm_calendar_time -> org.hibernate.type.BasicTypeReference@54b7081b
DEBUG 25-09-03 19:50:31[restartedMain] [BasicTypeRegistry:420] - Adding type registration imm_binary -> org.hibernate.type.BasicTypeReference@429e2925
DEBUG 25-09-03 19:50:31[restartedMain] [BasicTypeRegistry:420] - Adding type registration imm_serializable -> org.hibernate.type.BasicTypeReference@5ea4ea29
DEBUG 25-09-03 19:50:31[restartedMain] [BootstrapContextImpl:291] - Injecting JPA temp ClassLoader [org.springframework.instrument.classloading.SimpleThrowawayClassLoader@5b24cf8c] into BootstrapContext; was [null]
DEBUG 25-09-03 19:50:31[restartedMain] [ClassLoaderAccessImpl:45] - ClassLoaderAccessImpl#injectTempClassLoader(org.springframework.instrument.classloading.SimpleThrowawayClassLoader@5b24cf8c) [was null]
DEBUG 25-09-03 19:50:31[restartedMain] [BootstrapContextImpl:301] - Injecting ScanEnvironment [org.hibernate.jpa.boot.internal.StandardJpaScanEnvironmentImpl@5bfafa04] into BootstrapContext; was [null]
DEBUG 25-09-03 19:50:31[restartedMain] [BootstrapContextImpl:296] - Injecting ScanOptions [org.hibernate.boot.archive.scan.internal.StandardScanOptions@43baa9ff] into BootstrapContext; was [org.hibernate.boot.archive.scan.internal.StandardScanOptions@166d2d89]
DEBUG 25-09-03 19:50:31[restartedMain] [PersistenceUnitInfoDescriptor:128] - Pushing class transformers for PU named 'default' on loading classloader jdk.internal.loader.ClassLoaders$AppClassLoader@659e0bfd
INFO  25-09-03 19:50:32[restartedMain] [SpringPersistenceUnitInfo:87] - No LoadTimeWeaver setup: ignoring JPA class transformer
DEBUG 25-09-03 19:50:32[restartedMain] [BootstrapContextImpl:291] - Injecting JPA temp ClassLoader [null] into BootstrapContext; was [org.springframework.instrument.classloading.SimpleThrowawayClassLoader@5b24cf8c]
DEBUG 25-09-03 19:50:32[restartedMain] [ClassLoaderAccessImpl:45] - ClassLoaderAccessImpl#injectTempClassLoader(null) [was org.springframework.instrument.classloading.SimpleThrowawayClassLoader@5b24cf8c]
DEBUG 25-09-03 19:50:32[restartedMain] [HikariConfig:1154] - HikariPool-1 - configuration:
DEBUG 25-09-03 19:50:32[restartedMain] [HikariConfig:1186] - allowPoolSuspension.............false
DEBUG 25-09-03 19:50:32[restartedMain] [HikariConfig:1186] - autoCommit......................true
DEBUG 25-09-03 19:50:32[restartedMain] [HikariConfig:1186] - catalog.........................none
DEBUG 25-09-03 19:50:32[restartedMain] [HikariConfig:1186] - connectionInitSql...............none
DEBUG 25-09-03 19:50:32[restartedMain] [HikariConfig:1186] - connectionTestQuery.............none
DEBUG 25-09-03 19:50:32[restartedMain] [HikariConfig:1186] - connectionTimeout...............30000
DEBUG 25-09-03 19:50:32[restartedMain] [HikariConfig:1186] - credentials.....................com.zaxxer.hikari.util.Credentials@7ae8cbd2
DEBUG 25-09-03 19:50:32[restartedMain] [HikariConfig:1186] - dataSource......................none
DEBUG 25-09-03 19:50:32[restartedMain] [HikariConfig:1186] - dataSourceClassName.............none
DEBUG 25-09-03 19:50:32[restartedMain] [HikariConfig:1186] - dataSourceJNDI..................none
DEBUG 25-09-03 19:50:32[restartedMain] [HikariConfig:1186] - dataSourceProperties............{password=<masked>}
DEBUG 25-09-03 19:50:32[restartedMain] [HikariConfig:1186] - driverClassName................."net.sf.log4jdbc.sql.jdbcapi.DriverSpy"
DEBUG 25-09-03 19:50:32[restartedMain] [HikariConfig:1186] - exceptionOverride...............none
DEBUG 25-09-03 19:50:32[restartedMain] [HikariConfig:1186] - exceptionOverrideClassName......none
DEBUG 25-09-03 19:50:32[restartedMain] [HikariConfig:1186] - healthCheckProperties...........{}
DEBUG 25-09-03 19:50:32[restartedMain] [HikariConfig:1186] - healthCheckRegistry.............none
DEBUG 25-09-03 19:50:32[restartedMain] [HikariConfig:1186] - idleTimeout.....................600000
DEBUG 25-09-03 19:50:32[restartedMain] [HikariConfig:1186] - initializationFailTimeout.......1
DEBUG 25-09-03 19:50:32[restartedMain] [HikariConfig:1186] - isolateInternalQueries..........false
DEBUG 25-09-03 19:50:32[restartedMain] [HikariConfig:1186] - jdbcUrl.........................jdbc:log4jdbc:mysql://localhost:3306/food_db?serverTimezone=Asia/Seoul&characterEncoding=UTF-8
DEBUG 25-09-03 19:50:32[restartedMain] [HikariConfig:1186] - keepaliveTime...................120000
DEBUG 25-09-03 19:50:32[restartedMain] [HikariConfig:1186] - leakDetectionThreshold..........0
DEBUG 25-09-03 19:50:32[restartedMain] [HikariConfig:1186] - maxLifetime.....................1800000
DEBUG 25-09-03 19:50:32[restartedMain] [HikariConfig:1186] - maximumPoolSize.................10
DEBUG 25-09-03 19:50:32[restartedMain] [HikariConfig:1186] - metricRegistry..................none
DEBUG 25-09-03 19:50:32[restartedMain] [HikariConfig:1186] - metricsTrackerFactory...........none
DEBUG 25-09-03 19:50:32[restartedMain] [HikariConfig:1186] - minimumIdle.....................10
DEBUG 25-09-03 19:50:32[restartedMain] [HikariConfig:1186] - password........................<masked>
DEBUG 25-09-03 19:50:32[restartedMain] [HikariConfig:1186] - poolName........................"HikariPool-1"
DEBUG 25-09-03 19:50:32[restartedMain] [HikariConfig:1186] - readOnly........................false
DEBUG 25-09-03 19:50:32[restartedMain] [HikariConfig:1186] - registerMbeans..................false
DEBUG 25-09-03 19:50:32[restartedMain] [HikariConfig:1186] - scheduledExecutor...............none
DEBUG 25-09-03 19:50:32[restartedMain] [HikariConfig:1186] - schema..........................none
DEBUG 25-09-03 19:50:32[restartedMain] [HikariConfig:1186] - threadFactory...................internal
DEBUG 25-09-03 19:50:32[restartedMain] [HikariConfig:1186] - transactionIsolation............default
DEBUG 25-09-03 19:50:32[restartedMain] [HikariConfig:1186] - username........................"food_user"
DEBUG 25-09-03 19:50:32[restartedMain] [HikariConfig:1186] - validationTimeout...............5000
INFO  25-09-03 19:50:32[restartedMain] [HikariDataSource:109] - HikariPool-1 - Starting...
DEBUG 25-09-03 19:50:32[restartedMain] [PoolBase:366] - HikariPool-1 - Attempting to create/setup new connection (d2ecac02-b8f2-464b-8ffa-b3fa3216ea68)
INFO  25-09-03 19:50:32[restartedMain] [log4j2:365] -  com.zaxxer.hikari.util.DriverDataSource.getConnection(DriverDataSource.java:144)
1. Connection opened. {executed in 386ms} 
open connections:  1 (1)
INFO  25-09-03 19:50:32[restartedMain] [log4j2:197] -  com.zaxxer.hikari.util.DriverDataSource.getConnection(DriverDataSource.java:144)
1. Connection.new Connection returned 
INFO  25-09-03 19:50:32[restartedMain] [log4j2:197] -  com.zaxxer.hikari.pool.PoolBase.getAndSetNetworkTimeout(PoolBase.java:546)
1. Connection.getNetworkTimeout() returned 0
INFO  25-09-03 19:50:32[restartedMain] [log4j2:197] -  com.zaxxer.hikari.pool.PoolBase.setupConnection(PoolBase.java:421)
1. Connection.isReadOnly() returned false
INFO  25-09-03 19:50:32[restartedMain] [log4j2:197] -  com.zaxxer.hikari.pool.PoolBase.setupConnection(PoolBase.java:425)
1. Connection.getAutoCommit() returned true
INFO  25-09-03 19:50:32[restartedMain] [log4j2:197] -  com.zaxxer.hikari.pool.PoolBase.checkValidationSupport(PoolBase.java:478)
1. Connection.isValid(5) returned true
INFO  25-09-03 19:50:32[restartedMain] [log4j2:197] -  com.zaxxer.hikari.pool.PoolBase.checkDefaultIsolation(PoolBase.java:499)
1. Connection.getTransactionIsolation() returned 4
DEBUG 25-09-03 19:50:32[restartedMain] [PoolBase:378] - HikariPool-1 - Established new connection (d2ecac02-b8f2-464b-8ffa-b3fa3216ea68)
INFO  25-09-03 19:50:32[restartedMain] [HikariPool:580] - HikariPool-1 - Added connection net.sf.log4jdbc.sql.jdbcapi.ConnectionSpy@1a6df142
INFO  25-09-03 19:50:32[restartedMain] [HikariDataSource:122] - HikariPool-1 - Start completed.
INFO  25-09-03 19:50:32[restartedMain] [log4j2:197] -  com.zaxxer.hikari.pool.ProxyConnection.getMetaData(ProxyConnection.java:371)
1. Connection.getMetaData() returned com.mysql.cj.jdbc.DatabaseMetaDataInformationSchema@1695c1d3
DEBUG 25-09-03 19:50:32[restartedMain] [JdbcEnvironmentInitiator:413] - Database ->
	   name : MySQL
	version : 8.4.5
	  major : 8
	  minor : 4
DEBUG 25-09-03 19:50:32[restartedMain] [JdbcEnvironmentInitiator:424] - Driver ->
	   name : MySQL Connector/J
	version : mysql-connector-j-9.3.0 (Revision: 20ef8ee9eb4294a03858acccea0ddad3525f1ff9)
	  major : 9
	  minor : 3
DEBUG 25-09-03 19:50:32[restartedMain] [JdbcEnvironmentInitiator:388] - JDBC version : 4.2
WARN  25-09-03 19:50:32[restartedMain] [deprecation:153] - HHH90000025: MySQL8Dialect does not need to be specified explicitly using 'hibernate.dialect' (remove the property setting and it will be selected by default)
DEBUG 25-09-03 19:50:32[restartedMain] [dialect:94] - HHH035001: Using dialect: org.hibernate.dialect.MySQL8Dialect, version: 8.0
WARN  25-09-03 19:50:32[restartedMain] [deprecation:101] - HHH90000026: MySQL8Dialect has been deprecated; use org.hibernate.dialect.MySQLDialect instead
DEBUG 25-09-03 19:50:32[restartedMain] [IdentifierHelperBuilder:210] - IdentifierCaseStrategy for both quoted and unquoted identifiers was set to the same strategy [MIXED]; that will likely lead to problems in schema update and validation if using quoted identifiers
INFO  25-09-03 19:50:32[restartedMain] [log4j2:197] -  com.zaxxer.hikari.pool.ProxyConnection.getCatalog(ProxyConnection.java:462)
1. Connection.getCatalog() returned food_db
INFO  25-09-03 19:50:32[restartedMain] [log4j2:197] -  com.zaxxer.hikari.pool.ProxyConnection.getSchema(ProxyConnection.java:500)
1. Connection.getSchema() returned null
INFO  25-09-03 19:50:32[restartedMain] [log4j2:197] -  com.zaxxer.hikari.pool.ProxyConnection.getSchema(ProxyConnection.java:500)
1. Connection.getSchema() returned null
INFO  25-09-03 19:50:32[restartedMain] [log4j2:197] -  com.zaxxer.hikari.pool.ProxyConnection.getMetaData(ProxyConnection.java:371)
1. Connection.getMetaData() returned com.mysql.cj.jdbc.DatabaseMetaDataInformationSchema@7450039a
INFO  25-09-03 19:50:32[restartedMain] [log4j2:197] -  com.zaxxer.hikari.pool.HikariProxyConnection.createClob(HikariProxyConnection.java:-1)
1. Connection.createClob() returned com.mysql.cj.jdbc.Clob@4cc44879
INFO  25-09-03 19:50:32[restartedMain] [log4j2:197] -  com.zaxxer.hikari.pool.HikariProxyConnection.createNClob(HikariProxyConnection.java:-1)
1. Connection.createNClob() returned com.mysql.cj.jdbc.NClob@64d2010d
INFO  25-09-03 19:50:32[restartedMain] [log4j2:197] -  com.zaxxer.hikari.pool.ProxyConnection.close(ProxyConnection.java:258)
1. Connection.clearWarnings() returned 
INFO  25-09-03 19:50:32[restartedMain] [pooling:163] - HHH10001005: Database info:
	Database JDBC URL [Connecting through datasource 'HikariDataSource (HikariPool-1)']
	Database driver: undefined/unknown
	Database version: 8.0
	Autocommit mode: undefined/unknown
	Isolation level: undefined/unknown
	Minimum pool size: undefined/unknown
	Maximum pool size: undefined/unknown
DEBUG 25-09-03 19:50:32[restartedMain] [DdlTypeRegistry:64] - addDescriptor(12, org.hibernate.type.descriptor.sql.internal.CapacityDependentDdlType@8723e47) replaced previous registration(org.hibernate.type.descriptor.sql.internal.CapacityDependentDdlType@5ca01ba)
DEBUG 25-09-03 19:50:32[restartedMain] [DdlTypeRegistry:64] - addDescriptor(-9, org.hibernate.type.descriptor.sql.internal.CapacityDependentDdlType@592d975c) replaced previous registration(org.hibernate.type.descriptor.sql.internal.CapacityDependentDdlType@40340a38)
DEBUG 25-09-03 19:50:32[restartedMain] [DdlTypeRegistry:64] - addDescriptor(-3, org.hibernate.type.descriptor.sql.internal.CapacityDependentDdlType@6d390f8) replaced previous registration(org.hibernate.type.descriptor.sql.internal.CapacityDependentDdlType@33f17009)
DEBUG 25-09-03 19:50:32[restartedMain] [DdlTypeRegistry:64] - addDescriptor(4003, org.hibernate.type.descriptor.sql.internal.DdlTypeImpl@76557b02) replaced previous registration(org.hibernate.type.descriptor.sql.internal.DdlTypeImpl@6c9b7160)
DEBUG 25-09-03 19:50:32[restartedMain] [DdlTypeRegistry:64] - addDescriptor(4001, org.hibernate.type.descriptor.sql.internal.DdlTypeImpl@211fe63c) replaced previous registration(org.hibernate.type.descriptor.sql.internal.DdlTypeImpl@7c4f0476)
DEBUG 25-09-03 19:50:32[restartedMain] [DdlTypeRegistry:64] - addDescriptor(4002, org.hibernate.type.descriptor.sql.internal.DdlTypeImpl@ed1aa74) replaced previous registration(org.hibernate.type.descriptor.sql.internal.DdlTypeImpl@50219394)
DEBUG 25-09-03 19:50:32[restartedMain] [DdlTypeRegistry:64] - addDescriptor(2004, org.hibernate.type.descriptor.sql.internal.CapacityDependentDdlType@5cfeee2f) replaced previous registration(org.hibernate.type.descriptor.sql.internal.DdlTypeImpl@5f7f6dce)
DEBUG 25-09-03 19:50:32[restartedMain] [DdlTypeRegistry:64] - addDescriptor(2005, org.hibernate.type.descriptor.sql.internal.CapacityDependentDdlType@1dc3fa76) replaced previous registration(org.hibernate.type.descriptor.sql.internal.DdlTypeImpl@36e7f077)
DEBUG 25-09-03 19:50:32[restartedMain] [DdlTypeRegistry:64] - addDescriptor(2011, org.hibernate.type.descriptor.sql.internal.CapacityDependentDdlType@667cea6c) replaced previous registration(org.hibernate.type.descriptor.sql.internal.DdlTypeImpl@64eebc9f)
DEBUG 25-09-03 19:50:32[restartedMain] [JdbcTypeRegistry:75] - addDescriptor(NCharTypeDescriptor) replaced previous registration(CharTypeDescriptor)
DEBUG 25-09-03 19:50:32[restartedMain] [JdbcTypeRegistry:75] - addDescriptor(NVarcharTypeDescriptor) replaced previous registration(VarcharTypeDescriptor)
DEBUG 25-09-03 19:50:32[restartedMain] [JdbcTypeRegistry:75] - addDescriptor(LongNVarcharTypeDescriptor) replaced previous registration(LongVarcharTypeDescriptor)
DEBUG 25-09-03 19:50:32[restartedMain] [JdbcTypeRegistry:75] - addDescriptor(NClobTypeDescriptor(DEFAULT)) replaced previous registration(ClobTypeDescriptor(DEFAULT))
DEBUG 25-09-03 19:50:32[restartedMain] [BasicTypeRegistry:395] - Adding type registration null -> org.hibernate.type.NullType@79bb7db0
DEBUG 25-09-03 19:50:32[restartedMain] [BasicTypeRegistry:399] - Type registration key [null] overrode previous entry : `org.hibernate.type.NullType@7db0a44f`
DEBUG 25-09-03 19:50:32[restartedMain] [BasicTypeRegistry:395] - Adding type registration org.hibernate.type.DurationType -> basicType@1(java.time.Duration,3015)
DEBUG 25-09-03 19:50:32[restartedMain] [BasicTypeRegistry:395] - Adding type registration Duration -> basicType@1(java.time.Duration,3015)
DEBUG 25-09-03 19:50:32[restartedMain] [BasicTypeRegistry:395] - Adding type registration java.time.Duration -> basicType@1(java.time.Duration,3015)
DEBUG 25-09-03 19:50:32[restartedMain] [BasicTypeRegistry:395] - Adding type registration org.hibernate.type.OffsetDateTimeType -> basicType@2(java.time.OffsetDateTime,3003)
DEBUG 25-09-03 19:50:32[restartedMain] [BasicTypeRegistry:395] - Adding type registration OffsetDateTime -> basicType@2(java.time.OffsetDateTime,3003)
DEBUG 25-09-03 19:50:32[restartedMain] [BasicTypeRegistry:395] - Adding type registration java.time.OffsetDateTime -> basicType@2(java.time.OffsetDateTime,3003)
DEBUG 25-09-03 19:50:32[restartedMain] [BasicTypeRegistry:395] - Adding type registration org.hibernate.type.ZonedDateTimeType -> basicType@3(java.time.ZonedDateTime,3003)
DEBUG 25-09-03 19:50:32[restartedMain] [BasicTypeRegistry:395] - Adding type registration ZonedDateTime -> basicType@3(java.time.ZonedDateTime,3003)
DEBUG 25-09-03 19:50:32[restartedMain] [BasicTypeRegistry:395] - Adding type registration java.time.ZonedDateTime -> basicType@3(java.time.ZonedDateTime,3003)
DEBUG 25-09-03 19:50:32[restartedMain] [BasicTypeRegistry:395] - Adding type registration org.hibernate.type.OffsetTimeType -> basicType@4(java.time.OffsetTime,3007)
DEBUG 25-09-03 19:50:32[restartedMain] [BasicTypeRegistry:395] - Adding type registration OffsetTime -> basicType@4(java.time.OffsetTime,3007)
DEBUG 25-09-03 19:50:32[restartedMain] [BasicTypeRegistry:395] - Adding type registration java.time.OffsetTime -> basicType@4(java.time.OffsetTime,3007)
DEBUG 25-09-03 19:50:32[restartedMain] [TypeConfiguration$Scope:197] - Scoping TypeConfiguration [org.hibernate.type.spi.TypeConfiguration@3e478aad] to MetadataBuildingContext [org.hibernate.boot.internal.MetadataBuildingContextRootImpl@28912b80]
DEBUG 25-09-03 19:50:32[HikariPool-1:housekeeper] [HikariPool:422] - HikariPool-1 - Pool stats (total=1/10, idle=1/10, active=0, waiting=0)
DEBUG 25-09-03 19:50:32[HikariPool-1:connection-adder] [PoolBase:366] - HikariPool-1 - Attempting to create/setup new connection (0104bd4d-c9ab-4982-82c5-baec7a99c5d1)
INFO  25-09-03 19:50:32[HikariPool-1:connection-adder] [log4j2:365] -  com.zaxxer.hikari.util.DriverDataSource.getConnection(DriverDataSource.java:144)
2. Connection opened. {executed in 30ms} 
open connections:  1 2 (2)
INFO  25-09-03 19:50:32[HikariPool-1:connection-adder] [log4j2:197] -  com.zaxxer.hikari.util.DriverDataSource.getConnection(DriverDataSource.java:144)
2. Connection.new Connection returned 
INFO  25-09-03 19:50:32[HikariPool-1:connection-adder] [log4j2:197] -  com.zaxxer.hikari.pool.PoolBase.setupConnection(PoolBase.java:421)
2. Connection.isReadOnly() returned false
INFO  25-09-03 19:50:32[HikariPool-1:connection-adder] [log4j2:197] -  com.zaxxer.hikari.pool.PoolBase.setupConnection(PoolBase.java:425)
2. Connection.getAutoCommit() returned true
DEBUG 25-09-03 19:50:32[HikariPool-1:connection-adder] [PoolBase:378] - HikariPool-1 - Established new connection (0104bd4d-c9ab-4982-82c5-baec7a99c5d1)
DEBUG 25-09-03 19:50:32[HikariPool-1:connection-adder] [HikariPool:756] - HikariPool-1 - Added connection net.sf.log4jdbc.sql.jdbcapi.ConnectionSpy@61c472ec
DEBUG 25-09-03 19:50:32[restartedMain] [Namespace:72] - Created database namespace [logicalName=Name{catalog=null, schema=null}, physicalName=Name{catalog=null, schema=null}]
DEBUG 25-09-03 19:50:32[restartedMain] [EntityBinder:225] - Binding entity from annotated class: com.mjc813.food_web.food.dto.FoodEntity
DEBUG 25-09-03 19:50:32[restartedMain] [EntityBinder:1364] - Import with entity name FoodEntity
DEBUG 25-09-03 19:50:32[restartedMain] [EntityBinder:1908] - Bind entity com.mjc813.food_web.food.dto.FoodEntity on table food_tbl
DEBUG 25-09-03 19:50:32[HikariPool-1:connection-adder] [HikariPool:422] - HikariPool-1 - After adding stats (total=2/10, idle=2/10, active=0, waiting=0)
DEBUG 25-09-03 19:50:32[HikariPool-1:connection-adder] [PoolBase:366] - HikariPool-1 - Attempting to create/setup new connection (ec401c54-44c1-4494-80de-3967b7e6a200)
DEBUG 25-09-03 19:50:32[restartedMain] [AnnotatedColumn:268] - Binding column: AnnotatedDiscriminatorColumn(column='DTYPE')
INFO  25-09-03 19:50:32[HikariPool-1:connection-adder] [log4j2:365] -  com.zaxxer.hikari.util.DriverDataSource.getConnection(DriverDataSource.java:144)
3. Connection opened. {executed in 26ms} 
open connections:  1 2 3 (3)
INFO  25-09-03 19:50:32[HikariPool-1:connection-adder] [log4j2:197] -  com.zaxxer.hikari.util.DriverDataSource.getConnection(DriverDataSource.java:144)
3. Connection.new Connection returned 
INFO  25-09-03 19:50:32[HikariPool-1:connection-adder] [log4j2:197] -  com.zaxxer.hikari.pool.PoolBase.setupConnection(PoolBase.java:421)
3. Connection.isReadOnly() returned false
INFO  25-09-03 19:50:32[HikariPool-1:connection-adder] [log4j2:197] -  com.zaxxer.hikari.pool.PoolBase.setupConnection(PoolBase.java:425)
3. Connection.getAutoCommit() returned true
DEBUG 25-09-03 19:50:32[HikariPool-1:connection-adder] [PoolBase:378] - HikariPool-1 - Established new connection (ec401c54-44c1-4494-80de-3967b7e6a200)
DEBUG 25-09-03 19:50:32[HikariPool-1:connection-adder] [HikariPool:756] - HikariPool-1 - Added connection net.sf.log4jdbc.sql.jdbcapi.ConnectionSpy@4f85e354
DEBUG 25-09-03 19:50:32[restartedMain] [AnnotatedColumn:268] - Binding column: AnnotatedColumn()
DEBUG 25-09-03 19:50:32[restartedMain] [ClassLoaderAccessImpl:60] - Not known whether passed class name [com.mjc813.food_web.food.dto.FoodEntity] is safe
DEBUG 25-09-03 19:50:32[restartedMain] [ClassLoaderAccessImpl:62] - No temp ClassLoader provided; using live ClassLoader for loading potentially unsafe class : com.mjc813.food_web.food.dto.FoodEntity
DEBUG 25-09-03 19:50:32[restartedMain] [PropertyBinder:262] - MetadataSourceProcessor property id with lazy=false
DEBUG 25-09-03 19:50:32[restartedMain] [AbstractPropertyHolder:106] - Attempting to locate auto-apply AttributeConverter for property [com.mjc813.food_web.food.dto.FoodEntity:id]
DEBUG 25-09-03 19:50:32[restartedMain] [BasicValueBinder:1219] - building BasicValue for id
DEBUG 25-09-03 19:50:32[HikariPool-1:connection-adder] [HikariPool:422] - HikariPool-1 - After adding stats (total=3/10, idle=3/10, active=0, waiting=0)
DEBUG 25-09-03 19:50:32[HikariPool-1:connection-adder] [PoolBase:366] - HikariPool-1 - Attempting to create/setup new connection (2101ce03-4571-40b8-a310-896ec7be7756)
DEBUG 25-09-03 19:50:32[restartedMain] [BasicValue:300] - Skipping column re-registration: food_tbl.id
DEBUG 25-09-03 19:50:32[restartedMain] [PropertyBinder:415] - Building property id
DEBUG 25-09-03 19:50:32[restartedMain] [BinderHelper:80] - #makeIdGenerator(BasicValue([Column(id)]), id, identity, , ...)
DEBUG 25-09-03 19:50:32[restartedMain] [AnnotatedColumn:268] - Binding column: AnnotatedColumn()
DEBUG 25-09-03 19:50:32[restartedMain] [PropertyBinder:262] - MetadataSourceProcessor property description with lazy=false
DEBUG 25-09-03 19:50:32[restartedMain] [AbstractPropertyHolder:106] - Attempting to locate auto-apply AttributeConverter for property [com.mjc813.food_web.food.dto.FoodEntity:description]
DEBUG 25-09-03 19:50:32[restartedMain] [BasicValueBinder:1219] - building BasicValue for description
DEBUG 25-09-03 19:50:32[restartedMain] [BasicValue:300] - Skipping column re-registration: food_tbl.description
DEBUG 25-09-03 19:50:32[restartedMain] [PropertyBinder:415] - Building property description
DEBUG 25-09-03 19:50:32[restartedMain] [AnnotatedColumn:268] - Binding column: AnnotatedJoinColumn(column='food_category_id')
DEBUG 25-09-03 19:50:32[restartedMain] [AnnotatedColumn:268] - Binding column: AnnotatedColumn()
DEBUG 25-09-03 19:50:32[restartedMain] [PropertyBinder:415] - Building property foodCategoryEntity
DEBUG 25-09-03 19:50:32[restartedMain] [AnnotatedColumn:268] - Binding column: AnnotatedColumn()
DEBUG 25-09-03 19:50:32[restartedMain] [PropertyBinder:262] - MetadataSourceProcessor property name with lazy=false
DEBUG 25-09-03 19:50:32[restartedMain] [AbstractPropertyHolder:106] - Attempting to locate auto-apply AttributeConverter for property [com.mjc813.food_web.food.dto.FoodEntity:name]
DEBUG 25-09-03 19:50:32[restartedMain] [BasicValueBinder:1219] - building BasicValue for name
DEBUG 25-09-03 19:50:32[restartedMain] [BasicValue:300] - Skipping column re-registration: food_tbl.name
DEBUG 25-09-03 19:50:32[restartedMain] [PropertyBinder:415] - Building property name
INFO  25-09-03 19:50:32[HikariPool-1:connection-adder] [log4j2:365] -  com.zaxxer.hikari.util.DriverDataSource.getConnection(DriverDataSource.java:144)
4. Connection opened. {executed in 31ms} 
open connections:  1 2 3 4 (4)
INFO  25-09-03 19:50:32[HikariPool-1:connection-adder] [log4j2:197] -  com.zaxxer.hikari.util.DriverDataSource.getConnection(DriverDataSource.java:144)
4. Connection.new Connection returned 
DEBUG 25-09-03 19:50:32[restartedMain] [AnnotatedColumn:268] - Binding column: AnnotatedColumn()
DEBUG 25-09-03 19:50:32[restartedMain] [PropertyBinder:262] - MetadataSourceProcessor property saltyLevel with lazy=false
DEBUG 25-09-03 19:50:32[restartedMain] [AbstractPropertyHolder:106] - Attempting to locate auto-apply AttributeConverter for property [com.mjc813.food_web.food.dto.FoodEntity:saltyLevel]
DEBUG 25-09-03 19:50:32[restartedMain] [BasicValueBinder:1219] - building BasicValue for saltyLevel
DEBUG 25-09-03 19:50:32[restartedMain] [BasicValue:300] - Skipping column re-registration: food_tbl.salty_level
DEBUG 25-09-03 19:50:32[restartedMain] [PropertyBinder:415] - Building property saltyLevel
DEBUG 25-09-03 19:50:32[restartedMain] [AnnotatedColumn:268] - Binding column: AnnotatedColumn()
DEBUG 25-09-03 19:50:32[restartedMain] [PropertyBinder:262] - MetadataSourceProcessor property sourLevel with lazy=false
INFO  25-09-03 19:50:32[HikariPool-1:connection-adder] [log4j2:197] -  com.zaxxer.hikari.pool.PoolBase.setupConnection(PoolBase.java:421)
4. Connection.isReadOnly() returned false
INFO  25-09-03 19:50:32[HikariPool-1:connection-adder] [log4j2:197] -  com.zaxxer.hikari.pool.PoolBase.setupConnection(PoolBase.java:425)
4. Connection.getAutoCommit() returned true
DEBUG 25-09-03 19:50:32[restartedMain] [AbstractPropertyHolder:106] - Attempting to locate auto-apply AttributeConverter for property [com.mjc813.food_web.food.dto.FoodEntity:sourLevel]
DEBUG 25-09-03 19:50:32[HikariPool-1:connection-adder] [PoolBase:378] - HikariPool-1 - Established new connection (2101ce03-4571-40b8-a310-896ec7be7756)
DEBUG 25-09-03 19:50:32[HikariPool-1:connection-adder] [HikariPool:756] - HikariPool-1 - Added connection net.sf.log4jdbc.sql.jdbcapi.ConnectionSpy@1d105d1e
DEBUG 25-09-03 19:50:32[restartedMain] [BasicValueBinder:1219] - building BasicValue for sourLevel
DEBUG 25-09-03 19:50:32[restartedMain] [BasicValue:300] - Skipping column re-registration: food_tbl.sour_level
DEBUG 25-09-03 19:50:32[restartedMain] [PropertyBinder:415] - Building property sourLevel
DEBUG 25-09-03 19:50:32[restartedMain] [AnnotatedColumn:268] - Binding column: AnnotatedColumn()
DEBUG 25-09-03 19:50:32[restartedMain] [PropertyBinder:262] - MetadataSourceProcessor property spicyLevel with lazy=false
DEBUG 25-09-03 19:50:32[restartedMain] [AbstractPropertyHolder:106] - Attempting to locate auto-apply AttributeConverter for property [com.mjc813.food_web.food.dto.FoodEntity:spicyLevel]
DEBUG 25-09-03 19:50:32[restartedMain] [BasicValueBinder:1219] - building BasicValue for spicyLevel
DEBUG 25-09-03 19:50:32[restartedMain] [BasicValue:300] - Skipping column re-registration: food_tbl.spicy_level
DEBUG 25-09-03 19:50:32[restartedMain] [PropertyBinder:415] - Building property spicyLevel
DEBUG 25-09-03 19:50:32[restartedMain] [AnnotatedColumn:268] - Binding column: AnnotatedColumn()
DEBUG 25-09-03 19:50:32[restartedMain] [PropertyBinder:262] - MetadataSourceProcessor property sweetLevel with lazy=false
DEBUG 25-09-03 19:50:32[restartedMain] [AbstractPropertyHolder:106] - Attempting to locate auto-apply AttributeConverter for property [com.mjc813.food_web.food.dto.FoodEntity:sweetLevel]
DEBUG 25-09-03 19:50:32[restartedMain] [BasicValueBinder:1219] - building BasicValue for sweetLevel
DEBUG 25-09-03 19:50:32[restartedMain] [BasicValue:300] - Skipping column re-registration: food_tbl.sweet_level
DEBUG 25-09-03 19:50:32[restartedMain] [PropertyBinder:415] - Building property sweetLevel
DEBUG 25-09-03 19:50:32[restartedMain] [ClassLoaderServiceImpl:261] - HHH000194: Package not found or no package-info.java: com.mjc813.food_web.food.dto
DEBUG 25-09-03 19:50:32[restartedMain] [EntityBinder:225] - Binding entity from annotated class: com.mjc813.food_web.food_category.dto.FoodCategoryEntity
DEBUG 25-09-03 19:50:32[restartedMain] [EntityBinder:1364] - Import with entity name FoodCategoryEntity
DEBUG 25-09-03 19:50:32[restartedMain] [EntityBinder:1908] - Bind entity com.mjc813.food_web.food_category.dto.FoodCategoryEntity on table food_category_tbl
DEBUG 25-09-03 19:50:32[restartedMain] [AnnotatedColumn:268] - Binding column: AnnotatedDiscriminatorColumn(column='DTYPE')
DEBUG 25-09-03 19:50:32[restartedMain] [AnnotatedColumn:268] - Binding column: AnnotatedColumn()
DEBUG 25-09-03 19:50:32[restartedMain] [ClassLoaderAccessImpl:60] - Not known whether passed class name [com.mjc813.food_web.food_category.dto.FoodCategoryEntity] is safe
DEBUG 25-09-03 19:50:32[restartedMain] [ClassLoaderAccessImpl:62] - No temp ClassLoader provided; using live ClassLoader for loading potentially unsafe class : com.mjc813.food_web.food_category.dto.FoodCategoryEntity
DEBUG 25-09-03 19:50:32[restartedMain] [PropertyBinder:262] - MetadataSourceProcessor property id with lazy=false
DEBUG 25-09-03 19:50:32[restartedMain] [AbstractPropertyHolder:106] - Attempting to locate auto-apply AttributeConverter for property [com.mjc813.food_web.food_category.dto.FoodCategoryEntity:id]
DEBUG 25-09-03 19:50:32[restartedMain] [BasicValueBinder:1219] - building BasicValue for id
DEBUG 25-09-03 19:50:32[restartedMain] [BasicValue:300] - Skipping column re-registration: food_category_tbl.id
DEBUG 25-09-03 19:50:32[restartedMain] [PropertyBinder:415] - Building property id
DEBUG 25-09-03 19:50:32[restartedMain] [BinderHelper:80] - #makeIdGenerator(BasicValue([Column(id)]), id, identity, , ...)
DEBUG 25-09-03 19:50:32[restartedMain] [AnnotatedColumn:268] - Binding column: AnnotatedColumn()
DEBUG 25-09-03 19:50:32[restartedMain] [PropertyBinder:262] - MetadataSourceProcessor property name with lazy=false
DEBUG 25-09-03 19:50:32[restartedMain] [AbstractPropertyHolder:106] - Attempting to locate auto-apply AttributeConverter for property [com.mjc813.food_web.food_category.dto.FoodCategoryEntity:name]
DEBUG 25-09-03 19:50:32[restartedMain] [BasicValueBinder:1219] - building BasicValue for name
DEBUG 25-09-03 19:50:32[restartedMain] [BasicValue:300] - Skipping column re-registration: food_category_tbl.name
DEBUG 25-09-03 19:50:32[restartedMain] [PropertyBinder:415] - Building property name
DEBUG 25-09-03 19:50:32[restartedMain] [ClassLoaderServiceImpl:261] - HHH000194: Package not found or no package-info.java: com.mjc813.food_web.food_category.dto
DEBUG 25-09-03 19:50:32[restartedMain] [EntityBinder:225] - Binding entity from annotated class: com.mjc813.food_web.food_file.dto.FoodFileEntity
DEBUG 25-09-03 19:50:32[restartedMain] [EntityBinder:1364] - Import with entity name FoodFileEntity
DEBUG 25-09-03 19:50:32[restartedMain] [EntityBinder:1908] - Bind entity com.mjc813.food_web.food_file.dto.FoodFileEntity on table food_file_tbl
DEBUG 25-09-03 19:50:32[restartedMain] [AnnotatedColumn:268] - Binding column: AnnotatedDiscriminatorColumn(column='DTYPE')
DEBUG 25-09-03 19:50:32[restartedMain] [AnnotatedColumn:268] - Binding column: AnnotatedColumn()
DEBUG 25-09-03 19:50:32[restartedMain] [ClassLoaderAccessImpl:60] - Not known whether passed class name [com.mjc813.food_web.food_file.dto.FoodFileEntity] is safe
DEBUG 25-09-03 19:50:32[restartedMain] [ClassLoaderAccessImpl:62] - No temp ClassLoader provided; using live ClassLoader for loading potentially unsafe class : com.mjc813.food_web.food_file.dto.FoodFileEntity
DEBUG 25-09-03 19:50:32[restartedMain] [PropertyBinder:262] - MetadataSourceProcessor property id with lazy=false
DEBUG 25-09-03 19:50:32[restartedMain] [AbstractPropertyHolder:106] - Attempting to locate auto-apply AttributeConverter for property [com.mjc813.food_web.food_file.dto.FoodFileEntity:id]
DEBUG 25-09-03 19:50:32[restartedMain] [BasicValueBinder:1219] - building BasicValue for id
DEBUG 25-09-03 19:50:32[restartedMain] [BasicValue:300] - Skipping column re-registration: food_file_tbl.id
DEBUG 25-09-03 19:50:32[restartedMain] [PropertyBinder:415] - Building property id
DEBUG 25-09-03 19:50:32[restartedMain] [BinderHelper:80] - #makeIdGenerator(BasicValue([Column(id)]), id, identity, , ...)
DEBUG 25-09-03 19:50:32[restartedMain] [AnnotatedColumn:268] - Binding column: AnnotatedColumn()
DEBUG 25-09-03 19:50:32[restartedMain] [PropertyBinder:262] - MetadataSourceProcessor property dir with lazy=false
DEBUG 25-09-03 19:50:32[restartedMain] [AbstractPropertyHolder:106] - Attempting to locate auto-apply AttributeConverter for property [com.mjc813.food_web.food_file.dto.FoodFileEntity:dir]
DEBUG 25-09-03 19:50:32[restartedMain] [BasicValueBinder:1219] - building BasicValue for dir
DEBUG 25-09-03 19:50:32[restartedMain] [BasicValue:300] - Skipping column re-registration: food_file_tbl.dir
DEBUG 25-09-03 19:50:32[restartedMain] [PropertyBinder:415] - Building property dir
DEBUG 25-09-03 19:50:32[restartedMain] [AnnotatedColumn:268] - Binding column: AnnotatedColumn()
DEBUG 25-09-03 19:50:32[restartedMain] [PropertyBinder:262] - MetadataSourceProcessor property ext with lazy=false
DEBUG 25-09-03 19:50:32[restartedMain] [AbstractPropertyHolder:106] - Attempting to locate auto-apply AttributeConverter for property [com.mjc813.food_web.food_file.dto.FoodFileEntity:ext]
DEBUG 25-09-03 19:50:32[restartedMain] [BasicValueBinder:1219] - building BasicValue for ext
DEBUG 25-09-03 19:50:32[restartedMain] [BasicValue:300] - Skipping column re-registration: food_file_tbl.ext
DEBUG 25-09-03 19:50:32[restartedMain] [PropertyBinder:415] - Building property ext
DEBUG 25-09-03 19:50:32[restartedMain] [AnnotatedColumn:268] - Binding column: AnnotatedJoinColumn(column='food_id')
DEBUG 25-09-03 19:50:32[restartedMain] [AnnotatedColumn:268] - Binding column: AnnotatedColumn()
DEBUG 25-09-03 19:50:32[restartedMain] [PropertyBinder:415] - Building property foodEntity
DEBUG 25-09-03 19:50:32[restartedMain] [AnnotatedColumn:268] - Binding column: AnnotatedColumn()
DEBUG 25-09-03 19:50:32[restartedMain] [PropertyBinder:262] - MetadataSourceProcessor property name with lazy=false
DEBUG 25-09-03 19:50:32[restartedMain] [AbstractPropertyHolder:106] - Attempting to locate auto-apply AttributeConverter for property [com.mjc813.food_web.food_file.dto.FoodFileEntity:name]
DEBUG 25-09-03 19:50:32[restartedMain] [BasicValueBinder:1219] - building BasicValue for name
DEBUG 25-09-03 19:50:32[restartedMain] [BasicValue:300] - Skipping column re-registration: food_file_tbl.name
DEBUG 25-09-03 19:50:32[restartedMain] [PropertyBinder:415] - Building property name
DEBUG 25-09-03 19:50:32[restartedMain] [AnnotatedColumn:268] - Binding column: AnnotatedColumn()
DEBUG 25-09-03 19:50:32[restartedMain] [PropertyBinder:262] - MetadataSourceProcessor property realName with lazy=false
DEBUG 25-09-03 19:50:32[restartedMain] [AbstractPropertyHolder:106] - Attempting to locate auto-apply AttributeConverter for property [com.mjc813.food_web.food_file.dto.FoodFileEntity:realName]
DEBUG 25-09-03 19:50:32[restartedMain] [BasicValueBinder:1219] - building BasicValue for realName
DEBUG 25-09-03 19:50:32[restartedMain] [BasicValue:300] - Skipping column re-registration: food_file_tbl.real_name
DEBUG 25-09-03 19:50:32[restartedMain] [PropertyBinder:415] - Building property realName
DEBUG 25-09-03 19:50:32[restartedMain] [AnnotatedColumn:268] - Binding column: AnnotatedColumn()
DEBUG 25-09-03 19:50:32[restartedMain] [PropertyBinder:262] - MetadataSourceProcessor property size with lazy=false
DEBUG 25-09-03 19:50:32[restartedMain] [AbstractPropertyHolder:106] - Attempting to locate auto-apply AttributeConverter for property [com.mjc813.food_web.food_file.dto.FoodFileEntity:size]
DEBUG 25-09-03 19:50:32[restartedMain] [BasicValueBinder:1219] - building BasicValue for size
DEBUG 25-09-03 19:50:32[restartedMain] [BasicValue:300] - Skipping column re-registration: food_file_tbl.size
DEBUG 25-09-03 19:50:32[restartedMain] [PropertyBinder:415] - Building property size
DEBUG 25-09-03 19:50:32[restartedMain] [ClassLoaderServiceImpl:261] - HHH000194: Package not found or no package-info.java: com.mjc813.food_web.food_file.dto
DEBUG 25-09-03 19:50:32[restartedMain] [EntityBinder:225] - Binding entity from annotated class: com.mjc813.food_web.food_ingredient.dto.FoodIngredientEntity
DEBUG 25-09-03 19:50:32[restartedMain] [EntityBinder:1364] - Import with entity name FoodIngredientEntity
DEBUG 25-09-03 19:50:32[restartedMain] [EntityBinder:1908] - Bind entity com.mjc813.food_web.food_ingredient.dto.FoodIngredientEntity on table food_ingredient_tbl
DEBUG 25-09-03 19:50:32[HikariPool-1:connection-adder] [HikariPool:422] - HikariPool-1 - After adding stats (total=4/10, idle=4/10, active=0, waiting=0)
DEBUG 25-09-03 19:50:32[HikariPool-1:connection-adder] [PoolBase:366] - HikariPool-1 - Attempting to create/setup new connection (96d78867-8b6c-4055-a015-1cff6f1f8994)
DEBUG 25-09-03 19:50:32[restartedMain] [AnnotatedColumn:268] - Binding column: AnnotatedDiscriminatorColumn(column='DTYPE')
DEBUG 25-09-03 19:50:32[restartedMain] [AnnotatedColumn:268] - Binding column: AnnotatedColumn()
DEBUG 25-09-03 19:50:32[restartedMain] [ClassLoaderAccessImpl:60] - Not known whether passed class name [com.mjc813.food_web.food_ingredient.dto.FoodIngredientEntity] is safe
DEBUG 25-09-03 19:50:32[restartedMain] [ClassLoaderAccessImpl:62] - No temp ClassLoader provided; using live ClassLoader for loading potentially unsafe class : com.mjc813.food_web.food_ingredient.dto.FoodIngredientEntity
DEBUG 25-09-03 19:50:32[restartedMain] [PropertyBinder:262] - MetadataSourceProcessor property id with lazy=false
DEBUG 25-09-03 19:50:32[restartedMain] [AbstractPropertyHolder:106] - Attempting to locate auto-apply AttributeConverter for property [com.mjc813.food_web.food_ingredient.dto.FoodIngredientEntity:id]
DEBUG 25-09-03 19:50:32[restartedMain] [BasicValueBinder:1219] - building BasicValue for id
DEBUG 25-09-03 19:50:32[restartedMain] [BasicValue:300] - Skipping column re-registration: food_ingredient_tbl.id
DEBUG 25-09-03 19:50:32[restartedMain] [PropertyBinder:415] - Building property id
DEBUG 25-09-03 19:50:32[restartedMain] [BinderHelper:80] - #makeIdGenerator(BasicValue([Column(id)]), id, identity, , ...)
DEBUG 25-09-03 19:50:32[restartedMain] [AnnotatedColumn:268] - Binding column: AnnotatedColumn()
DEBUG 25-09-03 19:50:32[restartedMain] [PropertyBinder:262] - MetadataSourceProcessor property capacity with lazy=false
DEBUG 25-09-03 19:50:32[restartedMain] [AbstractPropertyHolder:106] - Attempting to locate auto-apply AttributeConverter for property [com.mjc813.food_web.food_ingredient.dto.FoodIngredientEntity:capacity]
DEBUG 25-09-03 19:50:32[restartedMain] [BasicValueBinder:1219] - building BasicValue for capacity
DEBUG 25-09-03 19:50:32[restartedMain] [BasicValue:300] - Skipping column re-registration: food_ingredient_tbl.capacity
DEBUG 25-09-03 19:50:32[restartedMain] [PropertyBinder:415] - Building property capacity
DEBUG 25-09-03 19:50:32[restartedMain] [AnnotatedColumn:268] - Binding column: AnnotatedJoinColumn(column='food_id')
DEBUG 25-09-03 19:50:32[restartedMain] [AnnotatedColumn:268] - Binding column: AnnotatedColumn()
DEBUG 25-09-03 19:50:32[restartedMain] [PropertyBinder:415] - Building property foodEntity
DEBUG 25-09-03 19:50:32[restartedMain] [AnnotatedColumn:268] - Binding column: AnnotatedJoinColumn(column='ingredient_id')
DEBUG 25-09-03 19:50:32[restartedMain] [AnnotatedColumn:268] - Binding column: AnnotatedColumn()
DEBUG 25-09-03 19:50:32[restartedMain] [PropertyBinder:415] - Building property ingredientEntity
DEBUG 25-09-03 19:50:32[restartedMain] [AnnotatedColumn:268] - Binding column: AnnotatedColumn()
DEBUG 25-09-03 19:50:32[restartedMain] [PropertyBinder:262] - MetadataSourceProcessor property unit with lazy=false
DEBUG 25-09-03 19:50:32[restartedMain] [AbstractPropertyHolder:106] - Attempting to locate auto-apply AttributeConverter for property [com.mjc813.food_web.food_ingredient.dto.FoodIngredientEntity:unit]
DEBUG 25-09-03 19:50:32[restartedMain] [BasicValueBinder:1219] - building BasicValue for unit
DEBUG 25-09-03 19:50:32[restartedMain] [BasicValue:300] - Skipping column re-registration: food_ingredient_tbl.unit
DEBUG 25-09-03 19:50:32[restartedMain] [PropertyBinder:415] - Building property unit
DEBUG 25-09-03 19:50:32[restartedMain] [ClassLoaderServiceImpl:261] - HHH000194: Package not found or no package-info.java: com.mjc813.food_web.food_ingredient.dto
DEBUG 25-09-03 19:50:32[restartedMain] [EntityBinder:225] - Binding entity from annotated class: com.mjc813.food_web.ingredient.dto.IngredientEntity
DEBUG 25-09-03 19:50:32[restartedMain] [EntityBinder:1364] - Import with entity name IngredientEntity
DEBUG 25-09-03 19:50:32[restartedMain] [EntityBinder:1908] - Bind entity com.mjc813.food_web.ingredient.dto.IngredientEntity on table ingredient_tbl
DEBUG 25-09-03 19:50:32[restartedMain] [AnnotatedColumn:268] - Binding column: AnnotatedDiscriminatorColumn(column='DTYPE')
DEBUG 25-09-03 19:50:32[restartedMain] [AnnotatedColumn:268] - Binding column: AnnotatedColumn()
DEBUG 25-09-03 19:50:32[restartedMain] [ClassLoaderAccessImpl:60] - Not known whether passed class name [com.mjc813.food_web.ingredient.dto.IngredientEntity] is safe
DEBUG 25-09-03 19:50:32[restartedMain] [ClassLoaderAccessImpl:62] - No temp ClassLoader provided; using live ClassLoader for loading potentially unsafe class : com.mjc813.food_web.ingredient.dto.IngredientEntity
DEBUG 25-09-03 19:50:32[restartedMain] [PropertyBinder:262] - MetadataSourceProcessor property id with lazy=false
DEBUG 25-09-03 19:50:32[restartedMain] [AbstractPropertyHolder:106] - Attempting to locate auto-apply AttributeConverter for property [com.mjc813.food_web.ingredient.dto.IngredientEntity:id]
DEBUG 25-09-03 19:50:32[restartedMain] [BasicValueBinder:1219] - building BasicValue for id
DEBUG 25-09-03 19:50:32[restartedMain] [BasicValue:300] - Skipping column re-registration: ingredient_tbl.id
DEBUG 25-09-03 19:50:32[restartedMain] [PropertyBinder:415] - Building property id
DEBUG 25-09-03 19:50:32[restartedMain] [BinderHelper:80] - #makeIdGenerator(BasicValue([Column(id)]), id, identity, , ...)
DEBUG 25-09-03 19:50:32[restartedMain] [AnnotatedColumn:268] - Binding column: AnnotatedJoinColumn(column='ingredient_category_id')
DEBUG 25-09-03 19:50:32[restartedMain] [AnnotatedColumn:268] - Binding column: AnnotatedColumn()
DEBUG 25-09-03 19:50:32[restartedMain] [PropertyBinder:415] - Building property ingredientCategoryEntity
DEBUG 25-09-03 19:50:32[restartedMain] [AnnotatedColumn:268] - Binding column: AnnotatedColumn()
DEBUG 25-09-03 19:50:32[restartedMain] [PropertyBinder:262] - MetadataSourceProcessor property name with lazy=false
DEBUG 25-09-03 19:50:32[restartedMain] [AbstractPropertyHolder:106] - Attempting to locate auto-apply AttributeConverter for property [com.mjc813.food_web.ingredient.dto.IngredientEntity:name]
DEBUG 25-09-03 19:50:32[restartedMain] [BasicValueBinder:1219] - building BasicValue for name
DEBUG 25-09-03 19:50:32[restartedMain] [BasicValue:300] - Skipping column re-registration: ingredient_tbl.name
DEBUG 25-09-03 19:50:32[restartedMain] [PropertyBinder:415] - Building property name
DEBUG 25-09-03 19:50:32[restartedMain] [ClassLoaderServiceImpl:261] - HHH000194: Package not found or no package-info.java: com.mjc813.food_web.ingredient.dto
DEBUG 25-09-03 19:50:32[restartedMain] [EntityBinder:225] - Binding entity from annotated class: com.mjc813.food_web.ingredient_category.dto.IngredientCategoryEntity
DEBUG 25-09-03 19:50:32[restartedMain] [EntityBinder:1364] - Import with entity name IngredientCategoryEntity
DEBUG 25-09-03 19:50:32[restartedMain] [EntityBinder:1908] - Bind entity com.mjc813.food_web.ingredient_category.dto.IngredientCategoryEntity on table ingredient_category_tbl
DEBUG 25-09-03 19:50:32[restartedMain] [AnnotatedColumn:268] - Binding column: AnnotatedDiscriminatorColumn(column='DTYPE')
DEBUG 25-09-03 19:50:32[restartedMain] [AnnotatedColumn:268] - Binding column: AnnotatedColumn()
DEBUG 25-09-03 19:50:32[restartedMain] [ClassLoaderAccessImpl:60] - Not known whether passed class name [com.mjc813.food_web.ingredient_category.dto.IngredientCategoryEntity] is safe
DEBUG 25-09-03 19:50:32[restartedMain] [ClassLoaderAccessImpl:62] - No temp ClassLoader provided; using live ClassLoader for loading potentially unsafe class : com.mjc813.food_web.ingredient_category.dto.IngredientCategoryEntity
DEBUG 25-09-03 19:50:32[restartedMain] [PropertyBinder:262] - MetadataSourceProcessor property id with lazy=false
DEBUG 25-09-03 19:50:32[restartedMain] [AbstractPropertyHolder:106] - Attempting to locate auto-apply AttributeConverter for property [com.mjc813.food_web.ingredient_category.dto.IngredientCategoryEntity:id]
DEBUG 25-09-03 19:50:32[restartedMain] [BasicValueBinder:1219] - building BasicValue for id
DEBUG 25-09-03 19:50:32[restartedMain] [BasicValue:300] - Skipping column re-registration: ingredient_category_tbl.id
DEBUG 25-09-03 19:50:32[restartedMain] [PropertyBinder:415] - Building property id
DEBUG 25-09-03 19:50:32[restartedMain] [BinderHelper:80] - #makeIdGenerator(BasicValue([Column(id)]), id, identity, , ...)
DEBUG 25-09-03 19:50:32[restartedMain] [AnnotatedColumn:268] - Binding column: AnnotatedColumn()
DEBUG 25-09-03 19:50:32[restartedMain] [PropertyBinder:262] - MetadataSourceProcessor property name with lazy=false
DEBUG 25-09-03 19:50:32[restartedMain] [AbstractPropertyHolder:106] - Attempting to locate auto-apply AttributeConverter for property [com.mjc813.food_web.ingredient_category.dto.IngredientCategoryEntity:name]
DEBUG 25-09-03 19:50:32[restartedMain] [BasicValueBinder:1219] - building BasicValue for name
DEBUG 25-09-03 19:50:32[restartedMain] [BasicValue:300] - Skipping column re-registration: ingredient_category_tbl.name
DEBUG 25-09-03 19:50:32[restartedMain] [PropertyBinder:415] - Building property name
DEBUG 25-09-03 19:50:32[restartedMain] [ClassLoaderServiceImpl:261] - HHH000194: Package not found or no package-info.java: com.mjc813.food_web.ingredient_category.dto
INFO  25-09-03 19:50:32[HikariPool-1:connection-adder] [log4j2:365] -  com.zaxxer.hikari.util.DriverDataSource.getConnection(DriverDataSource.java:144)
5. Connection opened. {executed in 31ms} 
open connections:  1 2 3 4 5 (5)
INFO  25-09-03 19:50:32[HikariPool-1:connection-adder] [log4j2:197] -  com.zaxxer.hikari.util.DriverDataSource.getConnection(DriverDataSource.java:144)
5. Connection.new Connection returned 
DEBUG 25-09-03 19:50:32[restartedMain] [EntityBinder:225] - Binding entity from annotated class: com.mjc813.food_web.member.dto.MemberEntity
DEBUG 25-09-03 19:50:32[restartedMain] [EntityBinder:1364] - Import with entity name MemberEntity
DEBUG 25-09-03 19:50:32[restartedMain] [EntityBinder:1908] - Bind entity com.mjc813.food_web.member.dto.MemberEntity on table member_tbl
DEBUG 25-09-03 19:50:32[restartedMain] [AnnotatedColumn:268] - Binding column: AnnotatedDiscriminatorColumn(column='DTYPE')
INFO  25-09-03 19:50:32[HikariPool-1:connection-adder] [log4j2:197] -  com.zaxxer.hikari.pool.PoolBase.setupConnection(PoolBase.java:421)
5. Connection.isReadOnly() returned false
INFO  25-09-03 19:50:32[HikariPool-1:connection-adder] [log4j2:197] -  com.zaxxer.hikari.pool.PoolBase.setupConnection(PoolBase.java:425)
5. Connection.getAutoCommit() returned true
DEBUG 25-09-03 19:50:32[restartedMain] [AnnotatedColumn:268] - Binding column: AnnotatedColumn()
DEBUG 25-09-03 19:50:32[HikariPool-1:connection-adder] [PoolBase:378] - HikariPool-1 - Established new connection (96d78867-8b6c-4055-a015-1cff6f1f8994)
DEBUG 25-09-03 19:50:32[HikariPool-1:connection-adder] [HikariPool:756] - HikariPool-1 - Added connection net.sf.log4jdbc.sql.jdbcapi.ConnectionSpy@71961a0d
DEBUG 25-09-03 19:50:32[restartedMain] [ClassLoaderAccessImpl:60] - Not known whether passed class name [com.mjc813.food_web.member.dto.MemberEntity] is safe
DEBUG 25-09-03 19:50:32[restartedMain] [ClassLoaderAccessImpl:62] - No temp ClassLoader provided; using live ClassLoader for loading potentially unsafe class : com.mjc813.food_web.member.dto.MemberEntity
DEBUG 25-09-03 19:50:32[restartedMain] [PropertyBinder:262] - MetadataSourceProcessor property Id with lazy=false
DEBUG 25-09-03 19:50:32[restartedMain] [AbstractPropertyHolder:106] - Attempting to locate auto-apply AttributeConverter for property [com.mjc813.food_web.member.dto.MemberEntity:Id]
DEBUG 25-09-03 19:50:32[restartedMain] [BasicValueBinder:1219] - building BasicValue for Id
DEBUG 25-09-03 19:50:32[restartedMain] [BasicValue:300] - Skipping column re-registration: member_tbl.id
DEBUG 25-09-03 19:50:32[restartedMain] [PropertyBinder:415] - Building property Id
DEBUG 25-09-03 19:50:32[restartedMain] [BinderHelper:80] - #makeIdGenerator(BasicValue([Column(id)]), Id, identity, , ...)
DEBUG 25-09-03 19:50:32[restartedMain] [AnnotatedColumn:268] - Binding column: AnnotatedColumn()
DEBUG 25-09-03 19:50:32[restartedMain] [PropertyBinder:262] - MetadataSourceProcessor property email with lazy=false
DEBUG 25-09-03 19:50:32[restartedMain] [AbstractPropertyHolder:106] - Attempting to locate auto-apply AttributeConverter for property [com.mjc813.food_web.member.dto.MemberEntity:email]
DEBUG 25-09-03 19:50:32[restartedMain] [BasicValueBinder:1219] - building BasicValue for email
DEBUG 25-09-03 19:50:32[restartedMain] [BasicValue:300] - Skipping column re-registration: member_tbl.email
DEBUG 25-09-03 19:50:32[restartedMain] [PropertyBinder:415] - Building property email
DEBUG 25-09-03 19:50:32[restartedMain] [AnnotatedColumn:268] - Binding column: AnnotatedColumn()
DEBUG 25-09-03 19:50:32[restartedMain] [PropertyBinder:262] - MetadataSourceProcessor property name with lazy=false
DEBUG 25-09-03 19:50:32[restartedMain] [AbstractPropertyHolder:106] - Attempting to locate auto-apply AttributeConverter for property [com.mjc813.food_web.member.dto.MemberEntity:name]
DEBUG 25-09-03 19:50:32[restartedMain] [BasicValueBinder:1219] - building BasicValue for name
DEBUG 25-09-03 19:50:32[restartedMain] [BasicValue:300] - Skipping column re-registration: member_tbl.name
DEBUG 25-09-03 19:50:32[restartedMain] [PropertyBinder:415] - Building property name
DEBUG 25-09-03 19:50:32[restartedMain] [AnnotatedColumn:268] - Binding column: AnnotatedColumn()
DEBUG 25-09-03 19:50:32[restartedMain] [PropertyBinder:262] - MetadataSourceProcessor property nickName with lazy=false
DEBUG 25-09-03 19:50:32[restartedMain] [AbstractPropertyHolder:106] - Attempting to locate auto-apply AttributeConverter for property [com.mjc813.food_web.member.dto.MemberEntity:nickName]
DEBUG 25-09-03 19:50:32[restartedMain] [BasicValueBinder:1219] - building BasicValue for nickName
DEBUG 25-09-03 19:50:32[restartedMain] [BasicValue:300] - Skipping column re-registration: member_tbl.nick_name
DEBUG 25-09-03 19:50:32[restartedMain] [PropertyBinder:415] - Building property nickName
DEBUG 25-09-03 19:50:32[restartedMain] [AnnotatedColumn:268] - Binding column: AnnotatedColumn()
DEBUG 25-09-03 19:50:32[restartedMain] [PropertyBinder:262] - MetadataSourceProcessor property password with lazy=false
DEBUG 25-09-03 19:50:32[restartedMain] [AbstractPropertyHolder:106] - Attempting to locate auto-apply AttributeConverter for property [com.mjc813.food_web.member.dto.MemberEntity:password]
DEBUG 25-09-03 19:50:32[restartedMain] [BasicValueBinder:1219] - building BasicValue for password
DEBUG 25-09-03 19:50:32[restartedMain] [BasicValue:300] - Skipping column re-registration: member_tbl.password
DEBUG 25-09-03 19:50:32[restartedMain] [PropertyBinder:415] - Building property password
DEBUG 25-09-03 19:50:32[restartedMain] [AnnotatedColumn:268] - Binding column: AnnotatedColumn()
DEBUG 25-09-03 19:50:32[restartedMain] [PropertyBinder:262] - MetadataSourceProcessor property phoneNumber with lazy=false
DEBUG 25-09-03 19:50:32[restartedMain] [AbstractPropertyHolder:106] - Attempting to locate auto-apply AttributeConverter for property [com.mjc813.food_web.member.dto.MemberEntity:phoneNumber]
DEBUG 25-09-03 19:50:32[restartedMain] [BasicValueBinder:1219] - building BasicValue for phoneNumber
DEBUG 25-09-03 19:50:32[restartedMain] [BasicValue:300] - Skipping column re-registration: member_tbl.phone_number
DEBUG 25-09-03 19:50:32[restartedMain] [PropertyBinder:415] - Building property phoneNumber
DEBUG 25-09-03 19:50:32[restartedMain] [AnnotatedColumn:268] - Binding column: AnnotatedColumn()
DEBUG 25-09-03 19:50:32[restartedMain] [PropertyBinder:262] - MetadataSourceProcessor property role with lazy=false
DEBUG 25-09-03 19:50:32[restartedMain] [AbstractPropertyHolder:106] - Attempting to locate auto-apply AttributeConverter for property [com.mjc813.food_web.member.dto.MemberEntity:role]
DEBUG 25-09-03 19:50:32[restartedMain] [BasicValueBinder:1219] - building BasicValue for role
DEBUG 25-09-03 19:50:32[restartedMain] [BasicValue:300] - Skipping column re-registration: member_tbl.role
DEBUG 25-09-03 19:50:32[restartedMain] [PropertyBinder:415] - Building property role
DEBUG 25-09-03 19:50:32[restartedMain] [AnnotatedColumn:268] - Binding column: AnnotatedColumn()
DEBUG 25-09-03 19:50:32[restartedMain] [PropertyBinder:262] - MetadataSourceProcessor property username with lazy=false
DEBUG 25-09-03 19:50:32[restartedMain] [AbstractPropertyHolder:106] - Attempting to locate auto-apply AttributeConverter for property [com.mjc813.food_web.member.dto.MemberEntity:username]
DEBUG 25-09-03 19:50:32[restartedMain] [BasicValueBinder:1219] - building BasicValue for username
DEBUG 25-09-03 19:50:32[restartedMain] [BasicValue:300] - Skipping column re-registration: member_tbl.username
DEBUG 25-09-03 19:50:32[restartedMain] [PropertyBinder:415] - Building property username
DEBUG 25-09-03 19:50:32[restartedMain] [ClassLoaderServiceImpl:261] - HHH000194: Package not found or no package-info.java: com.mjc813.food_web.member.dto
DEBUG 25-09-03 19:50:32[restartedMain] [BasicValueBinder:1302] - Starting `BasicValueBinder#fillSimpleValue` for id
DEBUG 25-09-03 19:50:32[restartedMain] [BasicValueBinder:1302] - Starting `BasicValueBinder#fillSimpleValue` for description
DEBUG 25-09-03 19:50:32[restartedMain] [BasicValueBinder:1302] - Starting `BasicValueBinder#fillSimpleValue` for name
DEBUG 25-09-03 19:50:32[restartedMain] [BasicValueBinder:1302] - Starting `BasicValueBinder#fillSimpleValue` for saltyLevel
DEBUG 25-09-03 19:50:32[restartedMain] [BasicValueBinder:1302] - Starting `BasicValueBinder#fillSimpleValue` for sourLevel
DEBUG 25-09-03 19:50:32[restartedMain] [BasicValueBinder:1302] - Starting `BasicValueBinder#fillSimpleValue` for spicyLevel
DEBUG 25-09-03 19:50:32[restartedMain] [BasicValueBinder:1302] - Starting `BasicValueBinder#fillSimpleValue` for sweetLevel
DEBUG 25-09-03 19:50:32[restartedMain] [BasicValueBinder:1302] - Starting `BasicValueBinder#fillSimpleValue` for id
DEBUG 25-09-03 19:50:32[restartedMain] [BasicValueBinder:1302] - Starting `BasicValueBinder#fillSimpleValue` for name
DEBUG 25-09-03 19:50:32[restartedMain] [BasicValueBinder:1302] - Starting `BasicValueBinder#fillSimpleValue` for id
DEBUG 25-09-03 19:50:32[restartedMain] [BasicValueBinder:1302] - Starting `BasicValueBinder#fillSimpleValue` for dir
DEBUG 25-09-03 19:50:32[restartedMain] [BasicValueBinder:1302] - Starting `BasicValueBinder#fillSimpleValue` for ext
DEBUG 25-09-03 19:50:32[restartedMain] [BasicValueBinder:1302] - Starting `BasicValueBinder#fillSimpleValue` for name
DEBUG 25-09-03 19:50:32[restartedMain] [BasicValueBinder:1302] - Starting `BasicValueBinder#fillSimpleValue` for realName
DEBUG 25-09-03 19:50:32[restartedMain] [BasicValueBinder:1302] - Starting `BasicValueBinder#fillSimpleValue` for size
DEBUG 25-09-03 19:50:32[restartedMain] [BasicValueBinder:1302] - Starting `BasicValueBinder#fillSimpleValue` for id
DEBUG 25-09-03 19:50:32[restartedMain] [BasicValueBinder:1302] - Starting `BasicValueBinder#fillSimpleValue` for capacity
DEBUG 25-09-03 19:50:32[restartedMain] [BasicValueBinder:1302] - Starting `BasicValueBinder#fillSimpleValue` for unit
DEBUG 25-09-03 19:50:32[restartedMain] [BasicValueBinder:1302] - Starting `BasicValueBinder#fillSimpleValue` for id
DEBUG 25-09-03 19:50:32[restartedMain] [BasicValueBinder:1302] - Starting `BasicValueBinder#fillSimpleValue` for name
DEBUG 25-09-03 19:50:32[restartedMain] [BasicValueBinder:1302] - Starting `BasicValueBinder#fillSimpleValue` for id
DEBUG 25-09-03 19:50:32[restartedMain] [BasicValueBinder:1302] - Starting `BasicValueBinder#fillSimpleValue` for name
DEBUG 25-09-03 19:50:32[restartedMain] [BasicValueBinder:1302] - Starting `BasicValueBinder#fillSimpleValue` for Id
DEBUG 25-09-03 19:50:32[restartedMain] [BasicValueBinder:1302] - Starting `BasicValueBinder#fillSimpleValue` for email
DEBUG 25-09-03 19:50:32[restartedMain] [BasicValueBinder:1302] - Starting `BasicValueBinder#fillSimpleValue` for name
DEBUG 25-09-03 19:50:32[restartedMain] [BasicValueBinder:1302] - Starting `BasicValueBinder#fillSimpleValue` for nickName
DEBUG 25-09-03 19:50:32[restartedMain] [BasicValueBinder:1302] - Starting `BasicValueBinder#fillSimpleValue` for password
DEBUG 25-09-03 19:50:32[restartedMain] [BasicValueBinder:1302] - Starting `BasicValueBinder#fillSimpleValue` for phoneNumber
DEBUG 25-09-03 19:50:32[restartedMain] [BasicValueBinder:1302] - Starting `BasicValueBinder#fillSimpleValue` for role
DEBUG 25-09-03 19:50:32[restartedMain] [BasicValueBinder:1302] - Starting `BasicValueBinder#fillSimpleValue` for username
DEBUG 25-09-03 19:50:32[restartedMain] [PrimaryKey:41] - Forcing column [id] to be non-null as it is part of the primary key for table [food_tbl]
DEBUG 25-09-03 19:50:32[restartedMain] [PrimaryKey:41] - Forcing column [id] to be non-null as it is part of the primary key for table [food_category_tbl]
DEBUG 25-09-03 19:50:32[restartedMain] [PrimaryKey:41] - Forcing column [id] to be non-null as it is part of the primary key for table [food_file_tbl]
DEBUG 25-09-03 19:50:32[restartedMain] [PrimaryKey:41] - Forcing column [id] to be non-null as it is part of the primary key for table [food_ingredient_tbl]
DEBUG 25-09-03 19:50:32[restartedMain] [PrimaryKey:41] - Forcing column [id] to be non-null as it is part of the primary key for table [ingredient_tbl]
DEBUG 25-09-03 19:50:32[restartedMain] [PrimaryKey:41] - Forcing column [id] to be non-null as it is part of the primary key for table [ingredient_category_tbl]
DEBUG 25-09-03 19:50:32[restartedMain] [PrimaryKey:41] - Forcing column [id] to be non-null as it is part of the primary key for table [member_tbl]
DEBUG 25-09-03 19:50:32[HikariPool-1:connection-adder] [HikariPool:422] - HikariPool-1 - After adding stats (total=5/10, idle=5/10, active=0, waiting=0)
DEBUG 25-09-03 19:50:32[HikariPool-1:connection-adder] [PoolBase:366] - HikariPool-1 - Attempting to create/setup new connection (97189390-6549-4a05-807a-05abb66dcaf8)
INFO  25-09-03 19:50:32[HikariPool-1:connection-adder] [log4j2:365] -  com.zaxxer.hikari.util.DriverDataSource.getConnection(DriverDataSource.java:144)
6. Connection opened. {executed in 21ms} 
open connections:  1 2 3 4 5 6 (6)
INFO  25-09-03 19:50:32[HikariPool-1:connection-adder] [log4j2:197] -  com.zaxxer.hikari.util.DriverDataSource.getConnection(DriverDataSource.java:144)
6. Connection.new Connection returned 
INFO  25-09-03 19:50:32[HikariPool-1:connection-adder] [log4j2:197] -  com.zaxxer.hikari.pool.PoolBase.setupConnection(PoolBase.java:421)
6. Connection.isReadOnly() returned false
INFO  25-09-03 19:50:32[HikariPool-1:connection-adder] [log4j2:197] -  com.zaxxer.hikari.pool.PoolBase.setupConnection(PoolBase.java:425)
6. Connection.getAutoCommit() returned true
DEBUG 25-09-03 19:50:32[HikariPool-1:connection-adder] [PoolBase:378] - HikariPool-1 - Established new connection (97189390-6549-4a05-807a-05abb66dcaf8)
DEBUG 25-09-03 19:50:32[HikariPool-1:connection-adder] [HikariPool:756] - HikariPool-1 - Added connection net.sf.log4jdbc.sql.jdbcapi.ConnectionSpy@55ebd42a
DEBUG 25-09-03 19:50:32[HikariPool-1:connection-adder] [HikariPool:422] - HikariPool-1 - After adding stats (total=6/10, idle=6/10, active=0, waiting=0)
DEBUG 25-09-03 19:50:32[HikariPool-1:connection-adder] [PoolBase:366] - HikariPool-1 - Attempting to create/setup new connection (1bac7b20-bc55-42ac-a521-08ef9901cb5a)
DEBUG 25-09-03 19:50:33[restartedMain] [SessionFactoryImpl:222] - Building session factory
INFO  25-09-03 19:50:33[HikariPool-1:connection-adder] [log4j2:365] -  com.zaxxer.hikari.util.DriverDataSource.getConnection(DriverDataSource.java:144)
7. Connection opened. {executed in 31ms} 
open connections:  1 2 3 4 5 6 7 (7)
INFO  25-09-03 19:50:33[HikariPool-1:connection-adder] [log4j2:197] -  com.zaxxer.hikari.util.DriverDataSource.getConnection(DriverDataSource.java:144)
7. Connection.new Connection returned 
INFO  25-09-03 19:50:33[HikariPool-1:connection-adder] [log4j2:197] -  com.zaxxer.hikari.pool.PoolBase.setupConnection(PoolBase.java:421)
7. Connection.isReadOnly() returned false
INFO  25-09-03 19:50:33[HikariPool-1:connection-adder] [log4j2:197] -  com.zaxxer.hikari.pool.PoolBase.setupConnection(PoolBase.java:425)
7. Connection.getAutoCommit() returned true
DEBUG 25-09-03 19:50:33[HikariPool-1:connection-adder] [PoolBase:378] - HikariPool-1 - Established new connection (1bac7b20-bc55-42ac-a521-08ef9901cb5a)
DEBUG 25-09-03 19:50:33[HikariPool-1:connection-adder] [HikariPool:756] - HikariPool-1 - Added connection net.sf.log4jdbc.sql.jdbcapi.ConnectionSpy@28f84df6
DEBUG 25-09-03 19:50:33[HikariPool-1:connection-adder] [HikariPool:422] - HikariPool-1 - After adding stats (total=7/10, idle=7/10, active=0, waiting=0)
DEBUG 25-09-03 19:50:33[HikariPool-1:connection-adder] [PoolBase:366] - HikariPool-1 - Attempting to create/setup new connection (7a2e0da0-eec1-434b-bee5-c88ddd810208)
DEBUG 25-09-03 19:50:33[restartedMain] [SessionFactoryServiceRegistryImpl:105] - EventListenerRegistry access via ServiceRegistry is deprecated.  Use `sessionFactory.getEventEngine().getListenerRegistry()` instead
DEBUG 25-09-03 19:50:33[restartedMain] [SessionFactoryImpl:240] - Instantiating SessionFactory with settings: {java.specification.version=24, sun.cpu.isalist=amd64, hibernate.resource.beans.container=org.springframework.orm.hibernate5.SpringBeanContainer@6b397e42, hibernate.connection.handling_mode=DELAYED_ACQUISITION_AND_HOLD, sun.jnu.encoding=MS949, hibernate.dialect=org.hibernate.dialect.MySQL8Dialect, hibernate.implicit_naming_strategy=org.springframework.boot.orm.jpa.hibernate.SpringImplicitNamingStrategy, java.class.path=C:\Users\eyese\lys_mjc813Exam\food_web\target\classes;C:\Users\eyese\.m2\repository\org\springframework\boot\spring-boot-starter-data-jpa\3.5.4\spring-boot-starter-data-jpa-3.5.4.jar;C:\Users\eyese\.m2\repository\org\springframework\boot\spring-boot-starter\3.5.4\spring-boot-starter-3.5.4.jar;C:\Users\eyese\.m2\repository\org\springframework\boot\spring-boot-starter-logging\3.5.4\spring-boot-starter-logging-3.5.4.jar;C:\Users\eyese\.m2\repository\ch\qos\logback\logback-classic\1.5.18\logback-classic-1.5.18.jar;C:\Users\eyese\.m2\repository\ch\qos\logback\logback-core\1.5.18\logback-core-1.5.18.jar;C:\Users\eyese\.m2\repository\org\apache\logging\log4j\log4j-to-slf4j\2.24.3\log4j-to-slf4j-2.24.3.jar;C:\Users\eyese\.m2\repository\org\apache\logging\log4j\log4j-api\2.24.3\log4j-api-2.24.3.jar;C:\Users\eyese\.m2\repository\org\slf4j\jul-to-slf4j\2.0.17\jul-to-slf4j-2.0.17.jar;C:\Users\eyese\.m2\repository\jakarta\annotation\jakarta.annotation-api\2.1.1\jakarta.annotation-api-2.1.1.jar;C:\Users\eyese\.m2\repository\org\yaml\snakeyaml\2.4\snakeyaml-2.4.jar;C:\Users\eyese\.m2\repository\org\springframework\boot\spring-boot-starter-jdbc\3.5.4\spring-boot-starter-jdbc-3.5.4.jar;C:\Users\eyese\.m2\repository\com\zaxxer\HikariCP\6.3.1\HikariCP-6.3.1.jar;C:\Users\eyese\.m2\repository\org\springframework\spring-jdbc\6.2.9\spring-jdbc-6.2.9.jar;C:\Users\eyese\.m2\repository\org\hibernate\orm\hibernate-core\6.6.22.Final\hibernate-core-6.6.22.Final.jar;C:\Users\eyese\.m2\repository\jakarta\persistence\jakarta.persistence-api\3.1.0\jakarta.persistence-api-3.1.0.jar;C:\Users\eyese\.m2\repository\jakarta\transaction\jakarta.transaction-api\2.0.1\jakarta.transaction-api-2.0.1.jar;C:\Users\eyese\.m2\repository\org\jboss\logging\jboss-logging\3.6.1.Final\jboss-logging-3.6.1.Final.jar;C:\Users\eyese\.m2\repository\org\hibernate\common\hibernate-commons-annotations\7.0.3.Final\hibernate-commons-annotations-7.0.3.Final.jar;C:\Users\eyese\.m2\repository\io\smallrye\jandex\3.2.0\jandex-3.2.0.jar;C:\Users\eyese\.m2\repository\com\fasterxml\classmate\1.7.0\classmate-1.7.0.jar;C:\Users\eyese\.m2\repository\net\bytebuddy\byte-buddy\1.17.6\byte-buddy-1.17.6.jar;C:\Users\eyese\.m2\repository\org\glassfish\jaxb\jaxb-runtime\4.0.5\jaxb-runtime-4.0.5.jar;C:\Users\eyese\.m2\repository\org\glassfish\jaxb\jaxb-core\4.0.5\jaxb-core-4.0.5.jar;C:\Users\eyese\.m2\repository\org\glassfish\jaxb\txw2\4.0.5\txw2-4.0.5.jar;C:\Users\eyese\.m2\repository\com\sun\istack\istack-commons-runtime\4.1.2\istack-commons-runtime-4.1.2.jar;C:\Users\eyese\.m2\repository\jakarta\inject\jakarta.inject-api\2.0.1\jakarta.inject-api-2.0.1.jar;C:\Users\eyese\.m2\repository\org\antlr\antlr4-runtime\4.13.0\antlr4-runtime-4.13.0.jar;C:\Users\eyese\.m2\repository\org\springframework\data\spring-data-jpa\3.5.2\spring-data-jpa-3.5.2.jar;C:\Users\eyese\.m2\repository\org\springframework\data\spring-data-commons\3.5.2\spring-data-commons-3.5.2.jar;C:\Users\eyese\.m2\repository\org\springframework\spring-orm\6.2.9\spring-orm-6.2.9.jar;C:\Users\eyese\.m2\repository\org\springframework\spring-context\6.2.9\spring-context-6.2.9.jar;C:\Users\eyese\.m2\repository\org\springframework\spring-tx\6.2.9\spring-tx-6.2.9.jar;C:\Users\eyese\.m2\repository\org\springframework\spring-beans\6.2.9\spring-beans-6.2.9.jar;C:\Users\eyese\.m2\repository\org\slf4j\slf4j-api\2.0.17\slf4j-api-2.0.17.jar;C:\Users\eyese\.m2\repository\org\springframework\spring-aspects\6.2.9\spring-aspects-6.2.9.jar;C:\Users\eyese\.m2\repository\org\aspectj\aspectjweaver\1.9.24\aspectjweaver-1.9.24.jar;C:\Users\eyese\.m2\repository\org\springframework\boot\spring-boot-starter-mustache\3.5.4\spring-boot-starter-mustache-3.5.4.jar;C:\Users\eyese\.m2\repository\com\samskivert\jmustache\1.16\jmustache-1.16.jar;C:\Users\eyese\.m2\repository\org\springframework\boot\spring-boot-starter-validation\3.5.4\spring-boot-starter-validation-3.5.4.jar;C:\Users\eyese\.m2\repository\org\apache\tomcat\embed\tomcat-embed-el\10.1.43\tomcat-embed-el-10.1.43.jar;C:\Users\eyese\.m2\repository\org\hibernate\validator\hibernate-validator\8.0.2.Final\hibernate-validator-8.0.2.Final.jar;C:\Users\eyese\.m2\repository\jakarta\validation\jakarta.validation-api\3.0.2\jakarta.validation-api-3.0.2.jar;C:\Users\eyese\.m2\repository\org\springframework\boot\spring-boot-starter-web\3.5.4\spring-boot-starter-web-3.5.4.jar;C:\Users\eyese\.m2\repository\org\springframework\boot\spring-boot-starter-json\3.5.4\spring-boot-starter-json-3.5.4.jar;C:\Users\eyese\.m2\repository\com\fasterxml\jackson\core\jackson-databind\2.19.2\jackson-databind-2.19.2.jar;C:\Users\eyese\.m2\repository\com\fasterxml\jackson\core\jackson-annotations\2.19.2\jackson-annotations-2.19.2.jar;C:\Users\eyese\.m2\repository\com\fasterxml\jackson\core\jackson-core\2.19.2\jackson-core-2.19.2.jar;C:\Users\eyese\.m2\repository\com\fasterxml\jackson\datatype\jackson-datatype-jdk8\2.19.2\jackson-datatype-jdk8-2.19.2.jar;C:\Users\eyese\.m2\repository\com\fasterxml\jackson\datatype\jackson-datatype-jsr310\2.19.2\jackson-datatype-jsr310-2.19.2.jar;C:\Users\eyese\.m2\repository\com\fasterxml\jackson\module\jackson-module-parameter-names\2.19.2\jackson-module-parameter-names-2.19.2.jar;C:\Users\eyese\.m2\repository\org\springframework\boot\spring-boot-starter-tomcat\3.5.4\spring-boot-starter-tomcat-3.5.4.jar;C:\Users\eyese\.m2\repository\org\apache\tomcat\embed\tomcat-embed-core\10.1.43\tomcat-embed-core-10.1.43.jar;C:\Users\eyese\.m2\repository\org\apache\tomcat\embed\tomcat-embed-websocket\10.1.43\tomcat-embed-websocket-10.1.43.jar;C:\Users\eyese\.m2\repository\org\springframework\spring-web\6.2.9\spring-web-6.2.9.jar;C:\Users\eyese\.m2\repository\io\micrometer\micrometer-observation\1.15.2\micrometer-observation-1.15.2.jar;C:\Users\eyese\.m2\repository\io\micrometer\micrometer-commons\1.15.2\micrometer-commons-1.15.2.jar;C:\Users\eyese\.m2\repository\org\springframework\spring-webmvc\6.2.9\spring-webmvc-6.2.9.jar;C:\Users\eyese\.m2\repository\org\springframework\spring-expression\6.2.9\spring-expression-6.2.9.jar;C:\Users\eyese\.m2\repository\org\springframework\boot\spring-boot-starter-security\3.5.4\spring-boot-starter-security-3.5.4.jar;C:\Users\eyese\.m2\repository\org\springframework\spring-aop\6.2.9\spring-aop-6.2.9.jar;C:\Users\eyese\.m2\repository\org\springframework\security\spring-security-config\6.5.2\spring-security-config-6.5.2.jar;C:\Users\eyese\.m2\repository\org\springframework\security\spring-security-core\6.5.2\spring-security-core-6.5.2.jar;C:\Users\eyese\.m2\repository\org\springframework\security\spring-security-crypto\6.5.2\spring-security-crypto-6.5.2.jar;C:\Users\eyese\.m2\repository\org\springframework\security\spring-security-web\6.5.2\spring-security-web-6.5.2.jar;C:\Users\eyese\.m2\repository\org\mybatis\spring\boot\mybatis-spring-boot-starter\3.0.5\mybatis-spring-boot-starter-3.0.5.jar;C:\Users\eyese\.m2\repository\org\mybatis\spring\boot\mybatis-spring-boot-autoconfigure\3.0.5\mybatis-spring-boot-autoconfigure-3.0.5.jar;C:\Users\eyese\.m2\repository\org\mybatis\mybatis\3.5.19\mybatis-3.5.19.jar;C:\Users\eyese\.m2\repository\org\mybatis\mybatis-spring\3.0.5\mybatis-spring-3.0.5.jar;C:\Users\eyese\.m2\repository\org\springframework\boot\spring-boot-devtools\3.5.4\spring-boot-devtools-3.5.4.jar;C:\Users\eyese\.m2\repository\org\springframework\boot\spring-boot\3.5.4\spring-boot-3.5.4.jar;C:\Users\eyese\.m2\repository\org\springframework\boot\spring-boot-autoconfigure\3.5.4\spring-boot-autoconfigure-3.5.4.jar;C:\Users\eyese\.m2\repository\com\mysql\mysql-connector-j\9.3.0\mysql-connector-j-9.3.0.jar;C:\Users\eyese\.m2\repository\org\springframework\boot\spring-boot-configuration-processor\3.5.4\spring-boot-configuration-processor-3.5.4.jar;C:\Users\eyese\.m2\repository\org\projectlombok\lombok\1.18.38\lombok-1.18.38.jar;C:\Users\eyese\.m2\repository\jakarta\xml\bind\jakarta.xml.bind-api\4.0.2\jakarta.xml.bind-api-4.0.2.jar;C:\Users\eyese\.m2\repository\jakarta\activation\jakarta.activation-api\2.1.3\jakarta.activation-api-2.1.3.jar;C:\Users\eyese\.m2\repository\org\springframework\spring-core\6.2.9\spring-core-6.2.9.jar;C:\Users\eyese\.m2\repository\org\springframework\spring-jcl\6.2.9\spring-jcl-6.2.9.jar;C:\Users\eyese\.m2\repository\org\bgee\log4jdbc-log4j2\log4jdbc-log4j2-jdbc4.1\1.16\log4jdbc-log4j2-jdbc4.1-1.16.jar;C:\Users\eyese\.m2\repository\org\springframework\boot\spring-boot-starter-mail\3.5.4\spring-boot-starter-mail-3.5.4.jar;C:\Users\eyese\.m2\repository\org\springframework\spring-context-support\6.2.9\spring-context-support-6.2.9.jar;C:\Users\eyese\.m2\repository\org\eclipse\angus\jakarta.mail\2.0.3\jakarta.mail-2.0.3.jar;C:\Users\eyese\.m2\repository\org\eclipse\angus\angus-activation\2.0.2\angus-activation-2.0.2.jar;C:\Program Files\JetBrains\IntelliJ IDEA 2025.1\lib\idea_rt.jar, kotlinx.coroutines.debug.enable.mutable.state.flows.stack.trace=true, java.vm.vendor=Oracle Corporation, sun.arch.data.model=64, user.variant=, java.vendor.url=https://java.oracle.com/, catalina.useNaming=false, user.timezone=Asia/Seoul, jakarta.persistence.sharedCache.mode=UNSPECIFIED, org.jboss.logging.provider=slf4j, java.vm.specification.version=24, os.name=Windows 11, APPLICATION_NAME=food_web, jakarta.persistence.nonJtaDataSource=HikariDataSource (HikariPool-1), sun.java.launcher=SUN_STANDARD, user.country=KR, sun.boot.library.path=C:\Program Files\Java\jdk-24\bin, sun.java.command=com.mjc813.food_web.FoodWebApplication, spring.application.admin.enabled=true, javax.persistence.nonJtaDataSource=HikariDataSource (HikariPool-1), hibernate.transaction.jta.platform=org.hibernate.engine.transaction.jta.platform.internal.NoJtaPlatform@5ca25caf, com.sun.management.jmxremote=, jdk.debug=release, spring.liveBeansView.mbeanDomain=, sun.cpu.endian=little, hibernate.cdi.extensions=true, user.home=C:\Users\eyese, user.language=ko, sun.stderr.encoding=UTF-8, java.specification.vendor=Oracle Corporation, java.version.date=2025-04-15, java.home=C:\Program Files\Java\jdk-24, file.separator=\, spring.output.ansi.enabled=always, java.vm.compressedOopsMode=Zero based, sun.stdout.encoding=UTF-8, line.separator=
, hibernate.persistenceUnitName=default, java.vm.specification.vendor=Oracle Corporation, java.specification.name=Java Platform API Specification, intellij.debug.agent=true, FILE_LOG_CHARSET=UTF-8, hibernate.transaction.coordinator_class=class org.hibernate.resource.transaction.backend.jdbc.internal.JdbcResourceLocalTransactionCoordinatorBuilderImpl, java.awt.headless=true, jakarta.persistence.validation.mode=AUTO, hibernate.hbm2ddl.auto=update, user.script=, sun.management.compiler=HotSpot 64-Bit Tiered Compilers, java.runtime.version=24.0.1+9-30, user.name=eyese, spring.jmx.enabled=true, stdout.encoding=UTF-8, path.separator=;, kotlinx.coroutines.debug.enable.creation.stack.trace=false, management.endpoints.jmx.exposure.include=*, os.version=10.0, java.runtime.name=Java(TM) SE Runtime Environment, file.encoding=UTF-8, java.vm.name=Java HotSpot(TM) 64-Bit Server VM, java.vendor.url.bug=https://bugreport.java.com/bugreport/, java.io.tmpdir=C:\Users\eyese\AppData\Local\Temp\, catalina.home=C:\Users\eyese\AppData\Local\Temp\tomcat.8866.11662319510457738819, java.version=24.0.1, jboss.modules.system.pkgs=com.intellij.rt, hibernate.physical_naming_strategy=org.hibernate.boot.model.naming.CamelCaseToUnderscoresNamingStrategy, user.dir=C:\Users\eyese\lys_mjc813Exam\food_web, os.arch=amd64, java.vm.specification.name=Java Virtual Machine Specification, PID=14044, sun.os.patch.level=, CONSOLE_LOG_CHARSET=UTF-8, catalina.base=C:\Users\eyese\AppData\Local\Temp\tomcat.8866.11662319510457738819, hibernate.boot.CfgXmlAccessService.key=org.hibernate.boot.registry.StandardServiceRegistryBuilder$1@53230b53, native.encoding=MS949, kotlinx.coroutines.debug.enable.flows.stack.trace=true, java.library.path=C:\Program Files\Java\jdk-24\bin;C:\WINDOWS\Sun\Java\bin;C:\WINDOWS\system32;C:\WINDOWS;C:\WINDOWS\system32;C:\WINDOWS;C:\WINDOWS\System32\Wbem;C:\WINDOWS\System32\WindowsPowerShell\v1.0\;C:\WINDOWS\System32\OpenSSH\;C:\Program Files\dotnet\;C:\Program Files\Git\cmd;C:\Program Files\Bandizip\;C:\Program Files (x86)\Windows Kits\10\Windows Performance Toolkit\;C:\Program Files\Docker\Docker\resources\bin;C:\Users\eyese\AppData\Local\Programs\Eclipse Adoptium\jdk-21.0.6.7-hotspot\bin;C:\Users\eyese\AppData\Local\Microsoft\WindowsApps;C:\Users\eyese\AppData\Local\GitHubDesktop\bin;C:\Fiddler;., stderr.encoding=UTF-8, java.vendor=Oracle Corporation, java.vm.info=mixed mode, emulated-client, sharing, java.vm.version=24.0.1+9-30, java.rmi.server.randomIDs=true, sun.io.unicode.encoding=UnicodeLittle, hibernate.archive.scanner=org.hibernate.boot.archive.scan.internal.DisabledScanner, hibernate.connection.datasource=HikariDataSource (HikariPool-1), debugger.agent.enable.coroutines=true, java.class.version=68.0, LOGGED_APPLICATION_NAME=[food_web] }
DEBUG 25-09-03 19:50:33[restartedMain] [SessionFactoryImpl:254] - Session factory constructed with filter configurations : {}
DEBUG 25-09-03 19:50:33[restartedMain] [ValidationXmlParser:122] - Trying to load META-INF/validation.xml for XML based Validator configuration.
DEBUG 25-09-03 19:50:33[restartedMain] [ResourceLoaderHelper:61] - Trying to load META-INF/validation.xml via TCCL
DEBUG 25-09-03 19:50:33[restartedMain] [ResourceLoaderHelper:67] - Trying to load META-INF/validation.xml via Hibernate Validator's class loader
DEBUG 25-09-03 19:50:33[restartedMain] [ValidationXmlParser:129] - No META-INF/validation.xml found. Using annotation based configuration only.
DEBUG 25-09-03 19:50:33[restartedMain] [TraversableResolvers:94] - Found jakarta.persistence.Persistence on classpath containing 'getPersistenceUtil'. Assuming JPA 2 environment. Trying to instantiate JPA aware TraversableResolver
DEBUG 25-09-03 19:50:33[restartedMain] [TraversableResolvers:104] - Instantiated JPA aware TraversableResolver of type org.hibernate.validator.internal.engine.resolver.JPATraversableResolver.
DEBUG 25-09-03 19:50:33[restartedMain] [ResourceBundleMessageInterpolator:175] - Loaded expression factory via original TCCL
DEBUG 25-09-03 19:50:33[restartedMain] [ValidatorFactoryConfigurationHelper:355] - HV000252: Using org.hibernate.validator.internal.engine.DefaultPropertyNodeNameProvider as property node name provider.
DEBUG 25-09-03 19:50:33[restartedMain] [ValidatorFactoryConfigurationHelper:447] - HV000234: Using org.hibernate.validator.messageinterpolation.ResourceBundleMessageInterpolator as ValidatorFactory-scoped message interpolator.
DEBUG 25-09-03 19:50:33[restartedMain] [ValidatorFactoryConfigurationHelper:448] - HV000234: Using org.hibernate.validator.internal.engine.resolver.JPATraversableResolver as ValidatorFactory-scoped traversable resolver.
DEBUG 25-09-03 19:50:33[restartedMain] [ValidatorFactoryConfigurationHelper:449] - HV000234: Using org.hibernate.validator.internal.util.ExecutableParameterNameProvider as ValidatorFactory-scoped parameter name provider.
DEBUG 25-09-03 19:50:33[restartedMain] [ValidatorFactoryConfigurationHelper:450] - HV000234: Using org.hibernate.validator.internal.engine.DefaultClockProvider as ValidatorFactory-scoped clock provider.
DEBUG 25-09-03 19:50:33[restartedMain] [ValidatorFactoryConfigurationHelper:451] - HV000234: Using org.hibernate.validator.internal.engine.scripting.DefaultScriptEvaluatorFactory as ValidatorFactory-scoped script evaluator factory.
DEBUG 25-09-03 19:50:33[restartedMain] [ClassLoaderAccessImpl:60] - Not known whether passed class name [com.mjc813.food_web.food_file.dto.FoodFileEntity] is safe
DEBUG 25-09-03 19:50:33[restartedMain] [ClassLoaderAccessImpl:62] - No temp ClassLoader provided; using live ClassLoader for loading potentially unsafe class : com.mjc813.food_web.food_file.dto.FoodFileEntity
INFO  25-09-03 19:50:33[HikariPool-1:connection-adder] [log4j2:365] -  com.zaxxer.hikari.util.DriverDataSource.getConnection(DriverDataSource.java:144)
8. Connection opened. {executed in 27ms} 
open connections:  1 2 3 4 5 6 7 8 (8)
INFO  25-09-03 19:50:33[HikariPool-1:connection-adder] [log4j2:197] -  com.zaxxer.hikari.util.DriverDataSource.getConnection(DriverDataSource.java:144)
8. Connection.new Connection returned 
INFO  25-09-03 19:50:33[HikariPool-1:connection-adder] [log4j2:197] -  com.zaxxer.hikari.pool.PoolBase.setupConnection(PoolBase.java:421)
8. Connection.isReadOnly() returned false
INFO  25-09-03 19:50:33[HikariPool-1:connection-adder] [log4j2:197] -  com.zaxxer.hikari.pool.PoolBase.setupConnection(PoolBase.java:425)
8. Connection.getAutoCommit() returned true
DEBUG 25-09-03 19:50:33[HikariPool-1:connection-adder] [PoolBase:378] - HikariPool-1 - Established new connection (7a2e0da0-eec1-434b-bee5-c88ddd810208)
DEBUG 25-09-03 19:50:33[HikariPool-1:connection-adder] [HikariPool:756] - HikariPool-1 - Added connection net.sf.log4jdbc.sql.jdbcapi.ConnectionSpy@44e6f9bf
DEBUG 25-09-03 19:50:33[restartedMain] [ClassLoaderAccessImpl:60] - Not known whether passed class name [com.mjc813.food_web.food.dto.FoodEntity] is safe
DEBUG 25-09-03 19:50:33[restartedMain] [ClassLoaderAccessImpl:62] - No temp ClassLoader provided; using live ClassLoader for loading potentially unsafe class : com.mjc813.food_web.food.dto.FoodEntity
DEBUG 25-09-03 19:50:33[HikariPool-1:connection-adder] [HikariPool:422] - HikariPool-1 - After adding stats (total=8/10, idle=8/10, active=0, waiting=0)
DEBUG 25-09-03 19:50:33[HikariPool-1:connection-adder] [PoolBase:366] - HikariPool-1 - Attempting to create/setup new connection (748a923d-1fc1-429c-a2f8-fb33cec43411)
DEBUG 25-09-03 19:50:33[restartedMain] [ClassLoaderAccessImpl:60] - Not known whether passed class name [com.mjc813.food_web.ingredient_category.dto.IngredientCategoryEntity] is safe
DEBUG 25-09-03 19:50:33[restartedMain] [ClassLoaderAccessImpl:62] - No temp ClassLoader provided; using live ClassLoader for loading potentially unsafe class : com.mjc813.food_web.ingredient_category.dto.IngredientCategoryEntity
DEBUG 25-09-03 19:50:33[restartedMain] [ClassLoaderAccessImpl:60] - Not known whether passed class name [com.mjc813.food_web.food_ingredient.dto.FoodIngredientEntity] is safe
DEBUG 25-09-03 19:50:33[restartedMain] [ClassLoaderAccessImpl:62] - No temp ClassLoader provided; using live ClassLoader for loading potentially unsafe class : com.mjc813.food_web.food_ingredient.dto.FoodIngredientEntity
DEBUG 25-09-03 19:50:33[restartedMain] [ClassLoaderAccessImpl:60] - Not known whether passed class name [com.mjc813.food_web.ingredient.dto.IngredientEntity] is safe
DEBUG 25-09-03 19:50:33[restartedMain] [ClassLoaderAccessImpl:62] - No temp ClassLoader provided; using live ClassLoader for loading potentially unsafe class : com.mjc813.food_web.ingredient.dto.IngredientEntity
DEBUG 25-09-03 19:50:33[restartedMain] [ClassLoaderAccessImpl:60] - Not known whether passed class name [com.mjc813.food_web.food_category.dto.FoodCategoryEntity] is safe
DEBUG 25-09-03 19:50:33[restartedMain] [ClassLoaderAccessImpl:62] - No temp ClassLoader provided; using live ClassLoader for loading potentially unsafe class : com.mjc813.food_web.food_category.dto.FoodCategoryEntity
DEBUG 25-09-03 19:50:33[restartedMain] [ClassLoaderAccessImpl:60] - Not known whether passed class name [com.mjc813.food_web.member.dto.MemberEntity] is safe
DEBUG 25-09-03 19:50:33[restartedMain] [ClassLoaderAccessImpl:62] - No temp ClassLoader provided; using live ClassLoader for loading potentially unsafe class : com.mjc813.food_web.member.dto.MemberEntity
INFO  25-09-03 19:50:33[HikariPool-1:connection-adder] [log4j2:365] -  com.zaxxer.hikari.util.DriverDataSource.getConnection(DriverDataSource.java:144)
9. Connection opened. {executed in 22ms} 
open connections:  1 2 3 4 5 6 7 8 9 (9)
INFO  25-09-03 19:50:33[HikariPool-1:connection-adder] [log4j2:197] -  com.zaxxer.hikari.util.DriverDataSource.getConnection(DriverDataSource.java:144)
9. Connection.new Connection returned 
INFO  25-09-03 19:50:33[HikariPool-1:connection-adder] [log4j2:197] -  com.zaxxer.hikari.pool.PoolBase.setupConnection(PoolBase.java:421)
9. Connection.isReadOnly() returned false
INFO  25-09-03 19:50:33[HikariPool-1:connection-adder] [log4j2:197] -  com.zaxxer.hikari.pool.PoolBase.setupConnection(PoolBase.java:425)
9. Connection.getAutoCommit() returned true
DEBUG 25-09-03 19:50:33[HikariPool-1:connection-adder] [PoolBase:378] - HikariPool-1 - Established new connection (748a923d-1fc1-429c-a2f8-fb33cec43411)
DEBUG 25-09-03 19:50:33[HikariPool-1:connection-adder] [HikariPool:756] - HikariPool-1 - Added connection net.sf.log4jdbc.sql.jdbcapi.ConnectionSpy@7149490e
DEBUG 25-09-03 19:50:33[restartedMain] [SessionFactoryServiceRegistryImpl:105] - EventListenerRegistry access via ServiceRegistry is deprecated.  Use `sessionFactory.getEventEngine().getListenerRegistry()` instead
DEBUG 25-09-03 19:50:33[HikariPool-1:connection-adder] [HikariPool:422] - HikariPool-1 - After adding stats (total=9/10, idle=9/10, active=0, waiting=0)
DEBUG 25-09-03 19:50:33[HikariPool-1:connection-adder] [PoolBase:366] - HikariPool-1 - Attempting to create/setup new connection (c350726b-a7da-4f04-8128-b62b424070ce)
DEBUG 25-09-03 19:50:33[restartedMain] [SqmFunctionRegistry:90] - Registered SqmFunctionTemplate [NamedSqmFunctionTemplate(max)] under max; prior registration was null
DEBUG 25-09-03 19:50:33[restartedMain] [SqmFunctionRegistry:90] - Registered SqmFunctionTemplate [NamedSqmFunctionTemplate(min)] under min; prior registration was null
DEBUG 25-09-03 19:50:33[restartedMain] [SqmFunctionRegistry:90] - Registered SqmFunctionTemplate [NamedSqmFunctionTemplate(sum)] under sum; prior registration was null
DEBUG 25-09-03 19:50:33[restartedMain] [SqmFunctionRegistry:90] - Registered SqmFunctionTemplate [NamedSqmFunctionTemplate(avg)] under avg; prior registration was null
DEBUG 25-09-03 19:50:33[restartedMain] [SqmFunctionRegistry:90] - Registered SqmFunctionTemplate [org.hibernate.dialect.function.CountFunction@2e5ff63e] under count; prior registration was null
DEBUG 25-09-03 19:50:33[restartedMain] [SqmFunctionRegistry:90] - Registered SqmFunctionTemplate [org.hibernate.dialect.function.EveryAnyEmulation@efea689] under every; prior registration was null
DEBUG 25-09-03 19:50:33[restartedMain] [SqmFunctionRegistry:90] - Registered SqmFunctionTemplate [org.hibernate.dialect.function.EveryAnyEmulation@4129bfa9] under any; prior registration was null
DEBUG 25-09-03 19:50:33[restartedMain] [SqmFunctionRegistry:90] - Registered SqmFunctionTemplate [NamedSqmFunctionTemplate(floor)] under floor; prior registration was null
DEBUG 25-09-03 19:50:33[restartedMain] [SqmFunctionRegistry:90] - Registered SqmFunctionTemplate [NamedSqmFunctionTemplate(ceiling)] under ceiling; prior registration was null
DEBUG 25-09-03 19:50:33[restartedMain] [SqmFunctionRegistry:90] - Registered SqmFunctionTemplate [NamedSqmFunctionTemplate(mod)] under mod; prior registration was null
DEBUG 25-09-03 19:50:33[restartedMain] [SqmFunctionRegistry:90] - Registered SqmFunctionTemplate [NamedSqmFunctionTemplate(abs)] under abs; prior registration was null
DEBUG 25-09-03 19:50:33[restartedMain] [SqmFunctionRegistry:90] - Registered SqmFunctionTemplate [NamedSqmFunctionTemplate(sign)] under sign; prior registration was null
DEBUG 25-09-03 19:50:33[restartedMain] [SqmFunctionRegistry:90] - Registered SqmFunctionTemplate [NamedSqmFunctionTemplate(sqrt)] under sqrt; prior registration was null
DEBUG 25-09-03 19:50:33[restartedMain] [SqmFunctionRegistry:90] - Registered SqmFunctionTemplate [NamedSqmFunctionTemplate(ln)] under ln; prior registration was null
DEBUG 25-09-03 19:50:33[restartedMain] [SqmFunctionRegistry:90] - Registered SqmFunctionTemplate [NamedSqmFunctionTemplate(exp)] under exp; prior registration was null
DEBUG 25-09-03 19:50:33[restartedMain] [SqmFunctionRegistry:90] - Registered SqmFunctionTemplate [NamedSqmFunctionTemplate(power)] under power; prior registration was null
DEBUG 25-09-03 19:50:33[restartedMain] [SqmFunctionRegistry:90] - Registered SqmFunctionTemplate [NamedSqmFunctionTemplate(round)] under round; prior registration was null
DEBUG 25-09-03 19:50:33[restartedMain] [SqmFunctionRegistry:90] - Registered SqmFunctionTemplate [NamedSqmFunctionTemplate(sin)] under sin; prior registration was null
DEBUG 25-09-03 19:50:33[restartedMain] [SqmFunctionRegistry:90] - Registered SqmFunctionTemplate [NamedSqmFunctionTemplate(cos)] under cos; prior registration was null
DEBUG 25-09-03 19:50:33[restartedMain] [SqmFunctionRegistry:90] - Registered SqmFunctionTemplate [NamedSqmFunctionTemplate(tan)] under tan; prior registration was null
DEBUG 25-09-03 19:50:33[restartedMain] [SqmFunctionRegistry:90] - Registered SqmFunctionTemplate [NamedSqmFunctionTemplate(asin)] under asin; prior registration was null
DEBUG 25-09-03 19:50:33[restartedMain] [SqmFunctionRegistry:90] - Registered SqmFunctionTemplate [NamedSqmFunctionTemplate(acos)] under acos; prior registration was null
DEBUG 25-09-03 19:50:33[restartedMain] [SqmFunctionRegistry:90] - Registered SqmFunctionTemplate [NamedSqmFunctionTemplate(atan)] under atan; prior registration was null
DEBUG 25-09-03 19:50:33[restartedMain] [SqmFunctionRegistry:90] - Registered SqmFunctionTemplate [NamedSqmFunctionTemplate(atan2)] under atan2; prior registration was null
INFO  25-09-03 19:50:33[HikariPool-1:connection-adder] [log4j2:365] -  com.zaxxer.hikari.util.DriverDataSource.getConnection(DriverDataSource.java:144)
10. Connection opened. {executed in 23ms} 
open connections:  1 2 3 4 5 6 7 8 9 10 (10)
INFO  25-09-03 19:50:33[HikariPool-1:connection-adder] [log4j2:197] -  com.zaxxer.hikari.util.DriverDataSource.getConnection(DriverDataSource.java:144)
10. Connection.new Connection returned 
INFO  25-09-03 19:50:33[HikariPool-1:connection-adder] [log4j2:197] -  com.zaxxer.hikari.pool.PoolBase.setupConnection(PoolBase.java:421)
10. Connection.isReadOnly() returned false
INFO  25-09-03 19:50:33[HikariPool-1:connection-adder] [log4j2:197] -  com.zaxxer.hikari.pool.PoolBase.setupConnection(PoolBase.java:425)
10. Connection.getAutoCommit() returned true
DEBUG 25-09-03 19:50:33[HikariPool-1:connection-adder] [PoolBase:378] - HikariPool-1 - Established new connection (c350726b-a7da-4f04-8128-b62b424070ce)
DEBUG 25-09-03 19:50:33[HikariPool-1:connection-adder] [HikariPool:756] - HikariPool-1 - Added connection net.sf.log4jdbc.sql.jdbcapi.ConnectionSpy@397f0
DEBUG 25-09-03 19:50:33[restartedMain] [SqmFunctionRegistry:90] - Registered SqmFunctionTemplate [org.hibernate.query.sqm.function.PatternBasedSqmFunctionDescriptor@33cdb202] under sinh; prior registration was null
DEBUG 25-09-03 19:50:33[restartedMain] [SqmFunctionRegistry:90] - Registered SqmFunctionTemplate [org.hibernate.query.sqm.function.PatternBasedSqmFunctionDescriptor@24a38d89] under cosh; prior registration was null
DEBUG 25-09-03 19:50:33[restartedMain] [SqmFunctionRegistry:90] - Registered SqmFunctionTemplate [org.hibernate.query.sqm.function.PatternBasedSqmFunctionDescriptor@3056add8] under tanh; prior registration was null
DEBUG 25-09-03 19:50:33[restartedMain] [SqmFunctionRegistry:90] - Registered SqmFunctionTemplate [org.hibernate.query.sqm.function.PatternBasedSqmFunctionDescriptor@3d46146c] under pi; prior registration was null
DEBUG 25-09-03 19:50:33[restartedMain] [SqmFunctionRegistry:90] - Registered SqmFunctionTemplate [org.hibernate.query.sqm.function.PatternBasedSqmFunctionDescriptor@7c973e29] under log; prior registration was null
DEBUG 25-09-03 19:50:33[restartedMain] [SqmFunctionRegistry:90] - Registered SqmFunctionTemplate [NamedSqmFunctionTemplate(coalesce)] under coalesce; prior registration was null
DEBUG 25-09-03 19:50:33[restartedMain] [SqmFunctionRegistry:90] - Registered SqmFunctionTemplate [NamedSqmFunctionTemplate(nullif)] under nullif; prior registration was null
DEBUG 25-09-03 19:50:33[restartedMain] [SqmFunctionRegistry:90] - Registered SqmFunctionTemplate [NamedSqmFunctionTemplate(left)] under left; prior registration was null
DEBUG 25-09-03 19:50:33[restartedMain] [SqmFunctionRegistry:90] - Registered SqmFunctionTemplate [NamedSqmFunctionTemplate(right)] under right; prior registration was null
DEBUG 25-09-03 19:50:33[restartedMain] [SqmFunctionRegistry:90] - Registered SqmFunctionTemplate [NamedSqmFunctionTemplate(replace)] under replace; prior registration was null
DEBUG 25-09-03 19:50:33[restartedMain] [SqmFunctionRegistry:90] - Registered SqmFunctionTemplate [NamedSqmFunctionTemplate(concat)] under concat; prior registration was null
DEBUG 25-09-03 19:50:33[restartedMain] [SqmFunctionRegistry:90] - Registered SqmFunctionTemplate [NamedSqmFunctionTemplate(lower)] under lower; prior registration was null
DEBUG 25-09-03 19:50:33[restartedMain] [SqmFunctionRegistry:90] - Registered SqmFunctionTemplate [NamedSqmFunctionTemplate(upper)] under upper; prior registration was null
DEBUG 25-09-03 19:50:33[restartedMain] [SqmFunctionRegistry:90] - Registered SqmFunctionTemplate [NamedSqmFunctionTemplate(substring)] under substring; prior registration was null
DEBUG 25-09-03 19:50:33[restartedMain] [SqmFunctionRegistry:90] - Registered SqmFunctionTemplate [NamedSqmFunctionTemplate(locate)] under locate; prior registration was null
DEBUG 25-09-03 19:50:33[restartedMain] [SqmFunctionRegistry:90] - Registered SqmFunctionTemplate [NamedSqmFunctionTemplate(character_length)] under character_length; prior registration was null
DEBUG 25-09-03 19:50:33[restartedMain] [SqmFunctionRegistry:307] - Registering alternate key : length -> character_length
DEBUG 25-09-03 19:50:33[restartedMain] [SqmFunctionRegistry:90] - Registered SqmFunctionTemplate [org.hibernate.dialect.function.LocatePositionEmulation@1c84553e] under position; prior registration was null
DEBUG 25-09-03 19:50:33[restartedMain] [SqmFunctionRegistry:90] - Registered SqmFunctionTemplate [org.hibernate.dialect.function.InsertSubstringOverlayEmulation@6dea5477] under overlay; prior registration was null
DEBUG 25-09-03 19:50:33[restartedMain] [SqmFunctionRegistry:90] - Registered SqmFunctionTemplate [org.hibernate.dialect.function.TrimFunction@1f1ad3ff] under trim; prior registration was null
DEBUG 25-09-03 19:50:33[restartedMain] [SqmFunctionRegistry:90] - Registered SqmFunctionTemplate [org.hibernate.dialect.function.CastFunction@32d6ed1c] under cast; prior registration was null
DEBUG 25-09-03 19:50:33[restartedMain] [SqmFunctionRegistry:90] - Registered SqmFunctionTemplate [org.hibernate.query.sqm.function.PatternBasedSqmFunctionDescriptor@75e46e58] under collate; prior registration was null
DEBUG 25-09-03 19:50:33[restartedMain] [SqmFunctionRegistry:90] - Registered SqmFunctionTemplate [org.hibernate.dialect.function.ExtractFunction@714f1e8b] under extract; prior registration was null
DEBUG 25-09-03 19:50:33[restartedMain] [SqmFunctionRegistry:90] - Registered SqmFunctionTemplate [NamedSqmFunctionTemplate(least)] under least; prior registration was null
DEBUG 25-09-03 19:50:33[restartedMain] [SqmFunctionRegistry:90] - Registered SqmFunctionTemplate [NamedSqmFunctionTemplate(greatest)] under greatest; prior registration was null
DEBUG 25-09-03 19:50:33[restartedMain] [SqmFunctionRegistry:90] - Registered SqmFunctionTemplate [org.hibernate.dialect.function.CoalesceIfnullEmulation@47c39240] under ifnull; prior registration was null
DEBUG 25-09-03 19:50:33[restartedMain] [SqmFunctionRegistry:90] - Registered SqmFunctionTemplate [NamedSqmFunctionTemplate(lpad)] under lpad; prior registration was null
DEBUG 25-09-03 19:50:33[restartedMain] [SqmFunctionRegistry:90] - Registered SqmFunctionTemplate [NamedSqmFunctionTemplate(rpad)] under rpad; prior registration was null
DEBUG 25-09-03 19:50:33[restartedMain] [SqmFunctionRegistry:90] - Registered SqmFunctionTemplate [org.hibernate.dialect.function.LpadRpadPadEmulation@231b58bf] under pad; prior registration was null
DEBUG 25-09-03 19:50:33[restartedMain] [SqmFunctionRegistry:90] - Registered SqmFunctionTemplate [org.hibernate.dialect.function.CastStrEmulation@78b080b2] under str; prior registration was null
DEBUG 25-09-03 19:50:33[restartedMain] [SqmFunctionRegistry:90] - Registered SqmFunctionTemplate [org.hibernate.dialect.function.FormatFunction@54768d90] under format; prior registration was null
DEBUG 25-09-03 19:50:33[restartedMain] [SqmFunctionRegistry:90] - Registered SqmFunctionTemplate [org.hibernate.dialect.function.TimestampaddFunction@7879c4d1] under timestampadd; prior registration was null
DEBUG 25-09-03 19:50:33[restartedMain] [SqmFunctionRegistry:90] - Registered SqmFunctionTemplate [org.hibernate.dialect.function.TimestampdiffFunction@283ef07a] under timestampdiff; prior registration was null
DEBUG 25-09-03 19:50:33[restartedMain] [SqmFunctionRegistry:307] - Registering alternate key : dateadd -> timestampadd
DEBUG 25-09-03 19:50:33[restartedMain] [SqmFunctionRegistry:307] - Registering alternate key : datediff -> timestampdiff
DEBUG 25-09-03 19:50:33[restartedMain] [SqmFunctionRegistry:90] - Registered SqmFunctionTemplate [org.hibernate.dialect.function.CurrentFunction@568e2bda] under current_date; prior registration was null
DEBUG 25-09-03 19:50:33[restartedMain] [SqmFunctionRegistry:90] - Registered SqmFunctionTemplate [org.hibernate.dialect.function.CurrentFunction@3ddaed17] under current_time; prior registration was null
DEBUG 25-09-03 19:50:33[restartedMain] [SqmFunctionRegistry:90] - Registered SqmFunctionTemplate [org.hibernate.dialect.function.CurrentFunction@5efb26ec] under current_timestamp; prior registration was null
DEBUG 25-09-03 19:50:33[restartedMain] [SqmFunctionRegistry:307] - Registering alternate key : current date -> current_date
DEBUG 25-09-03 19:50:33[restartedMain] [SqmFunctionRegistry:307] - Registering alternate key : current time -> current_time
DEBUG 25-09-03 19:50:33[restartedMain] [SqmFunctionRegistry:307] - Registering alternate key : current timestamp -> current_timestamp
DEBUG 25-09-03 19:50:33[restartedMain] [SqmFunctionRegistry:90] - Registered SqmFunctionTemplate [org.hibernate.dialect.function.CurrentFunction@30afcdbe] under local_date; prior registration was null
DEBUG 25-09-03 19:50:33[restartedMain] [SqmFunctionRegistry:90] - Registered SqmFunctionTemplate [org.hibernate.dialect.function.CurrentFunction@3aef6ea1] under local_time; prior registration was null
DEBUG 25-09-03 19:50:33[restartedMain] [SqmFunctionRegistry:90] - Registered SqmFunctionTemplate [org.hibernate.dialect.function.CurrentFunction@22dc1a81] under local_datetime; prior registration was null
DEBUG 25-09-03 19:50:33[restartedMain] [SqmFunctionRegistry:90] - Registered SqmFunctionTemplate [org.hibernate.dialect.function.CurrentFunction@166263ea] under offset_datetime; prior registration was null
DEBUG 25-09-03 19:50:33[restartedMain] [SqmFunctionRegistry:307] - Registering alternate key : local date -> local_date
DEBUG 25-09-03 19:50:33[restartedMain] [SqmFunctionRegistry:307] - Registering alternate key : local time -> local_time
DEBUG 25-09-03 19:50:33[restartedMain] [SqmFunctionRegistry:307] - Registering alternate key : local datetime -> local_datetime
DEBUG 25-09-03 19:50:33[restartedMain] [SqmFunctionRegistry:307] - Registering alternate key : offset datetime -> offset_datetime
DEBUG 25-09-03 19:50:33[restartedMain] [SqmFunctionRegistry:90] - Registered SqmFunctionTemplate [org.hibernate.dialect.function.CurrentFunction@33d23358] under instant; prior registration was null
DEBUG 25-09-03 19:50:33[restartedMain] [SqmFunctionRegistry:307] - Registering alternate key : current_instant -> instant
DEBUG 25-09-03 19:50:33[restartedMain] [SqmFunctionRegistry:90] - Registered SqmFunctionTemplate [org.hibernate.dialect.function.SqlFunction@76cd2b44] under sql; prior registration was null
DEBUG 25-09-03 19:50:33[restartedMain] [SqmFunctionRegistry:90] - Registered SqmFunctionTemplate [NamedSqmFunctionTemplate(soundex)] under soundex; prior registration was null
DEBUG 25-09-03 19:50:33[restartedMain] [SqmFunctionRegistry:90] - Registered SqmFunctionTemplate [NamedSqmFunctionTemplate(radians)] under radians; prior registration was null
DEBUG 25-09-03 19:50:33[restartedMain] [SqmFunctionRegistry:90] - Registered SqmFunctionTemplate [NamedSqmFunctionTemplate(degrees)] under degrees; prior registration was null
DEBUG 25-09-03 19:50:33[restartedMain] [SqmFunctionRegistry:90] - Registered SqmFunctionTemplate [NamedSqmFunctionTemplate(cot)] under cot; prior registration was null
DEBUG 25-09-03 19:50:33[restartedMain] [SqmFunctionRegistry:90] - Registered SqmFunctionTemplate [NamedSqmFunctionTemplate(log)] under log; prior registration was org.hibernate.query.sqm.function.PatternBasedSqmFunctionDescriptor@7c973e29
DEBUG 25-09-03 19:50:33[restartedMain] [SqmFunctionRegistry:90] - Registered SqmFunctionTemplate [NamedSqmFunctionTemplate(log2)] under log2; prior registration was null
DEBUG 25-09-03 19:50:33[restartedMain] [SqmFunctionRegistry:90] - Registered SqmFunctionTemplate [NamedSqmFunctionTemplate(log10)] under log10; prior registration was null
DEBUG 25-09-03 19:50:33[restartedMain] [SqmFunctionRegistry:90] - Registered SqmFunctionTemplate [NamedSqmFunctionTemplate(ltrim)] under ltrim; prior registration was null
DEBUG 25-09-03 19:50:33[restartedMain] [SqmFunctionRegistry:90] - Registered SqmFunctionTemplate [NamedSqmFunctionTemplate(rtrim)] under rtrim; prior registration was null
DEBUG 25-09-03 19:50:33[restartedMain] [SqmFunctionRegistry:90] - Registered SqmFunctionTemplate [NamedSqmFunctionTemplate(octet_length)] under octet_length; prior registration was null
DEBUG 25-09-03 19:50:33[restartedMain] [SqmFunctionRegistry:90] - Registered SqmFunctionTemplate [NamedSqmFunctionTemplate(reverse)] under reverse; prior registration was null
DEBUG 25-09-03 19:50:33[restartedMain] [SqmFunctionRegistry:90] - Registered SqmFunctionTemplate [NamedSqmFunctionTemplate(space)] under space; prior registration was null
DEBUG 25-09-03 19:50:33[restartedMain] [SqmFunctionRegistry:90] - Registered SqmFunctionTemplate [NamedSqmFunctionTemplate(repeat)] under repeat; prior registration was null
DEBUG 25-09-03 19:50:33[restartedMain] [SqmFunctionRegistry:90] - Registered SqmFunctionTemplate [org.hibernate.query.sqm.function.MultipatternSqmFunctionDescriptor@5a37c7ad] under lpad; prior registration was NamedSqmFunctionTemplate(lpad)
DEBUG 25-09-03 19:50:33[restartedMain] [SqmFunctionRegistry:90] - Registered SqmFunctionTemplate [org.hibernate.query.sqm.function.MultipatternSqmFunctionDescriptor@2d914e5f] under rpad; prior registration was NamedSqmFunctionTemplate(rpad)
DEBUG 25-09-03 19:50:33[restartedMain] [SqmFunctionRegistry:90] - Registered SqmFunctionTemplate [NamedSqmFunctionTemplate(md5)] under md5; prior registration was null
DEBUG 25-09-03 19:50:33[restartedMain] [SqmFunctionRegistry:90] - Registered SqmFunctionTemplate [NamedSqmFunctionTemplate(day)] under day; prior registration was null
DEBUG 25-09-03 19:50:33[restartedMain] [SqmFunctionRegistry:90] - Registered SqmFunctionTemplate [NamedSqmFunctionTemplate(month)] under month; prior registration was null
DEBUG 25-09-03 19:50:33[restartedMain] [SqmFunctionRegistry:90] - Registered SqmFunctionTemplate [NamedSqmFunctionTemplate(year)] under year; prior registration was null
DEBUG 25-09-03 19:50:33[restartedMain] [SqmFunctionRegistry:90] - Registered SqmFunctionTemplate [NamedSqmFunctionTemplate(hour)] under hour; prior registration was null
DEBUG 25-09-03 19:50:33[restartedMain] [SqmFunctionRegistry:90] - Registered SqmFunctionTemplate [NamedSqmFunctionTemplate(minute)] under minute; prior registration was null
DEBUG 25-09-03 19:50:33[restartedMain] [SqmFunctionRegistry:90] - Registered SqmFunctionTemplate [NamedSqmFunctionTemplate(second)] under second; prior registration was null
DEBUG 25-09-03 19:50:33[restartedMain] [SqmFunctionRegistry:90] - Registered SqmFunctionTemplate [NamedSqmFunctionTemplate(microsecond)] under microsecond; prior registration was null
DEBUG 25-09-03 19:50:33[restartedMain] [SqmFunctionRegistry:90] - Registered SqmFunctionTemplate [NamedSqmFunctionTemplate(dayofweek)] under dayofweek; prior registration was null
DEBUG 25-09-03 19:50:33[restartedMain] [SqmFunctionRegistry:90] - Registered SqmFunctionTemplate [NamedSqmFunctionTemplate(dayofmonth)] under dayofmonth; prior registration was null
DEBUG 25-09-03 19:50:33[restartedMain] [SqmFunctionRegistry:307] - Registering alternate key : day -> dayofmonth
DEBUG 25-09-03 19:50:33[restartedMain] [SqmFunctionRegistry:90] - Registered SqmFunctionTemplate [NamedSqmFunctionTemplate(dayofyear)] under dayofyear; prior registration was null
DEBUG 25-09-03 19:50:33[restartedMain] [SqmFunctionRegistry:90] - Registered SqmFunctionTemplate [NamedSqmFunctionTemplate(week)] under week; prior registration was null
DEBUG 25-09-03 19:50:33[restartedMain] [SqmFunctionRegistry:90] - Registered SqmFunctionTemplate [NamedSqmFunctionTemplate(quarter)] under quarter; prior registration was null
DEBUG 25-09-03 19:50:33[restartedMain] [SqmFunctionRegistry:90] - Registered SqmFunctionTemplate [NamedSqmFunctionTemplate(monthname)] under monthname; prior registration was null
DEBUG 25-09-03 19:50:33[restartedMain] [SqmFunctionRegistry:90] - Registered SqmFunctionTemplate [NamedSqmFunctionTemplate(dayname)] under dayname; prior registration was null
DEBUG 25-09-03 19:50:33[restartedMain] [SqmFunctionRegistry:90] - Registered SqmFunctionTemplate [NamedSqmFunctionTemplate(last_day)] under last_day; prior registration was null
DEBUG 25-09-03 19:50:33[restartedMain] [SqmFunctionRegistry:90] - Registered SqmFunctionTemplate [NamedSqmFunctionTemplate(date)] under date; prior registration was null
DEBUG 25-09-03 19:50:33[restartedMain] [SqmFunctionRegistry:90] - Registered SqmFunctionTemplate [NamedSqmFunctionTemplate(timestamp)] under timestamp; prior registration was null
DEBUG 25-09-03 19:50:33[restartedMain] [SqmFunctionRegistry:90] - Registered SqmFunctionTemplate [NamedSqmFunctionTemplate(time)] under time; prior registration was null
DEBUG 25-09-03 19:50:33[restartedMain] [SqmFunctionRegistry:90] - Registered SqmFunctionTemplate [NamedSqmFunctionTemplate(utc_date)] under utc_date; prior registration was null
DEBUG 25-09-03 19:50:33[restartedMain] [SqmFunctionRegistry:90] - Registered SqmFunctionTemplate [NamedSqmFunctionTemplate(utc_time)] under utc_time; prior registration was null
DEBUG 25-09-03 19:50:33[restartedMain] [SqmFunctionRegistry:90] - Registered SqmFunctionTemplate [NamedSqmFunctionTemplate(utc_timestamp)] under utc_timestamp; prior registration was null
DEBUG 25-09-03 19:50:33[restartedMain] [SqmFunctionRegistry:90] - Registered SqmFunctionTemplate [NamedSqmFunctionTemplate(rand)] under rand; prior registration was null
DEBUG 25-09-03 19:50:33[restartedMain] [SqmFunctionRegistry:90] - Registered SqmFunctionTemplate [NamedSqmFunctionTemplate(crc32)] under crc32; prior registration was null
DEBUG 25-09-03 19:50:33[restartedMain] [SqmFunctionRegistry:90] - Registered SqmFunctionTemplate [NamedSqmFunctionTemplate(sha1)] under sha1; prior registration was null
DEBUG 25-09-03 19:50:33[restartedMain] [SqmFunctionRegistry:90] - Registered SqmFunctionTemplate [NamedSqmFunctionTemplate(sha2)] under sha2; prior registration was null
DEBUG 25-09-03 19:50:33[restartedMain] [SqmFunctionRegistry:90] - Registered SqmFunctionTemplate [NamedSqmFunctionTemplate(sha)] under sha; prior registration was null
DEBUG 25-09-03 19:50:33[restartedMain] [SqmFunctionRegistry:90] - Registered SqmFunctionTemplate [NamedSqmFunctionTemplate(bit_length)] under bit_length; prior registration was null
DEBUG 25-09-03 19:50:33[restartedMain] [SqmFunctionRegistry:90] - Registered SqmFunctionTemplate [NamedSqmFunctionTemplate(octet_length)] under octet_length; prior registration was NamedSqmFunctionTemplate(octet_length)
DEBUG 25-09-03 19:50:33[restartedMain] [SqmFunctionRegistry:90] - Registered SqmFunctionTemplate [NamedSqmFunctionTemplate(ascii)] under ascii; prior registration was null
DEBUG 25-09-03 19:50:33[restartedMain] [SqmFunctionRegistry:90] - Registered SqmFunctionTemplate [NamedSqmFunctionTemplate(instr)] under instr; prior registration was null
DEBUG 25-09-03 19:50:33[restartedMain] [SqmFunctionRegistry:90] - Registered SqmFunctionTemplate [NamedSqmFunctionTemplate(substr)] under substr; prior registration was null
DEBUG 25-09-03 19:50:33[restartedMain] [SqmFunctionRegistry:90] - Registered SqmFunctionTemplate [org.hibernate.query.sqm.function.PatternBasedSqmFunctionDescriptor@4fe900ab] under position; prior registration was org.hibernate.dialect.function.LocatePositionEmulation@1c84553e
DEBUG 25-09-03 19:50:33[restartedMain] [SqmFunctionRegistry:90] - Registered SqmFunctionTemplate [NamedSqmFunctionTemplate(curtime)] under curtime; prior registration was null
DEBUG 25-09-03 19:50:33[restartedMain] [SqmFunctionRegistry:90] - Registered SqmFunctionTemplate [NamedSqmFunctionTemplate(curdate)] under curdate; prior registration was null
DEBUG 25-09-03 19:50:33[restartedMain] [SqmFunctionRegistry:90] - Registered SqmFunctionTemplate [NamedSqmFunctionTemplate(now)] under now; prior registration was null
DEBUG 25-09-03 19:50:33[HikariPool-1:connection-adder] [HikariPool:422] - HikariPool-1 - After adding stats (total=10/10, idle=10/10, active=0, waiting=0)
DEBUG 25-09-03 19:50:33[restartedMain] [SqmFunctionRegistry:90] - Registered SqmFunctionTemplate [org.hibernate.dialect.function.TruncFunction@44981fc4] under trunc; prior registration was null
DEBUG 25-09-03 19:50:33[restartedMain] [SqmFunctionRegistry:307] - Registering alternate key : truncate -> trunc
DEBUG 25-09-03 19:50:33[restartedMain] [SqmFunctionRegistry:90] - Registered SqmFunctionTemplate [NamedSqmFunctionTemplate(insert)] under insert; prior registration was null
DEBUG 25-09-03 19:50:33[restartedMain] [SqmFunctionRegistry:90] - Registered SqmFunctionTemplate [org.hibernate.query.sqm.function.PatternBasedSqmFunctionDescriptor@7b0b5587] under bitand; prior registration was null
DEBUG 25-09-03 19:50:33[restartedMain] [SqmFunctionRegistry:90] - Registered SqmFunctionTemplate [org.hibernate.query.sqm.function.PatternBasedSqmFunctionDescriptor@13a469ce] under bitor; prior registration was null
DEBUG 25-09-03 19:50:33[restartedMain] [SqmFunctionRegistry:90] - Registered SqmFunctionTemplate [org.hibernate.query.sqm.function.PatternBasedSqmFunctionDescriptor@5e0dbc6] under bitxor; prior registration was null
DEBUG 25-09-03 19:50:33[restartedMain] [SqmFunctionRegistry:90] - Registered SqmFunctionTemplate [org.hibernate.query.sqm.function.PatternBasedSqmFunctionDescriptor@78ad004] under bitnot; prior registration was null
DEBUG 25-09-03 19:50:33[restartedMain] [SqmFunctionRegistry:90] - Registered SqmFunctionTemplate [NamedSqmFunctionTemplate(bit_and)] under bit_and; prior registration was null
DEBUG 25-09-03 19:50:33[restartedMain] [SqmFunctionRegistry:90] - Registered SqmFunctionTemplate [NamedSqmFunctionTemplate(bit_or)] under bit_or; prior registration was null
DEBUG 25-09-03 19:50:33[restartedMain] [SqmFunctionRegistry:90] - Registered SqmFunctionTemplate [NamedSqmFunctionTemplate(stddev)] under stddev; prior registration was null
DEBUG 25-09-03 19:50:33[restartedMain] [SqmFunctionRegistry:90] - Registered SqmFunctionTemplate [NamedSqmFunctionTemplate(stddev_pop)] under stddev_pop; prior registration was null
DEBUG 25-09-03 19:50:33[restartedMain] [SqmFunctionRegistry:90] - Registered SqmFunctionTemplate [NamedSqmFunctionTemplate(stddev_samp)] under stddev_samp; prior registration was null
DEBUG 25-09-03 19:50:33[restartedMain] [SqmFunctionRegistry:90] - Registered SqmFunctionTemplate [NamedSqmFunctionTemplate(variance)] under variance; prior registration was null
DEBUG 25-09-03 19:50:33[restartedMain] [SqmFunctionRegistry:90] - Registered SqmFunctionTemplate [NamedSqmFunctionTemplate(var_pop)] under var_pop; prior registration was null
DEBUG 25-09-03 19:50:33[restartedMain] [SqmFunctionRegistry:90] - Registered SqmFunctionTemplate [NamedSqmFunctionTemplate(var_samp)] under var_samp; prior registration was null
DEBUG 25-09-03 19:50:33[restartedMain] [SqmFunctionRegistry:90] - Registered SqmFunctionTemplate [NamedSqmFunctionTemplate(datediff)] under datediff; prior registration was null
DEBUG 25-09-03 19:50:33[restartedMain] [SqmFunctionRegistry:90] - Registered SqmFunctionTemplate [NamedSqmFunctionTemplate(adddate)] under adddate; prior registration was null
DEBUG 25-09-03 19:50:33[restartedMain] [SqmFunctionRegistry:90] - Registered SqmFunctionTemplate [NamedSqmFunctionTemplate(subdate)] under subdate; prior registration was null
DEBUG 25-09-03 19:50:33[restartedMain] [SqmFunctionRegistry:90] - Registered SqmFunctionTemplate [NamedSqmFunctionTemplate(addtime)] under addtime; prior registration was null
DEBUG 25-09-03 19:50:33[restartedMain] [SqmFunctionRegistry:90] - Registered SqmFunctionTemplate [NamedSqmFunctionTemplate(subtime)] under subtime; prior registration was null
DEBUG 25-09-03 19:50:33[restartedMain] [SqmFunctionRegistry:90] - Registered SqmFunctionTemplate [org.hibernate.dialect.function.FormatFunction@697e1182] under format; prior registration was org.hibernate.dialect.function.FormatFunction@54768d90
DEBUG 25-09-03 19:50:33[restartedMain] [SqmFunctionRegistry:90] - Registered SqmFunctionTemplate [NamedSqmFunctionTemplate(makedate)] under makedate; prior registration was null
DEBUG 25-09-03 19:50:33[restartedMain] [SqmFunctionRegistry:90] - Registered SqmFunctionTemplate [NamedSqmFunctionTemplate(maketime)] under maketime; prior registration was null
DEBUG 25-09-03 19:50:33[restartedMain] [SqmFunctionRegistry:90] - Registered SqmFunctionTemplate [NamedSqmFunctionTemplate(localtime)] under localtime; prior registration was null
DEBUG 25-09-03 19:50:33[restartedMain] [SqmFunctionRegistry:90] - Registered SqmFunctionTemplate [NamedSqmFunctionTemplate(localtimestamp)] under localtimestamp; prior registration was null
DEBUG 25-09-03 19:50:33[restartedMain] [SqmFunctionRegistry:90] - Registered SqmFunctionTemplate [NamedSqmFunctionTemplate(localtime)] under local_time; prior registration was org.hibernate.dialect.function.CurrentFunction@3aef6ea1
DEBUG 25-09-03 19:50:33[restartedMain] [SqmFunctionRegistry:90] - Registered SqmFunctionTemplate [NamedSqmFunctionTemplate(localtimestamp)] under local_datetime; prior registration was org.hibernate.dialect.function.CurrentFunction@22dc1a81
DEBUG 25-09-03 19:50:33[restartedMain] [SqmFunctionRegistry:90] - Registered SqmFunctionTemplate [NamedSqmFunctionTemplate(localtime)] under localtime; prior registration was NamedSqmFunctionTemplate(localtime)
DEBUG 25-09-03 19:50:33[restartedMain] [SqmFunctionRegistry:90] - Registered SqmFunctionTemplate [org.hibernate.query.sqm.function.PatternBasedSqmFunctionDescriptor@1ea67d99] under pi; prior registration was org.hibernate.query.sqm.function.PatternBasedSqmFunctionDescriptor@3d46146c
DEBUG 25-09-03 19:50:33[restartedMain] [SqmFunctionRegistry:90] - Registered SqmFunctionTemplate [org.hibernate.query.sqm.function.PatternBasedSqmFunctionDescriptor@62d5a80c] under chr; prior registration was null
DEBUG 25-09-03 19:50:33[restartedMain] [SqmFunctionRegistry:307] - Registering alternate key : char -> chr
DEBUG 25-09-03 19:50:33[restartedMain] [SqmFunctionRegistry:90] - Registered SqmFunctionTemplate [org.hibernate.query.sqm.function.PatternBasedSqmFunctionDescriptor@49dff122] under sysdate; prior registration was null
DEBUG 25-09-03 19:50:33[restartedMain] [SqmFunctionRegistry:90] - Registered SqmFunctionTemplate [org.hibernate.dialect.function.ListaggGroupConcatEmulation@98f679f] under listagg; prior registration was null
DEBUG 25-09-03 19:50:33[restartedMain] [HQL_FUNCTIONS:100] - abs(NUMERIC arg)
DEBUG 25-09-03 19:50:33[restartedMain] [HQL_FUNCTIONS:100] - Double acos(NUMERIC arg)
DEBUG 25-09-03 19:50:33[restartedMain] [HQL_FUNCTIONS:100] - adddate(DATE datetime, INTEGER days)
DEBUG 25-09-03 19:50:33[restartedMain] [HQL_FUNCTIONS:100] - addtime(TIME datetime, TIME time)
DEBUG 25-09-03 19:50:33[restartedMain] [HQL_FUNCTIONS:100] - Boolean any(BOOLEAN arg)
DEBUG 25-09-03 19:50:33[restartedMain] [HQL_FUNCTIONS:100] - Integer ascii(STRING arg)
DEBUG 25-09-03 19:50:33[restartedMain] [HQL_FUNCTIONS:100] - Double asin(NUMERIC arg)
DEBUG 25-09-03 19:50:33[restartedMain] [HQL_FUNCTIONS:100] - Double atan(NUMERIC arg)
DEBUG 25-09-03 19:50:33[restartedMain] [HQL_FUNCTIONS:100] - Double atan2(NUMERIC arg0, NUMERIC arg1)
DEBUG 25-09-03 19:50:33[restartedMain] [HQL_FUNCTIONS:100] - avg(arg)
DEBUG 25-09-03 19:50:33[restartedMain] [HQL_FUNCTIONS:100] - bit_and(arg)
DEBUG 25-09-03 19:50:33[restartedMain] [HQL_FUNCTIONS:100] - Integer bit_length(STRING_OR_CLOB arg)
DEBUG 25-09-03 19:50:33[restartedMain] [HQL_FUNCTIONS:100] - bit_or(arg)
DEBUG 25-09-03 19:50:33[restartedMain] [HQL_FUNCTIONS:100] - bitand(arg0, arg1)
DEBUG 25-09-03 19:50:33[restartedMain] [HQL_FUNCTIONS:100] - bitnot(arg)
DEBUG 25-09-03 19:50:33[restartedMain] [HQL_FUNCTIONS:100] - bitor(arg0, arg1)
DEBUG 25-09-03 19:50:33[restartedMain] [HQL_FUNCTIONS:100] - bitxor(arg0, arg1)
DEBUG 25-09-03 19:50:33[restartedMain] [HQL_FUNCTIONS:100] - cast(arg as Type)
DEBUG 25-09-03 19:50:33[restartedMain] [HQL_FUNCTIONS:100] - ceiling(NUMERIC arg)
DEBUG 25-09-03 19:50:33[restartedMain] [HQL_FUNCTIONS:100] - Character char(INTEGER arg)
DEBUG 25-09-03 19:50:33[restartedMain] [HQL_FUNCTIONS:100] - Integer character_length(STRING_OR_CLOB arg)
DEBUG 25-09-03 19:50:33[restartedMain] [HQL_FUNCTIONS:100] - Character chr(INTEGER arg)
DEBUG 25-09-03 19:50:33[restartedMain] [HQL_FUNCTIONS:100] - coalesce(arg0[, arg1[, ...]])
DEBUG 25-09-03 19:50:33[restartedMain] [HQL_FUNCTIONS:100] - String collate(STRING string as COLLATION collation)
DEBUG 25-09-03 19:50:33[restartedMain] [HQL_FUNCTIONS:100] - String concat(STRING string0[, STRING string1[, ...]])
DEBUG 25-09-03 19:50:33[restartedMain] [HQL_FUNCTIONS:100] - Double cos(NUMERIC arg)
DEBUG 25-09-03 19:50:33[restartedMain] [HQL_FUNCTIONS:100] - Double cosh(NUMERIC arg)
DEBUG 25-09-03 19:50:33[restartedMain] [HQL_FUNCTIONS:100] - Double cot(NUMERIC arg)
DEBUG 25-09-03 19:50:33[restartedMain] [HQL_FUNCTIONS:100] - Long count([distinct ]{arg|*})
DEBUG 25-09-03 19:50:33[restartedMain] [HQL_FUNCTIONS:100] - Integer crc32(arg)
DEBUG 25-09-03 19:50:33[restartedMain] [HQL_FUNCTIONS:100] - Date curdate()
DEBUG 25-09-03 19:50:33[restartedMain] [HQL_FUNCTIONS:100] - Date current date
DEBUG 25-09-03 19:50:33[restartedMain] [HQL_FUNCTIONS:100] - Time current time
DEBUG 25-09-03 19:50:33[restartedMain] [HQL_FUNCTIONS:100] - Timestamp current timestamp
DEBUG 25-09-03 19:50:33[restartedMain] [HQL_FUNCTIONS:100] - Date current_date
DEBUG 25-09-03 19:50:33[restartedMain] [HQL_FUNCTIONS:100] - Instant current_instant
DEBUG 25-09-03 19:50:33[restartedMain] [HQL_FUNCTIONS:100] - Time current_time
DEBUG 25-09-03 19:50:33[restartedMain] [HQL_FUNCTIONS:100] - Timestamp current_timestamp
DEBUG 25-09-03 19:50:33[restartedMain] [HQL_FUNCTIONS:100] - Time curtime()
DEBUG 25-09-03 19:50:33[restartedMain] [HQL_FUNCTIONS:100] - Date date(arg)
DEBUG 25-09-03 19:50:33[restartedMain] [HQL_FUNCTIONS:100] - dateadd(TEMPORAL_UNIT field, INTEGER magnitude, TEMPORAL datetime)
DEBUG 25-09-03 19:50:33[restartedMain] [HQL_FUNCTIONS:100] - Integer datediff(DATE end, DATE start)
DEBUG 25-09-03 19:50:33[restartedMain] [HQL_FUNCTIONS:100] - Integer day(DATE arg)
DEBUG 25-09-03 19:50:33[restartedMain] [HQL_FUNCTIONS:100] - String dayname(DATE arg)
DEBUG 25-09-03 19:50:33[restartedMain] [HQL_FUNCTIONS:100] - Integer dayofmonth(DATE arg)
DEBUG 25-09-03 19:50:33[restartedMain] [HQL_FUNCTIONS:100] - Integer dayofweek(DATE arg)
DEBUG 25-09-03 19:50:33[restartedMain] [HQL_FUNCTIONS:100] - Integer dayofyear(DATE arg)
DEBUG 25-09-03 19:50:33[restartedMain] [HQL_FUNCTIONS:100] - Double degrees(NUMERIC arg)
DEBUG 25-09-03 19:50:33[restartedMain] [HQL_FUNCTIONS:100] - Boolean every(BOOLEAN arg)
DEBUG 25-09-03 19:50:33[restartedMain] [HQL_FUNCTIONS:100] - Double exp(NUMERIC arg)
DEBUG 25-09-03 19:50:33[restartedMain] [HQL_FUNCTIONS:100] - extract(TEMPORAL_UNIT field from TEMPORAL arg)
DEBUG 25-09-03 19:50:33[restartedMain] [HQL_FUNCTIONS:100] - floor(NUMERIC arg)
DEBUG 25-09-03 19:50:33[restartedMain] [HQL_FUNCTIONS:100] - String format(TEMPORAL datetime as STRING pattern)
DEBUG 25-09-03 19:50:33[restartedMain] [HQL_FUNCTIONS:100] - greatest(COMPARABLE arg0, COMPARABLE arg1[, arg2[, ...]])
DEBUG 25-09-03 19:50:33[restartedMain] [HQL_FUNCTIONS:100] - Integer hour(TIME arg)
DEBUG 25-09-03 19:50:33[restartedMain] [HQL_FUNCTIONS:100] - ifnull(arg0, arg1)
DEBUG 25-09-03 19:50:33[restartedMain] [HQL_FUNCTIONS:100] - String insert(STRING string, INTEGER start, INTEGER length, STRING replacement)
DEBUG 25-09-03 19:50:33[restartedMain] [HQL_FUNCTIONS:100] - Instant instant
DEBUG 25-09-03 19:50:33[restartedMain] [HQL_FUNCTIONS:100] - Integer instr(STRING string, STRING pattern[, INTEGER start[, INTEGER occurrence]])
DEBUG 25-09-03 19:50:33[restartedMain] [HQL_FUNCTIONS:100] - Date last_day(DATE arg)
DEBUG 25-09-03 19:50:33[restartedMain] [HQL_FUNCTIONS:100] - least(COMPARABLE arg0, COMPARABLE arg1[, arg2[, ...]])
DEBUG 25-09-03 19:50:33[restartedMain] [HQL_FUNCTIONS:100] - String left(STRING string, INTEGER length)
DEBUG 25-09-03 19:50:33[restartedMain] [HQL_FUNCTIONS:100] - Integer length(STRING_OR_CLOB arg)
DEBUG 25-09-03 19:50:33[restartedMain] [HQL_FUNCTIONS:100] - String listagg(STRING arg0, STRING arg1)
DEBUG 25-09-03 19:50:33[restartedMain] [HQL_FUNCTIONS:100] - Double ln(NUMERIC arg)
DEBUG 25-09-03 19:50:33[restartedMain] [HQL_FUNCTIONS:100] - LocalDate local date
DEBUG 25-09-03 19:50:33[restartedMain] [HQL_FUNCTIONS:100] - LocalDateTime local datetime
DEBUG 25-09-03 19:50:33[restartedMain] [HQL_FUNCTIONS:100] - LocalTime local time
DEBUG 25-09-03 19:50:33[restartedMain] [HQL_FUNCTIONS:100] - LocalDate local_date
DEBUG 25-09-03 19:50:33[restartedMain] [HQL_FUNCTIONS:100] - LocalDateTime local_datetime
DEBUG 25-09-03 19:50:33[restartedMain] [HQL_FUNCTIONS:100] - LocalTime local_time
DEBUG 25-09-03 19:50:33[restartedMain] [HQL_FUNCTIONS:100] - Timestamp localtime
DEBUG 25-09-03 19:50:33[restartedMain] [HQL_FUNCTIONS:100] - Timestamp localtimestamp
DEBUG 25-09-03 19:50:33[restartedMain] [HQL_FUNCTIONS:100] - Integer locate(STRING pattern, STRING string[, INTEGER start])
DEBUG 25-09-03 19:50:33[restartedMain] [HQL_FUNCTIONS:100] - Double log(NUMERIC arg0[, NUMERIC arg1])
DEBUG 25-09-03 19:50:33[restartedMain] [HQL_FUNCTIONS:100] - Double log10(NUMERIC arg)
DEBUG 25-09-03 19:50:33[restartedMain] [HQL_FUNCTIONS:100] - Double log2(NUMERIC arg)
DEBUG 25-09-03 19:50:33[restartedMain] [HQL_FUNCTIONS:100] - String lower(STRING string)
DEBUG 25-09-03 19:50:33[restartedMain] [HQL_FUNCTIONS:100] - String lpad(string, length[, padding])
DEBUG 25-09-03 19:50:33[restartedMain] [HQL_FUNCTIONS:100] - String ltrim(STRING string[, STRING characters])
DEBUG 25-09-03 19:50:33[restartedMain] [HQL_FUNCTIONS:100] - Date makedate(INTEGER year, INTEGER dayofyear)
DEBUG 25-09-03 19:50:33[restartedMain] [HQL_FUNCTIONS:100] - Time maketime(INTEGER hour, INTEGER min, INTEGER sec)
DEBUG 25-09-03 19:50:33[restartedMain] [HQL_FUNCTIONS:100] - max(COMPARABLE arg)
DEBUG 25-09-03 19:50:33[restartedMain] [HQL_FUNCTIONS:100] - String md5(arg)
DEBUG 25-09-03 19:50:33[restartedMain] [HQL_FUNCTIONS:100] - Integer microsecond(TIME arg)
DEBUG 25-09-03 19:50:33[restartedMain] [HQL_FUNCTIONS:100] - min(COMPARABLE arg)
DEBUG 25-09-03 19:50:33[restartedMain] [HQL_FUNCTIONS:100] - Integer minute(TIME arg)
DEBUG 25-09-03 19:50:33[restartedMain] [HQL_FUNCTIONS:100] - Integer mod(INTEGER arg0, INTEGER arg1)
DEBUG 25-09-03 19:50:33[restartedMain] [HQL_FUNCTIONS:100] - Integer month(DATE arg)
DEBUG 25-09-03 19:50:33[restartedMain] [HQL_FUNCTIONS:100] - String monthname(DATE arg)
DEBUG 25-09-03 19:50:33[restartedMain] [HQL_FUNCTIONS:100] - Timestamp now()
DEBUG 25-09-03 19:50:33[restartedMain] [HQL_FUNCTIONS:100] - nullif(arg0, arg1)
DEBUG 25-09-03 19:50:33[restartedMain] [HQL_FUNCTIONS:100] - Integer octet_length(STRING_OR_CLOB arg)
DEBUG 25-09-03 19:50:33[restartedMain] [HQL_FUNCTIONS:100] - OffsetDateTime offset datetime
DEBUG 25-09-03 19:50:33[restartedMain] [HQL_FUNCTIONS:100] - OffsetDateTime offset_datetime
DEBUG 25-09-03 19:50:33[restartedMain] [HQL_FUNCTIONS:100] - String overlay(STRING string placing STRING replacement from INTEGER start[ for INTEGER length])
DEBUG 25-09-03 19:50:33[restartedMain] [HQL_FUNCTIONS:100] - String pad(STRING string with INTEGER length {leading|trailing}[ STRING character])
DEBUG 25-09-03 19:50:33[restartedMain] [HQL_FUNCTIONS:100] - Double pi
DEBUG 25-09-03 19:50:33[restartedMain] [HQL_FUNCTIONS:100] - Integer position(STRING pattern in STRING string)
DEBUG 25-09-03 19:50:33[restartedMain] [HQL_FUNCTIONS:100] - Double power(NUMERIC arg0, NUMERIC arg1)
DEBUG 25-09-03 19:50:33[restartedMain] [HQL_FUNCTIONS:100] - Integer quarter(DATE arg)
DEBUG 25-09-03 19:50:33[restartedMain] [HQL_FUNCTIONS:100] - Double radians(NUMERIC arg)
DEBUG 25-09-03 19:50:33[restartedMain] [HQL_FUNCTIONS:100] - Double rand([INTEGER seed])
DEBUG 25-09-03 19:50:33[restartedMain] [HQL_FUNCTIONS:100] - String repeat(STRING string, INTEGER times)
DEBUG 25-09-03 19:50:33[restartedMain] [HQL_FUNCTIONS:100] - String replace(STRING string, STRING pattern, STRING replacement)
DEBUG 25-09-03 19:50:33[restartedMain] [HQL_FUNCTIONS:100] - String reverse(STRING arg)
DEBUG 25-09-03 19:50:33[restartedMain] [HQL_FUNCTIONS:100] - String right(STRING string, INTEGER length)
DEBUG 25-09-03 19:50:33[restartedMain] [HQL_FUNCTIONS:100] - round(NUMERIC number[, INTEGER places])
DEBUG 25-09-03 19:50:33[restartedMain] [HQL_FUNCTIONS:100] - String rpad(string, length[, padding])
DEBUG 25-09-03 19:50:33[restartedMain] [HQL_FUNCTIONS:100] - String rtrim(STRING string[, STRING characters])
DEBUG 25-09-03 19:50:33[restartedMain] [HQL_FUNCTIONS:100] - Integer second(TIME arg)
DEBUG 25-09-03 19:50:33[restartedMain] [HQL_FUNCTIONS:100] - String sha(arg)
DEBUG 25-09-03 19:50:33[restartedMain] [HQL_FUNCTIONS:100] - String sha1(arg)
DEBUG 25-09-03 19:50:33[restartedMain] [HQL_FUNCTIONS:100] - String sha2(arg0, arg1)
DEBUG 25-09-03 19:50:33[restartedMain] [HQL_FUNCTIONS:100] - Integer sign(NUMERIC arg)
DEBUG 25-09-03 19:50:33[restartedMain] [HQL_FUNCTIONS:100] - Double sin(NUMERIC arg)
DEBUG 25-09-03 19:50:33[restartedMain] [HQL_FUNCTIONS:100] - Double sinh(NUMERIC arg)
DEBUG 25-09-03 19:50:33[restartedMain] [HQL_FUNCTIONS:100] - String soundex(arg)
DEBUG 25-09-03 19:50:33[restartedMain] [HQL_FUNCTIONS:100] - String space(INTEGER arg)
DEBUG 25-09-03 19:50:33[restartedMain] [HQL_FUNCTIONS:100] - sql
DEBUG 25-09-03 19:50:33[restartedMain] [HQL_FUNCTIONS:100] - Double sqrt(NUMERIC arg)
DEBUG 25-09-03 19:50:33[restartedMain] [HQL_FUNCTIONS:100] - Double stddev(NUMERIC arg)
DEBUG 25-09-03 19:50:33[restartedMain] [HQL_FUNCTIONS:100] - Double stddev_pop(NUMERIC arg)
DEBUG 25-09-03 19:50:33[restartedMain] [HQL_FUNCTIONS:100] - Double stddev_samp(NUMERIC arg)
DEBUG 25-09-03 19:50:33[restartedMain] [HQL_FUNCTIONS:100] - String str(arg)
DEBUG 25-09-03 19:50:33[restartedMain] [HQL_FUNCTIONS:100] - subdate(DATE datetime, INTEGER days)
DEBUG 25-09-03 19:50:33[restartedMain] [HQL_FUNCTIONS:100] - String substr(STRING string, INTEGER start[, INTEGER length])
DEBUG 25-09-03 19:50:33[restartedMain] [HQL_FUNCTIONS:100] - String substring(STRING string{ from|,} INTEGER start[{ for|,} INTEGER length])
DEBUG 25-09-03 19:50:33[restartedMain] [HQL_FUNCTIONS:100] - subtime(TIME datetime, TIME time)
DEBUG 25-09-03 19:50:33[restartedMain] [HQL_FUNCTIONS:100] - sum(arg)
DEBUG 25-09-03 19:50:33[restartedMain] [HQL_FUNCTIONS:100] - Timestamp sysdate()
DEBUG 25-09-03 19:50:33[restartedMain] [HQL_FUNCTIONS:100] - Double tan(NUMERIC arg)
DEBUG 25-09-03 19:50:33[restartedMain] [HQL_FUNCTIONS:100] - Double tanh(NUMERIC arg)
DEBUG 25-09-03 19:50:33[restartedMain] [HQL_FUNCTIONS:100] - String time(arg)
DEBUG 25-09-03 19:50:33[restartedMain] [HQL_FUNCTIONS:100] - Timestamp timestamp(arg0[, arg1])
DEBUG 25-09-03 19:50:33[restartedMain] [HQL_FUNCTIONS:100] - timestampadd(TEMPORAL_UNIT field, INTEGER magnitude, TEMPORAL datetime)
DEBUG 25-09-03 19:50:33[restartedMain] [HQL_FUNCTIONS:100] - Long|Double timestampdiff(TEMPORAL_UNIT field, TEMPORAL start, TEMPORAL end)
DEBUG 25-09-03 19:50:33[restartedMain] [HQL_FUNCTIONS:100] - String trim([[{leading|trailing|both} ][STRING arg0 ]from] STRING arg1)
DEBUG 25-09-03 19:50:33[restartedMain] [HQL_FUNCTIONS:100] - trunc( ... )
DEBUG 25-09-03 19:50:33[restartedMain] [HQL_FUNCTIONS:100] - truncate( ... )
DEBUG 25-09-03 19:50:33[restartedMain] [HQL_FUNCTIONS:100] - String upper(STRING string)
DEBUG 25-09-03 19:50:33[restartedMain] [HQL_FUNCTIONS:100] - Date utc_date
DEBUG 25-09-03 19:50:33[restartedMain] [HQL_FUNCTIONS:100] - Time utc_time
DEBUG 25-09-03 19:50:33[restartedMain] [HQL_FUNCTIONS:100] - Timestamp utc_timestamp
DEBUG 25-09-03 19:50:33[restartedMain] [HQL_FUNCTIONS:100] - Double var_pop(NUMERIC arg)
DEBUG 25-09-03 19:50:33[restartedMain] [HQL_FUNCTIONS:100] - Double var_samp(NUMERIC arg)
DEBUG 25-09-03 19:50:33[restartedMain] [HQL_FUNCTIONS:100] - Double variance(NUMERIC arg)
DEBUG 25-09-03 19:50:33[restartedMain] [HQL_FUNCTIONS:100] - Integer week(DATE arg)
DEBUG 25-09-03 19:50:33[restartedMain] [HQL_FUNCTIONS:100] - Integer year(DATE arg)
DEBUG 25-09-03 19:50:33[restartedMain] [cache:48] - Starting QueryInterpretationCache(2048)
DEBUG 25-09-03 19:50:33[restartedMain] [SessionFactoryServiceRegistryImpl:105] - EventListenerRegistry access via ServiceRegistry is deprecated.  Use `sessionFactory.getEventEngine().getListenerRegistry()` instead
DEBUG 25-09-03 19:50:33[restartedMain] [EntityCopyObserverFactoryInitiator:39] - Configured EntityCopyObserver strategy: disallow
DEBUG 25-09-03 19:50:33[restartedMain] [interceptor:46] - To-one property `com.mjc813.food_web.food_file.dto.FoodFileEntity#foodEntity` was mapped with LAZY + NO_PROXY but the class was not enhanced
DEBUG 25-09-03 19:50:33[restartedMain] [interceptor:46] - To-one property `com.mjc813.food_web.food_file.dto.FoodFileEntity#foodEntity` was mapped with LAZY + NO_PROXY but the class was not enhanced
DEBUG 25-09-03 19:50:33[restartedMain] [ClassLoaderAccessImpl:60] - Not known whether passed class name [com.mjc813.food_web.food_file.dto.FoodFileEntity] is safe
DEBUG 25-09-03 19:50:33[restartedMain] [ClassLoaderAccessImpl:62] - No temp ClassLoader provided; using live ClassLoader for loading potentially unsafe class : com.mjc813.food_web.food_file.dto.FoodFileEntity
DEBUG 25-09-03 19:50:33[restartedMain] [BytecodeProviderImpl:232] - HHH000513: Unable to create the ReflectionOptimizer for [com.mjc813.food_web.food_file.dto.FoodFileEntity]: private accessor [dir]
DEBUG 25-09-03 19:50:33[restartedMain] [interceptor:46] - To-one property `com.mjc813.food_web.food_file.dto.FoodFileEntity#foodEntity` was mapped with LAZY + NO_PROXY but the class was not enhanced
DEBUG 25-09-03 19:50:33[restartedMain] [interceptor:46] - To-one property `com.mjc813.food_web.food.dto.FoodEntity#foodCategoryEntity` was mapped with LAZY + NO_PROXY but the class was not enhanced
DEBUG 25-09-03 19:50:33[restartedMain] [interceptor:46] - To-one property `com.mjc813.food_web.food.dto.FoodEntity#foodCategoryEntity` was mapped with LAZY + NO_PROXY but the class was not enhanced
DEBUG 25-09-03 19:50:33[restartedMain] [ClassLoaderAccessImpl:60] - Not known whether passed class name [com.mjc813.food_web.food.dto.FoodEntity] is safe
DEBUG 25-09-03 19:50:33[restartedMain] [ClassLoaderAccessImpl:62] - No temp ClassLoader provided; using live ClassLoader for loading potentially unsafe class : com.mjc813.food_web.food.dto.FoodEntity
DEBUG 25-09-03 19:50:33[restartedMain] [BytecodeProviderImpl:232] - HHH000513: Unable to create the ReflectionOptimizer for [com.mjc813.food_web.food.dto.FoodEntity]: private accessor [description]
DEBUG 25-09-03 19:50:33[restartedMain] [interceptor:46] - To-one property `com.mjc813.food_web.food.dto.FoodEntity#foodCategoryEntity` was mapped with LAZY + NO_PROXY but the class was not enhanced
DEBUG 25-09-03 19:50:33[restartedMain] [ClassLoaderAccessImpl:60] - Not known whether passed class name [com.mjc813.food_web.ingredient_category.dto.IngredientCategoryEntity] is safe
DEBUG 25-09-03 19:50:33[restartedMain] [ClassLoaderAccessImpl:62] - No temp ClassLoader provided; using live ClassLoader for loading potentially unsafe class : com.mjc813.food_web.ingredient_category.dto.IngredientCategoryEntity
DEBUG 25-09-03 19:50:33[restartedMain] [BytecodeProviderImpl:232] - HHH000513: Unable to create the ReflectionOptimizer for [com.mjc813.food_web.ingredient_category.dto.IngredientCategoryEntity]: private accessor [name]
DEBUG 25-09-03 19:50:33[restartedMain] [interceptor:46] - To-one property `com.mjc813.food_web.food_ingredient.dto.FoodIngredientEntity#foodEntity` was mapped with LAZY + NO_PROXY but the class was not enhanced
DEBUG 25-09-03 19:50:33[restartedMain] [interceptor:46] - To-one property `com.mjc813.food_web.food_ingredient.dto.FoodIngredientEntity#foodEntity` was mapped with LAZY + NO_PROXY but the class was not enhanced
DEBUG 25-09-03 19:50:33[restartedMain] [interceptor:46] - To-one property `com.mjc813.food_web.food_ingredient.dto.FoodIngredientEntity#ingredientEntity` was mapped with LAZY + NO_PROXY but the class was not enhanced
DEBUG 25-09-03 19:50:33[restartedMain] [interceptor:46] - To-one property `com.mjc813.food_web.food_ingredient.dto.FoodIngredientEntity#ingredientEntity` was mapped with LAZY + NO_PROXY but the class was not enhanced
DEBUG 25-09-03 19:50:33[restartedMain] [ClassLoaderAccessImpl:60] - Not known whether passed class name [com.mjc813.food_web.food_ingredient.dto.FoodIngredientEntity] is safe
DEBUG 25-09-03 19:50:33[restartedMain] [ClassLoaderAccessImpl:62] - No temp ClassLoader provided; using live ClassLoader for loading potentially unsafe class : com.mjc813.food_web.food_ingredient.dto.FoodIngredientEntity
DEBUG 25-09-03 19:50:33[restartedMain] [BytecodeProviderImpl:232] - HHH000513: Unable to create the ReflectionOptimizer for [com.mjc813.food_web.food_ingredient.dto.FoodIngredientEntity]: private accessor [capacity]
DEBUG 25-09-03 19:50:33[restartedMain] [interceptor:46] - To-one property `com.mjc813.food_web.food_ingredient.dto.FoodIngredientEntity#foodEntity` was mapped with LAZY + NO_PROXY but the class was not enhanced
DEBUG 25-09-03 19:50:33[restartedMain] [interceptor:46] - To-one property `com.mjc813.food_web.food_ingredient.dto.FoodIngredientEntity#ingredientEntity` was mapped with LAZY + NO_PROXY but the class was not enhanced
DEBUG 25-09-03 19:50:33[restartedMain] [interceptor:46] - To-one property `com.mjc813.food_web.ingredient.dto.IngredientEntity#ingredientCategoryEntity` was mapped with LAZY + NO_PROXY but the class was not enhanced
DEBUG 25-09-03 19:50:33[restartedMain] [interceptor:46] - To-one property `com.mjc813.food_web.ingredient.dto.IngredientEntity#ingredientCategoryEntity` was mapped with LAZY + NO_PROXY but the class was not enhanced
DEBUG 25-09-03 19:50:33[restartedMain] [ClassLoaderAccessImpl:60] - Not known whether passed class name [com.mjc813.food_web.ingredient.dto.IngredientEntity] is safe
DEBUG 25-09-03 19:50:33[restartedMain] [ClassLoaderAccessImpl:62] - No temp ClassLoader provided; using live ClassLoader for loading potentially unsafe class : com.mjc813.food_web.ingredient.dto.IngredientEntity
DEBUG 25-09-03 19:50:33[restartedMain] [BytecodeProviderImpl:232] - HHH000513: Unable to create the ReflectionOptimizer for [com.mjc813.food_web.ingredient.dto.IngredientEntity]: private accessor [ingredientCategoryEntity]
DEBUG 25-09-03 19:50:33[restartedMain] [interceptor:46] - To-one property `com.mjc813.food_web.ingredient.dto.IngredientEntity#ingredientCategoryEntity` was mapped with LAZY + NO_PROXY but the class was not enhanced
DEBUG 25-09-03 19:50:33[restartedMain] [ClassLoaderAccessImpl:60] - Not known whether passed class name [com.mjc813.food_web.food_category.dto.FoodCategoryEntity] is safe
DEBUG 25-09-03 19:50:33[restartedMain] [ClassLoaderAccessImpl:62] - No temp ClassLoader provided; using live ClassLoader for loading potentially unsafe class : com.mjc813.food_web.food_category.dto.FoodCategoryEntity
DEBUG 25-09-03 19:50:33[restartedMain] [BytecodeProviderImpl:232] - HHH000513: Unable to create the ReflectionOptimizer for [com.mjc813.food_web.food_category.dto.FoodCategoryEntity]: private accessor [name]
DEBUG 25-09-03 19:50:33[restartedMain] [ClassLoaderAccessImpl:60] - Not known whether passed class name [com.mjc813.food_web.member.dto.MemberEntity] is safe
DEBUG 25-09-03 19:50:33[restartedMain] [ClassLoaderAccessImpl:62] - No temp ClassLoader provided; using live ClassLoader for loading potentially unsafe class : com.mjc813.food_web.member.dto.MemberEntity
DEBUG 25-09-03 19:50:33[restartedMain] [BytecodeProviderImpl:232] - HHH000513: Unable to create the ReflectionOptimizer for [com.mjc813.food_web.member.dto.MemberEntity]: private accessor [email]
DEBUG 25-09-03 19:50:33[restartedMain] [creation:92] - Starting post-init callbacks
DEBUG 25-09-03 19:50:33[restartedMain] [creation:242] - Starting PostInitCallbackEntry : To-one key - NavigableRole[com.mjc813.food_web.food_file.dto.FoodFileEntity.foodEntity]
DEBUG 25-09-03 19:50:33[restartedMain] [creation:242] - Starting PostInitCallbackEntry : Entity(com.mjc813.food_web.food_file.dto.FoodFileEntity) `staticFetchableList` generator
DEBUG 25-09-03 19:50:33[restartedMain] [creation:242] - Starting PostInitCallbackEntry : To-one key - NavigableRole[com.mjc813.food_web.food.dto.FoodEntity.foodCategoryEntity]
DEBUG 25-09-03 19:50:33[restartedMain] [creation:242] - Starting PostInitCallbackEntry : Entity(com.mjc813.food_web.food.dto.FoodEntity) `staticFetchableList` generator
DEBUG 25-09-03 19:50:33[restartedMain] [creation:242] - Starting PostInitCallbackEntry : Entity(com.mjc813.food_web.ingredient_category.dto.IngredientCategoryEntity) `staticFetchableList` generator
DEBUG 25-09-03 19:50:33[restartedMain] [creation:242] - Starting PostInitCallbackEntry : To-one key - NavigableRole[com.mjc813.food_web.food_ingredient.dto.FoodIngredientEntity.foodEntity]
DEBUG 25-09-03 19:50:33[restartedMain] [creation:242] - Starting PostInitCallbackEntry : To-one key - NavigableRole[com.mjc813.food_web.food_ingredient.dto.FoodIngredientEntity.ingredientEntity]
DEBUG 25-09-03 19:50:33[restartedMain] [creation:242] - Starting PostInitCallbackEntry : Entity(com.mjc813.food_web.food_ingredient.dto.FoodIngredientEntity) `staticFetchableList` generator
DEBUG 25-09-03 19:50:33[restartedMain] [creation:242] - Starting PostInitCallbackEntry : To-one key - NavigableRole[com.mjc813.food_web.ingredient.dto.IngredientEntity.ingredientCategoryEntity]
DEBUG 25-09-03 19:50:33[restartedMain] [creation:242] - Starting PostInitCallbackEntry : Entity(com.mjc813.food_web.ingredient.dto.IngredientEntity) `staticFetchableList` generator
DEBUG 25-09-03 19:50:33[restartedMain] [creation:242] - Starting PostInitCallbackEntry : Entity(com.mjc813.food_web.food_category.dto.FoodCategoryEntity) `staticFetchableList` generator
DEBUG 25-09-03 19:50:33[restartedMain] [creation:242] - Starting PostInitCallbackEntry : Entity(com.mjc813.food_web.member.dto.MemberEntity) `staticFetchableList` generator
DEBUG 25-09-03 19:50:33[restartedMain] [create:32] - Created new SQL alias : ffe1_0
DEBUG 25-09-03 19:50:33[restartedMain] [create:112] - Registration of TableGroup [StandardTableGroup(com.mjc813.food_web.food_file.dto.FoodFileEntity)] with identifierForTableGroup [com.mjc813.food_web.food_file.dto.FoodFileEntity] for NavigablePath [com.mjc813.food_web.food_file.dto.FoodFileEntity] 
DEBUG 25-09-03 19:50:33[restartedMain] [create:112] - Registration of TableGroup [org.hibernate.sql.ast.tree.from.LazyTableGroup@975030b] with identifierForTableGroup [com.mjc813.food_web.food_file.dto.FoodFileEntity.foodEntity] for NavigablePath [com.mjc813.food_web.food_file.dto.FoodFileEntity.foodEntity] 
DEBUG 25-09-03 19:50:33[restartedMain] [create:32] - Created new SQL alias : fe1_0
DEBUG 25-09-03 19:50:33[restartedMain] [create:112] - Registration of TableGroup [org.hibernate.sql.ast.tree.from.LazyTableGroup@1fc8c614] with identifierForTableGroup [com.mjc813.food_web.food_file.dto.FoodFileEntity.foodEntity.foodCategoryEntity] for NavigablePath [com.mjc813.food_web.food_file.dto.FoodFileEntity.foodEntity.foodCategoryEntity] 
DEBUG 25-09-03 19:50:33[restartedMain] [create:32] - Created new SQL alias : fce1_0
DEBUG 25-09-03 19:50:33[restartedMain] [AST:67] - DomainResult Graph:
 \-EntityResultImpl [com.mjc813.food_web.food_file.dto.FoodFileEntity]
 |  +-BasicFetch [com.mjc813.food_web.food_file.dto.FoodFileEntity.dir]
 |  +-BasicFetch [com.mjc813.food_web.food_file.dto.FoodFileEntity.ext]
 |  +-EntityFetchJoinedImpl [com.mjc813.food_web.food_file.dto.FoodFileEntity.foodEntity]
 |  |  +-BasicFetch [com.mjc813.food_web.food_file.dto.FoodFileEntity.foodEntity.description]
 |  |  +-EntityFetchJoinedImpl [com.mjc813.food_web.food_file.dto.FoodFileEntity.foodEntity.foodCategoryEntity]
 |  |  |  \-BasicFetch [com.mjc813.food_web.food_file.dto.FoodFileEntity.foodEntity.foodCategoryEntity.name]
 |  |  +-BasicFetch [com.mjc813.food_web.food_file.dto.FoodFileEntity.foodEntity.name]
 |  |  +-BasicFetch [com.mjc813.food_web.food_file.dto.FoodFileEntity.foodEntity.saltyLevel]
 |  |  +-BasicFetch [com.mjc813.food_web.food_file.dto.FoodFileEntity.foodEntity.sourLevel]
 |  |  +-BasicFetch [com.mjc813.food_web.food_file.dto.FoodFileEntity.foodEntity.spicyLevel]
 |  |  \-BasicFetch [com.mjc813.food_web.food_file.dto.FoodFileEntity.foodEntity.sweetLevel]
 |  +-BasicFetch [com.mjc813.food_web.food_file.dto.FoodFileEntity.name]
 |  +-BasicFetch [com.mjc813.food_web.food_file.dto.FoodFileEntity.realName]
 |  \-BasicFetch [com.mjc813.food_web.food_file.dto.FoodFileEntity.size]

DEBUG 25-09-03 19:50:33[restartedMain] [tree:46] - SQL AST Tree:
    SelectStatement {
      FromClause {
        StandardTableGroup (ffe1 : com.mjc813.food_web.food_file.dto.FoodFileEntity) {
          primaryTableReference : food_file_tbl as ffe1_0
          TableGroupJoins {
             join LazyTableGroup (fe1 : com.mjc813.food_web.food_file.dto.FoodFileEntity.foodEntity) {
              primaryTableReference : food_tbl as fe1_0
              TableGroupJoins {
                left  join LazyTableGroup (fce1 : com.mjc813.food_web.food_file.dto.FoodFileEntity.foodEntity.foodCategoryEntity) {
                  primaryTableReference : food_category_tbl as fce1_0
                }
              }
            }
          }
        }
      }
    }

DEBUG 25-09-03 19:50:33[restartedMain] [AbstractEntityPersister:3088] - Static SQL for entity: com.mjc813.food_web.food_file.dto.FoodFileEntity
DEBUG 25-09-03 19:50:33[restartedMain] [AbstractEntityPersister:3093] -  Version select: select id from food_file_tbl where id=?
DEBUG 25-09-03 19:50:33[restartedMain] [AbstractEntityPersister:393] -  Insert (0): insert into food_file_tbl (dir,ext,food_id,name,real_name,size) values (?,?,?,?,?,?)
DEBUG 25-09-03 19:50:33[restartedMain] [AbstractEntityPersister:393] -  Update (0): update food_file_tbl set dir=?,ext=?,food_id=?,name=?,real_name=?,size=? where id=?
DEBUG 25-09-03 19:50:33[restartedMain] [AbstractEntityPersister:393] -  Delete (0): delete from food_file_tbl where id=?
DEBUG 25-09-03 19:50:33[restartedMain] [create:32] - Created new SQL alias : fe1_0
DEBUG 25-09-03 19:50:33[restartedMain] [create:112] - Registration of TableGroup [StandardTableGroup(com.mjc813.food_web.food.dto.FoodEntity)] with identifierForTableGroup [com.mjc813.food_web.food.dto.FoodEntity] for NavigablePath [com.mjc813.food_web.food.dto.FoodEntity] 
DEBUG 25-09-03 19:50:33[restartedMain] [create:112] - Registration of TableGroup [org.hibernate.sql.ast.tree.from.LazyTableGroup@1116c38c] with identifierForTableGroup [com.mjc813.food_web.food.dto.FoodEntity.foodCategoryEntity] for NavigablePath [com.mjc813.food_web.food.dto.FoodEntity.foodCategoryEntity] 
DEBUG 25-09-03 19:50:33[restartedMain] [create:32] - Created new SQL alias : fce1_0
DEBUG 25-09-03 19:50:33[restartedMain] [AST:67] - DomainResult Graph:
 \-EntityResultImpl [com.mjc813.food_web.food.dto.FoodEntity]
 |  +-BasicFetch [com.mjc813.food_web.food.dto.FoodEntity.description]
 |  +-EntityFetchJoinedImpl [com.mjc813.food_web.food.dto.FoodEntity.foodCategoryEntity]
 |  |  \-BasicFetch [com.mjc813.food_web.food.dto.FoodEntity.foodCategoryEntity.name]
 |  +-BasicFetch [com.mjc813.food_web.food.dto.FoodEntity.name]
 |  +-BasicFetch [com.mjc813.food_web.food.dto.FoodEntity.saltyLevel]
 |  +-BasicFetch [com.mjc813.food_web.food.dto.FoodEntity.sourLevel]
 |  +-BasicFetch [com.mjc813.food_web.food.dto.FoodEntity.spicyLevel]
 |  \-BasicFetch [com.mjc813.food_web.food.dto.FoodEntity.sweetLevel]

DEBUG 25-09-03 19:50:33[restartedMain] [tree:46] - SQL AST Tree:
    SelectStatement {
      FromClause {
        StandardTableGroup (fe1 : com.mjc813.food_web.food.dto.FoodEntity) {
          primaryTableReference : food_tbl as fe1_0
          TableGroupJoins {
            left  join LazyTableGroup (fce1 : com.mjc813.food_web.food.dto.FoodEntity.foodCategoryEntity) {
              primaryTableReference : food_category_tbl as fce1_0
            }
          }
        }
      }
    }

DEBUG 25-09-03 19:50:33[restartedMain] [AbstractEntityPersister:3088] - Static SQL for entity: com.mjc813.food_web.food.dto.FoodEntity
DEBUG 25-09-03 19:50:33[restartedMain] [AbstractEntityPersister:3093] -  Version select: select id from food_tbl where id=?
DEBUG 25-09-03 19:50:33[restartedMain] [AbstractEntityPersister:393] -  Insert (0): insert into food_tbl (description,food_category_id,name,salty_level,sour_level,spicy_level,sweet_level) values (?,?,?,?,?,?,?)
DEBUG 25-09-03 19:50:33[restartedMain] [AbstractEntityPersister:393] -  Update (0): update food_tbl set description=?,food_category_id=?,name=?,salty_level=?,sour_level=?,spicy_level=?,sweet_level=? where id=?
DEBUG 25-09-03 19:50:33[restartedMain] [AbstractEntityPersister:393] -  Delete (0): delete from food_tbl where id=?
DEBUG 25-09-03 19:50:33[restartedMain] [create:32] - Created new SQL alias : ice1_0
DEBUG 25-09-03 19:50:33[restartedMain] [create:112] - Registration of TableGroup [StandardTableGroup(com.mjc813.food_web.ingredient_category.dto.IngredientCategoryEntity)] with identifierForTableGroup [com.mjc813.food_web.ingredient_category.dto.IngredientCategoryEntity] for NavigablePath [com.mjc813.food_web.ingredient_category.dto.IngredientCategoryEntity] 
DEBUG 25-09-03 19:50:33[restartedMain] [AST:67] - DomainResult Graph:
 \-EntityResultImpl [com.mjc813.food_web.ingredient_category.dto.IngredientCategoryEntity]
 |  \-BasicFetch [com.mjc813.food_web.ingredient_category.dto.IngredientCategoryEntity.name]

DEBUG 25-09-03 19:50:33[restartedMain] [tree:46] - SQL AST Tree:
    SelectStatement {
      FromClause {
        StandardTableGroup (ice1 : com.mjc813.food_web.ingredient_category.dto.IngredientCategoryEntity) {
          primaryTableReference : ingredient_category_tbl as ice1_0
        }
      }
    }

DEBUG 25-09-03 19:50:33[restartedMain] [AbstractEntityPersister:3088] - Static SQL for entity: com.mjc813.food_web.ingredient_category.dto.IngredientCategoryEntity
DEBUG 25-09-03 19:50:33[restartedMain] [AbstractEntityPersister:3093] -  Version select: select id from ingredient_category_tbl where id=?
DEBUG 25-09-03 19:50:33[restartedMain] [AbstractEntityPersister:393] -  Insert (0): insert into ingredient_category_tbl (name) values (?)
DEBUG 25-09-03 19:50:33[restartedMain] [AbstractEntityPersister:393] -  Update (0): update ingredient_category_tbl set name=? where id=?
DEBUG 25-09-03 19:50:33[restartedMain] [AbstractEntityPersister:393] -  Delete (0): delete from ingredient_category_tbl where id=?
DEBUG 25-09-03 19:50:33[restartedMain] [create:32] - Created new SQL alias : fie1_0
DEBUG 25-09-03 19:50:33[restartedMain] [create:112] - Registration of TableGroup [StandardTableGroup(com.mjc813.food_web.food_ingredient.dto.FoodIngredientEntity)] with identifierForTableGroup [com.mjc813.food_web.food_ingredient.dto.FoodIngredientEntity] for NavigablePath [com.mjc813.food_web.food_ingredient.dto.FoodIngredientEntity] 
DEBUG 25-09-03 19:50:33[restartedMain] [create:112] - Registration of TableGroup [org.hibernate.sql.ast.tree.from.LazyTableGroup@1dcdffc2] with identifierForTableGroup [com.mjc813.food_web.food_ingredient.dto.FoodIngredientEntity.foodEntity] for NavigablePath [com.mjc813.food_web.food_ingredient.dto.FoodIngredientEntity.foodEntity] 
DEBUG 25-09-03 19:50:33[restartedMain] [create:32] - Created new SQL alias : fe1_0
DEBUG 25-09-03 19:50:33[restartedMain] [create:112] - Registration of TableGroup [org.hibernate.sql.ast.tree.from.LazyTableGroup@6a992612] with identifierForTableGroup [com.mjc813.food_web.food_ingredient.dto.FoodIngredientEntity.foodEntity.foodCategoryEntity] for NavigablePath [com.mjc813.food_web.food_ingredient.dto.FoodIngredientEntity.foodEntity.foodCategoryEntity] 
DEBUG 25-09-03 19:50:33[restartedMain] [create:32] - Created new SQL alias : fce1_0
DEBUG 25-09-03 19:50:33[restartedMain] [create:112] - Registration of TableGroup [org.hibernate.sql.ast.tree.from.LazyTableGroup@1368f9ea] with identifierForTableGroup [com.mjc813.food_web.food_ingredient.dto.FoodIngredientEntity.ingredientEntity] for NavigablePath [com.mjc813.food_web.food_ingredient.dto.FoodIngredientEntity.ingredientEntity] 
DEBUG 25-09-03 19:50:33[restartedMain] [create:32] - Created new SQL alias : ie1_0
DEBUG 25-09-03 19:50:33[restartedMain] [create:112] - Registration of TableGroup [org.hibernate.sql.ast.tree.from.LazyTableGroup@3b553086] with identifierForTableGroup [com.mjc813.food_web.food_ingredient.dto.FoodIngredientEntity.ingredientEntity.ingredientCategoryEntity] for NavigablePath [com.mjc813.food_web.food_ingredient.dto.FoodIngredientEntity.ingredientEntity.ingredientCategoryEntity] 
DEBUG 25-09-03 19:50:33[restartedMain] [create:32] - Created new SQL alias : ice1_0
DEBUG 25-09-03 19:50:33[restartedMain] [AST:67] - DomainResult Graph:
 \-EntityResultImpl [com.mjc813.food_web.food_ingredient.dto.FoodIngredientEntity]
 |  +-BasicFetch [com.mjc813.food_web.food_ingredient.dto.FoodIngredientEntity.capacity]
 |  +-EntityFetchJoinedImpl [com.mjc813.food_web.food_ingredient.dto.FoodIngredientEntity.foodEntity]
 |  |  +-BasicFetch [com.mjc813.food_web.food_ingredient.dto.FoodIngredientEntity.foodEntity.description]
 |  |  +-EntityFetchJoinedImpl [com.mjc813.food_web.food_ingredient.dto.FoodIngredientEntity.foodEntity.foodCategoryEntity]
 |  |  |  \-BasicFetch [com.mjc813.food_web.food_ingredient.dto.FoodIngredientEntity.foodEntity.foodCategoryEntity.name]
 |  |  +-BasicFetch [com.mjc813.food_web.food_ingredient.dto.FoodIngredientEntity.foodEntity.name]
 |  |  +-BasicFetch [com.mjc813.food_web.food_ingredient.dto.FoodIngredientEntity.foodEntity.saltyLevel]
 |  |  +-BasicFetch [com.mjc813.food_web.food_ingredient.dto.FoodIngredientEntity.foodEntity.sourLevel]
 |  |  +-BasicFetch [com.mjc813.food_web.food_ingredient.dto.FoodIngredientEntity.foodEntity.spicyLevel]
 |  |  \-BasicFetch [com.mjc813.food_web.food_ingredient.dto.FoodIngredientEntity.foodEntity.sweetLevel]
 |  +-EntityFetchJoinedImpl [com.mjc813.food_web.food_ingredient.dto.FoodIngredientEntity.ingredientEntity]
 |  |  +-EntityFetchJoinedImpl [com.mjc813.food_web.food_ingredient.dto.FoodIngredientEntity.ingredientEntity.ingredientCategoryEntity]
 |  |  |  \-BasicFetch [com.mjc813.food_web.food_ingredient.dto.FoodIngredientEntity.ingredientEntity.ingredientCategoryEntity.name]
 |  |  \-BasicFetch [com.mjc813.food_web.food_ingredient.dto.FoodIngredientEntity.ingredientEntity.name]
 |  \-BasicFetch [com.mjc813.food_web.food_ingredient.dto.FoodIngredientEntity.unit]

DEBUG 25-09-03 19:50:33[restartedMain] [tree:46] - SQL AST Tree:
    SelectStatement {
      FromClause {
        StandardTableGroup (fie1 : com.mjc813.food_web.food_ingredient.dto.FoodIngredientEntity) {
          primaryTableReference : food_ingredient_tbl as fie1_0
          TableGroupJoins {
             join LazyTableGroup (fe1 : com.mjc813.food_web.food_ingredient.dto.FoodIngredientEntity.foodEntity) {
              primaryTableReference : food_tbl as fe1_0
              TableGroupJoins {
                left  join LazyTableGroup (fce1 : com.mjc813.food_web.food_ingredient.dto.FoodIngredientEntity.foodEntity.foodCategoryEntity) {
                  primaryTableReference : food_category_tbl as fce1_0
                }
              }
            }
             join LazyTableGroup (ie1 : com.mjc813.food_web.food_ingredient.dto.FoodIngredientEntity.ingredientEntity) {
              primaryTableReference : ingredient_tbl as ie1_0
              TableGroupJoins {
                 join LazyTableGroup (ice1 : com.mjc813.food_web.food_ingredient.dto.FoodIngredientEntity.ingredientEntity.ingredientCategoryEntity) {
                  primaryTableReference : ingredient_category_tbl as ice1_0
                }
              }
            }
          }
        }
      }
    }

DEBUG 25-09-03 19:50:33[restartedMain] [AbstractEntityPersister:3088] - Static SQL for entity: com.mjc813.food_web.food_ingredient.dto.FoodIngredientEntity
DEBUG 25-09-03 19:50:33[restartedMain] [AbstractEntityPersister:3093] -  Version select: select id from food_ingredient_tbl where id=?
DEBUG 25-09-03 19:50:33[restartedMain] [AbstractEntityPersister:393] -  Insert (0): insert into food_ingredient_tbl (capacity,food_id,ingredient_id,unit) values (?,?,?,?)
DEBUG 25-09-03 19:50:33[restartedMain] [AbstractEntityPersister:393] -  Update (0): update food_ingredient_tbl set capacity=?,food_id=?,ingredient_id=?,unit=? where id=?
DEBUG 25-09-03 19:50:33[restartedMain] [AbstractEntityPersister:393] -  Delete (0): delete from food_ingredient_tbl where id=?
DEBUG 25-09-03 19:50:33[restartedMain] [create:32] - Created new SQL alias : ie1_0
DEBUG 25-09-03 19:50:33[restartedMain] [create:112] - Registration of TableGroup [StandardTableGroup(com.mjc813.food_web.ingredient.dto.IngredientEntity)] with identifierForTableGroup [com.mjc813.food_web.ingredient.dto.IngredientEntity] for NavigablePath [com.mjc813.food_web.ingredient.dto.IngredientEntity] 
DEBUG 25-09-03 19:50:33[restartedMain] [create:112] - Registration of TableGroup [org.hibernate.sql.ast.tree.from.LazyTableGroup@779e05c0] with identifierForTableGroup [com.mjc813.food_web.ingredient.dto.IngredientEntity.ingredientCategoryEntity] for NavigablePath [com.mjc813.food_web.ingredient.dto.IngredientEntity.ingredientCategoryEntity] 
DEBUG 25-09-03 19:50:33[restartedMain] [create:32] - Created new SQL alias : ice1_0
DEBUG 25-09-03 19:50:33[restartedMain] [AST:67] - DomainResult Graph:
 \-EntityResultImpl [com.mjc813.food_web.ingredient.dto.IngredientEntity]
 |  +-EntityFetchJoinedImpl [com.mjc813.food_web.ingredient.dto.IngredientEntity.ingredientCategoryEntity]
 |  |  \-BasicFetch [com.mjc813.food_web.ingredient.dto.IngredientEntity.ingredientCategoryEntity.name]
 |  \-BasicFetch [com.mjc813.food_web.ingredient.dto.IngredientEntity.name]

DEBUG 25-09-03 19:50:33[restartedMain] [tree:46] - SQL AST Tree:
    SelectStatement {
      FromClause {
        StandardTableGroup (ie1 : com.mjc813.food_web.ingredient.dto.IngredientEntity) {
          primaryTableReference : ingredient_tbl as ie1_0
          TableGroupJoins {
             join LazyTableGroup (ice1 : com.mjc813.food_web.ingredient.dto.IngredientEntity.ingredientCategoryEntity) {
              primaryTableReference : ingredient_category_tbl as ice1_0
            }
          }
        }
      }
    }

DEBUG 25-09-03 19:50:33[restartedMain] [AbstractEntityPersister:3088] - Static SQL for entity: com.mjc813.food_web.ingredient.dto.IngredientEntity
DEBUG 25-09-03 19:50:33[restartedMain] [AbstractEntityPersister:3093] -  Version select: select id from ingredient_tbl where id=?
DEBUG 25-09-03 19:50:33[restartedMain] [AbstractEntityPersister:393] -  Insert (0): insert into ingredient_tbl (ingredient_category_id,name) values (?,?)
DEBUG 25-09-03 19:50:33[restartedMain] [AbstractEntityPersister:393] -  Update (0): update ingredient_tbl set ingredient_category_id=?,name=? where id=?
DEBUG 25-09-03 19:50:33[restartedMain] [AbstractEntityPersister:393] -  Delete (0): delete from ingredient_tbl where id=?
DEBUG 25-09-03 19:50:33[restartedMain] [create:32] - Created new SQL alias : fce1_0
DEBUG 25-09-03 19:50:33[restartedMain] [create:112] - Registration of TableGroup [StandardTableGroup(com.mjc813.food_web.food_category.dto.FoodCategoryEntity)] with identifierForTableGroup [com.mjc813.food_web.food_category.dto.FoodCategoryEntity] for NavigablePath [com.mjc813.food_web.food_category.dto.FoodCategoryEntity] 
DEBUG 25-09-03 19:50:33[restartedMain] [AST:67] - DomainResult Graph:
 \-EntityResultImpl [com.mjc813.food_web.food_category.dto.FoodCategoryEntity]
 |  \-BasicFetch [com.mjc813.food_web.food_category.dto.FoodCategoryEntity.name]

DEBUG 25-09-03 19:50:33[restartedMain] [tree:46] - SQL AST Tree:
    SelectStatement {
      FromClause {
        StandardTableGroup (fce1 : com.mjc813.food_web.food_category.dto.FoodCategoryEntity) {
          primaryTableReference : food_category_tbl as fce1_0
        }
      }
    }

DEBUG 25-09-03 19:50:33[restartedMain] [AbstractEntityPersister:3088] - Static SQL for entity: com.mjc813.food_web.food_category.dto.FoodCategoryEntity
DEBUG 25-09-03 19:50:33[restartedMain] [AbstractEntityPersister:3093] -  Version select: select id from food_category_tbl where id=?
DEBUG 25-09-03 19:50:33[restartedMain] [AbstractEntityPersister:393] -  Insert (0): insert into food_category_tbl (name) values (?)
DEBUG 25-09-03 19:50:33[restartedMain] [AbstractEntityPersister:393] -  Update (0): update food_category_tbl set name=? where id=?
DEBUG 25-09-03 19:50:33[restartedMain] [AbstractEntityPersister:393] -  Delete (0): delete from food_category_tbl where id=?
DEBUG 25-09-03 19:50:33[restartedMain] [create:32] - Created new SQL alias : me1_0
DEBUG 25-09-03 19:50:33[restartedMain] [create:112] - Registration of TableGroup [StandardTableGroup(com.mjc813.food_web.member.dto.MemberEntity)] with identifierForTableGroup [com.mjc813.food_web.member.dto.MemberEntity] for NavigablePath [com.mjc813.food_web.member.dto.MemberEntity] 
DEBUG 25-09-03 19:50:33[restartedMain] [AST:67] - DomainResult Graph:
 \-EntityResultImpl [com.mjc813.food_web.member.dto.MemberEntity]
 |  +-BasicFetch [com.mjc813.food_web.member.dto.MemberEntity.email]
 |  +-BasicFetch [com.mjc813.food_web.member.dto.MemberEntity.name]
 |  +-BasicFetch [com.mjc813.food_web.member.dto.MemberEntity.nickName]
 |  +-BasicFetch [com.mjc813.food_web.member.dto.MemberEntity.password]
 |  +-BasicFetch [com.mjc813.food_web.member.dto.MemberEntity.phoneNumber]
 |  +-BasicFetch [com.mjc813.food_web.member.dto.MemberEntity.role]
 |  \-BasicFetch [com.mjc813.food_web.member.dto.MemberEntity.username]

DEBUG 25-09-03 19:50:33[restartedMain] [tree:46] - SQL AST Tree:
    SelectStatement {
      FromClause {
        StandardTableGroup (me1 : com.mjc813.food_web.member.dto.MemberEntity) {
          primaryTableReference : member_tbl as me1_0
        }
      }
    }

DEBUG 25-09-03 19:50:33[restartedMain] [AbstractEntityPersister:3088] - Static SQL for entity: com.mjc813.food_web.member.dto.MemberEntity
DEBUG 25-09-03 19:50:33[restartedMain] [AbstractEntityPersister:3093] -  Version select: select id from member_tbl where id=?
DEBUG 25-09-03 19:50:33[restartedMain] [AbstractEntityPersister:393] -  Insert (0): insert into member_tbl (email,name,nick_name,password,phone_number,role,username) values (?,?,?,?,?,?,?)
DEBUG 25-09-03 19:50:33[restartedMain] [AbstractEntityPersister:393] -  Update (0): update member_tbl set email=?,name=?,nick_name=?,password=?,phone_number=?,role=?,username=? where id=?
DEBUG 25-09-03 19:50:33[restartedMain] [AbstractEntityPersister:393] -  Delete (0): delete from member_tbl where id=?
INFO  25-09-03 19:50:33[restartedMain] [JtaPlatformInitiator:59] - HHH000489: No JTA platform available (set 'hibernate.transaction.jta.platform' to enable JTA platform integration)
DEBUG 25-09-03 19:50:33[restartedMain] [TypeConfiguration$Scope:209] - Scoping TypeConfiguration [org.hibernate.type.spi.TypeConfiguration@3e478aad] to SessionFactoryImplementor [org.hibernate.internal.SessionFactoryImpl@17e69aa6]
DEBUG 25-09-03 19:50:33[restartedMain] [NamedObjectRepository:243] - Checking 0 named HQL queries
DEBUG 25-09-03 19:50:33[restartedMain] [NamedObjectRepository:267] - Checking 0 named SQL queries
INFO  25-09-03 19:50:33[restartedMain] [log4j2:197] -  com.zaxxer.hikari.pool.PoolBase.isConnectionDead(PoolBase.java:160)
1. Connection.isValid(5) returned true
INFO  25-09-03 19:50:33[restartedMain] [log4j2:197] -  com.zaxxer.hikari.pool.ProxyConnection.getAutoCommit(ProxyConnection.java:405)
1. Connection.getAutoCommit() returned true
INFO  25-09-03 19:50:33[restartedMain] [log4j2:197] -  com.zaxxer.hikari.pool.ProxyConnection.getMetaData(ProxyConnection.java:371)
1. Connection.getMetaData() returned com.mysql.cj.jdbc.DatabaseMetaDataInformationSchema@34c90ddf
DEBUG 25-09-03 19:50:33[restartedMain] [Table:107] - No alter strings for table : food_category_tbl
DEBUG 25-09-03 19:50:33[restartedMain] [Table:107] - No alter strings for table : food_file_tbl
DEBUG 25-09-03 19:50:33[restartedMain] [Table:107] - No alter strings for table : food_ingredient_tbl
DEBUG 25-09-03 19:50:33[restartedMain] [Table:107] - No alter strings for table : food_tbl
DEBUG 25-09-03 19:50:33[restartedMain] [Table:107] - No alter strings for table : ingredient_category_tbl
DEBUG 25-09-03 19:50:33[restartedMain] [Table:107] - No alter strings for table : ingredient_tbl
DEBUG 25-09-03 19:50:33[restartedMain] [Table:107] - No alter strings for table : member_tbl
INFO  25-09-03 19:50:33[restartedMain] [log4j2:197] -  com.zaxxer.hikari.pool.ProxyConnection.prepareStatement(ProxyConnection.java:328)
1. PreparedStatement.new PreparedStatement returned 
INFO  25-09-03 19:50:33[restartedMain] [log4j2:197] -  com.zaxxer.hikari.pool.ProxyConnection.prepareStatement(ProxyConnection.java:328)
1. Connection.prepareStatement(select * from `food_db`.`food_tbl` where 1=0) returned net.sf.log4jdbc.sql.jdbcapi.PreparedStatementSpy@5d4c6d85
INFO  25-09-03 19:50:33[restartedMain] [log4j2:243] -  com.zaxxer.hikari.pool.ProxyPreparedStatement.executeQuery(ProxyPreparedStatement.java:52)
1. select * from `food_db`.`food_tbl` where 1=0  {executed in 10 ms}
INFO  25-09-03 19:50:33[restartedMain] [log4j2:197] -  com.zaxxer.hikari.pool.ProxyPreparedStatement.executeQuery(ProxyPreparedStatement.java:52)
1. ResultSet.new ResultSet returned 
INFO  25-09-03 19:50:33[restartedMain] [log4j2:197] -  com.zaxxer.hikari.pool.ProxyPreparedStatement.executeQuery(ProxyPreparedStatement.java:52)
1. PreparedStatement.executeQuery() returned net.sf.log4jdbc.sql.jdbcapi.ResultSetSpy@1790819b
INFO  25-09-03 19:50:33[restartedMain] [log4j2:197] -  com.zaxxer.hikari.pool.HikariProxyResultSet.getMetaData(HikariProxyResultSet.java:-1)
1. ResultSet.getMetaData() returned com.mysql.cj.jdbc.result.ResultSetMetaData@6c84b09c - Field level information: 
	com.mysql.cj.result.Field@24e36e60[dbName=food_db,tableName=food_tbl,originalTableName=food_tbl,columnName=id,originalColumnName=id,mysqlType=8(FIELD_TYPE_BIGINT),sqlType=-5,flags= AUTO_INCREMENT PRIMARY_KEY, charsetIndex=63, charsetName=ISO-8859-1]
	com.mysql.cj.result.Field@720349d5[dbName=food_db,tableName=food_tbl,originalTableName=food_tbl,columnName=name,originalColumnName=name,mysqlType=253(FIELD_TYPE_VARCHAR),sqlType=12,flags= UNIQUE_KEY, charsetIndex=45, charsetName=UTF-8]
	com.mysql.cj.result.Field@41eb8211[dbName=food_db,tableName=food_tbl,originalTableName=food_tbl,columnName=salty_level,originalColumnName=salty_level,mysqlType=3(FIELD_TYPE_INT),sqlType=4,flags=, charsetIndex=63, charsetName=ISO-8859-1]
	com.mysql.cj.result.Field@8a2cae0[dbName=food_db,tableName=food_tbl,originalTableName=food_tbl,columnName=sour_level,originalColumnName=sour_level,mysqlType=3(FIELD_TYPE_INT),sqlType=4,flags=, charsetIndex=63, charsetName=ISO-8859-1]
	com.mysql.cj.result.Field@370d25fa[dbName=food_db,tableName=food_tbl,originalTableName=food_tbl,columnName=spicy_level,originalColumnName=spicy_level,mysqlType=3(FIELD_TYPE_INT),sqlType=4,flags=, charsetIndex=63, charsetName=ISO-8859-1]
	com.mysql.cj.result.Field@5fa89f2f[dbName=food_db,tableName=food_tbl,originalTableName=food_tbl,columnName=sweet_level,originalColumnName=sweet_level,mysqlType=3(FIELD_TYPE_INT),sqlType=4,flags=, charsetIndex=63, charsetName=ISO-8859-1]
	com.mysql.cj.result.Field@42ce65c1[dbName=food_db,tableName=food_tbl,originalTableName=food_tbl,columnName=food_category_id,originalColumnName=food_category_id,mysqlType=8(FIELD_TYPE_BIGINT),sqlType=-5,flags= MULTI_KEY, charsetIndex=63, charsetName=ISO-8859-1]
	com.mysql.cj.result.Field@5ca542b2[dbName=food_db,tableName=food_tbl,originalTableName=food_tbl,columnName=description,originalColumnName=description,mysqlType=252(FIELD_TYPE_TEXT),sqlType=-1,flags= BLOB, charsetIndex=45, charsetName=UTF-8]
INFO  25-09-03 19:50:33[restartedMain] [log4j2:390] - 
|---|-----|------------|-----------|------------|------------|-----------------|------------|
|id |name |salty_level |sour_level |spicy_level |sweet_level |food_category_id |description |
|---|-----|------------|-----------|------------|------------|-----------------|------------|
|---|-----|------------|-----------|------------|------------|-----------------|------------|

INFO  25-09-03 19:50:33[restartedMain] [log4j2:197] -  com.zaxxer.hikari.pool.HikariProxyResultSet.close(HikariProxyResultSet.java:-1)
1. ResultSet.close() returned void
INFO  25-09-03 19:50:33[restartedMain] [log4j2:197] -  com.zaxxer.hikari.pool.ProxyStatement.close(ProxyStatement.java:76)
1. PreparedStatement.close() returned 
INFO  25-09-03 19:50:33[restartedMain] [log4j2:197] -  com.zaxxer.hikari.pool.ProxyConnection.prepareStatement(ProxyConnection.java:328)
1. PreparedStatement.new PreparedStatement returned 
INFO  25-09-03 19:50:33[restartedMain] [log4j2:197] -  com.zaxxer.hikari.pool.ProxyConnection.prepareStatement(ProxyConnection.java:328)
1. Connection.prepareStatement(select * from `food_db`.`food_tbl` where 1=0) returned net.sf.log4jdbc.sql.jdbcapi.PreparedStatementSpy@54aed29d
INFO  25-09-03 19:50:33[restartedMain] [log4j2:243] -  com.zaxxer.hikari.pool.ProxyPreparedStatement.executeQuery(ProxyPreparedStatement.java:52)
1. select * from `food_db`.`food_tbl` where 1=0  {executed in 1 ms}
INFO  25-09-03 19:50:33[restartedMain] [log4j2:197] -  com.zaxxer.hikari.pool.ProxyPreparedStatement.executeQuery(ProxyPreparedStatement.java:52)
1. ResultSet.new ResultSet returned 
INFO  25-09-03 19:50:33[restartedMain] [log4j2:197] -  com.zaxxer.hikari.pool.ProxyPreparedStatement.executeQuery(ProxyPreparedStatement.java:52)
1. PreparedStatement.executeQuery() returned net.sf.log4jdbc.sql.jdbcapi.ResultSetSpy@69e19483
INFO  25-09-03 19:50:33[restartedMain] [log4j2:197] -  com.zaxxer.hikari.pool.HikariProxyResultSet.getMetaData(HikariProxyResultSet.java:-1)
1. ResultSet.getMetaData() returned com.mysql.cj.jdbc.result.ResultSetMetaData@483184e8 - Field level information: 
	com.mysql.cj.result.Field@2d1154e1[dbName=food_db,tableName=food_tbl,originalTableName=food_tbl,columnName=id,originalColumnName=id,mysqlType=8(FIELD_TYPE_BIGINT),sqlType=-5,flags= AUTO_INCREMENT PRIMARY_KEY, charsetIndex=63, charsetName=ISO-8859-1]
	com.mysql.cj.result.Field@14f30ef4[dbName=food_db,tableName=food_tbl,originalTableName=food_tbl,columnName=name,originalColumnName=name,mysqlType=253(FIELD_TYPE_VARCHAR),sqlType=12,flags= UNIQUE_KEY, charsetIndex=45, charsetName=UTF-8]
	com.mysql.cj.result.Field@fcb7081[dbName=food_db,tableName=food_tbl,originalTableName=food_tbl,columnName=salty_level,originalColumnName=salty_level,mysqlType=3(FIELD_TYPE_INT),sqlType=4,flags=, charsetIndex=63, charsetName=ISO-8859-1]
	com.mysql.cj.result.Field@4b99b354[dbName=food_db,tableName=food_tbl,originalTableName=food_tbl,columnName=sour_level,originalColumnName=sour_level,mysqlType=3(FIELD_TYPE_INT),sqlType=4,flags=, charsetIndex=63, charsetName=ISO-8859-1]
	com.mysql.cj.result.Field@6c08409a[dbName=food_db,tableName=food_tbl,originalTableName=food_tbl,columnName=spicy_level,originalColumnName=spicy_level,mysqlType=3(FIELD_TYPE_INT),sqlType=4,flags=, charsetIndex=63, charsetName=ISO-8859-1]
	com.mysql.cj.result.Field@60007741[dbName=food_db,tableName=food_tbl,originalTableName=food_tbl,columnName=sweet_level,originalColumnName=sweet_level,mysqlType=3(FIELD_TYPE_INT),sqlType=4,flags=, charsetIndex=63, charsetName=ISO-8859-1]
	com.mysql.cj.result.Field@349b4cb8[dbName=food_db,tableName=food_tbl,originalTableName=food_tbl,columnName=food_category_id,originalColumnName=food_category_id,mysqlType=8(FIELD_TYPE_BIGINT),sqlType=-5,flags= MULTI_KEY, charsetIndex=63, charsetName=ISO-8859-1]
	com.mysql.cj.result.Field@329e4a6c[dbName=food_db,tableName=food_tbl,originalTableName=food_tbl,columnName=description,originalColumnName=description,mysqlType=252(FIELD_TYPE_TEXT),sqlType=-1,flags= BLOB, charsetIndex=45, charsetName=UTF-8]
INFO  25-09-03 19:50:33[restartedMain] [log4j2:390] - 
|---|-----|------------|-----------|------------|------------|-----------------|------------|
|id |name |salty_level |sour_level |spicy_level |sweet_level |food_category_id |description |
|---|-----|------------|-----------|------------|------------|-----------------|------------|
|---|-----|------------|-----------|------------|------------|-----------------|------------|

INFO  25-09-03 19:50:33[restartedMain] [log4j2:197] -  com.zaxxer.hikari.pool.HikariProxyResultSet.close(HikariProxyResultSet.java:-1)
1. ResultSet.close() returned void
INFO  25-09-03 19:50:33[restartedMain] [log4j2:197] -  com.zaxxer.hikari.pool.ProxyStatement.close(ProxyStatement.java:76)
1. PreparedStatement.close() returned 
INFO  25-09-03 19:50:33[restartedMain] [log4j2:197] -  com.zaxxer.hikari.pool.ProxyConnection.prepareStatement(ProxyConnection.java:328)
1. PreparedStatement.new PreparedStatement returned 
INFO  25-09-03 19:50:33[restartedMain] [log4j2:197] -  com.zaxxer.hikari.pool.ProxyConnection.prepareStatement(ProxyConnection.java:328)
1. Connection.prepareStatement(select * from `food_db`.`ingredient_tbl` where 1=0) returned net.sf.log4jdbc.sql.jdbcapi.PreparedStatementSpy@130c0d04
INFO  25-09-03 19:50:34[restartedMain] [log4j2:243] -  com.zaxxer.hikari.pool.ProxyPreparedStatement.executeQuery(ProxyPreparedStatement.java:52)
1. select * from `food_db`.`ingredient_tbl` where 1=0  {executed in 4 ms}
INFO  25-09-03 19:50:34[restartedMain] [log4j2:197] -  com.zaxxer.hikari.pool.ProxyPreparedStatement.executeQuery(ProxyPreparedStatement.java:52)
1. ResultSet.new ResultSet returned 
INFO  25-09-03 19:50:34[restartedMain] [log4j2:197] -  com.zaxxer.hikari.pool.ProxyPreparedStatement.executeQuery(ProxyPreparedStatement.java:52)
1. PreparedStatement.executeQuery() returned net.sf.log4jdbc.sql.jdbcapi.ResultSetSpy@29f634ba
INFO  25-09-03 19:50:34[restartedMain] [log4j2:197] -  com.zaxxer.hikari.pool.HikariProxyResultSet.getMetaData(HikariProxyResultSet.java:-1)
1. ResultSet.getMetaData() returned com.mysql.cj.jdbc.result.ResultSetMetaData@62657a15 - Field level information: 
	com.mysql.cj.result.Field@7a2ed107[dbName=food_db,tableName=ingredient_tbl,originalTableName=ingredient_tbl,columnName=id,originalColumnName=id,mysqlType=8(FIELD_TYPE_BIGINT),sqlType=-5,flags= AUTO_INCREMENT PRIMARY_KEY, charsetIndex=63, charsetName=ISO-8859-1]
	com.mysql.cj.result.Field@231d4ece[dbName=food_db,tableName=ingredient_tbl,originalTableName=ingredient_tbl,columnName=name,originalColumnName=name,mysqlType=253(FIELD_TYPE_VARCHAR),sqlType=12,flags= UNIQUE_KEY, charsetIndex=45, charsetName=UTF-8]
	com.mysql.cj.result.Field@3e836ce[dbName=food_db,tableName=ingredient_tbl,originalTableName=ingredient_tbl,columnName=ingredient_category_id,originalColumnName=ingredient_category_id,mysqlType=8(FIELD_TYPE_BIGINT),sqlType=-5,flags= MULTI_KEY, charsetIndex=63, charsetName=ISO-8859-1]
INFO  25-09-03 19:50:34[restartedMain] [log4j2:390] - 
|---|-----|-----------------------|
|id |name |ingredient_category_id |
|---|-----|-----------------------|
|---|-----|-----------------------|

INFO  25-09-03 19:50:34[restartedMain] [log4j2:197] -  com.zaxxer.hikari.pool.HikariProxyResultSet.close(HikariProxyResultSet.java:-1)
1. ResultSet.close() returned void
INFO  25-09-03 19:50:34[restartedMain] [log4j2:197] -  com.zaxxer.hikari.pool.ProxyStatement.close(ProxyStatement.java:76)
1. PreparedStatement.close() returned 
INFO  25-09-03 19:50:34[restartedMain] [log4j2:197] -  com.zaxxer.hikari.pool.ProxyConnection.prepareStatement(ProxyConnection.java:328)
1. PreparedStatement.new PreparedStatement returned 
INFO  25-09-03 19:50:34[restartedMain] [log4j2:197] -  com.zaxxer.hikari.pool.ProxyConnection.prepareStatement(ProxyConnection.java:328)
1. Connection.prepareStatement(select * from `food_db`.`food_category_tbl` where 1=0) returned net.sf.log4jdbc.sql.jdbcapi.PreparedStatementSpy@735f3f4f
INFO  25-09-03 19:50:34[restartedMain] [log4j2:243] -  com.zaxxer.hikari.pool.ProxyPreparedStatement.executeQuery(ProxyPreparedStatement.java:52)
1. select * from `food_db`.`food_category_tbl` where 1=0  {executed in 3 ms}
INFO  25-09-03 19:50:34[restartedMain] [log4j2:197] -  com.zaxxer.hikari.pool.ProxyPreparedStatement.executeQuery(ProxyPreparedStatement.java:52)
1. ResultSet.new ResultSet returned 
INFO  25-09-03 19:50:34[restartedMain] [log4j2:197] -  com.zaxxer.hikari.pool.ProxyPreparedStatement.executeQuery(ProxyPreparedStatement.java:52)
1. PreparedStatement.executeQuery() returned net.sf.log4jdbc.sql.jdbcapi.ResultSetSpy@71ea21db
INFO  25-09-03 19:50:34[restartedMain] [log4j2:197] -  com.zaxxer.hikari.pool.HikariProxyResultSet.getMetaData(HikariProxyResultSet.java:-1)
1. ResultSet.getMetaData() returned com.mysql.cj.jdbc.result.ResultSetMetaData@5bfd7a03 - Field level information: 
	com.mysql.cj.result.Field@7b397c5e[dbName=food_db,tableName=food_category_tbl,originalTableName=food_category_tbl,columnName=id,originalColumnName=id,mysqlType=8(FIELD_TYPE_BIGINT),sqlType=-5,flags= AUTO_INCREMENT PRIMARY_KEY, charsetIndex=63, charsetName=ISO-8859-1]
	com.mysql.cj.result.Field@21fbc26f[dbName=food_db,tableName=food_category_tbl,originalTableName=food_category_tbl,columnName=name,originalColumnName=name,mysqlType=253(FIELD_TYPE_VARCHAR),sqlType=12,flags= UNIQUE_KEY, charsetIndex=45, charsetName=UTF-8]
INFO  25-09-03 19:50:34[restartedMain] [log4j2:390] - 
|---|-----|
|id |name |
|---|-----|
|---|-----|

INFO  25-09-03 19:50:34[restartedMain] [log4j2:197] -  com.zaxxer.hikari.pool.HikariProxyResultSet.close(HikariProxyResultSet.java:-1)
1. ResultSet.close() returned void
INFO  25-09-03 19:50:34[restartedMain] [log4j2:197] -  com.zaxxer.hikari.pool.ProxyStatement.close(ProxyStatement.java:76)
1. PreparedStatement.close() returned 
INFO  25-09-03 19:50:34[restartedMain] [log4j2:197] -  com.zaxxer.hikari.pool.ProxyConnection.prepareStatement(ProxyConnection.java:328)
1. PreparedStatement.new PreparedStatement returned 
INFO  25-09-03 19:50:34[restartedMain] [log4j2:197] -  com.zaxxer.hikari.pool.ProxyConnection.prepareStatement(ProxyConnection.java:328)
1. Connection.prepareStatement(select * from `food_db`.`ingredient_category_tbl` where 1=0) returned net.sf.log4jdbc.sql.jdbcapi.PreparedStatementSpy@250b4821
INFO  25-09-03 19:50:34[restartedMain] [log4j2:243] -  com.zaxxer.hikari.pool.ProxyPreparedStatement.executeQuery(ProxyPreparedStatement.java:52)
1. select * from `food_db`.`ingredient_category_tbl` where 1=0  {executed in 3 ms}
INFO  25-09-03 19:50:34[restartedMain] [log4j2:197] -  com.zaxxer.hikari.pool.ProxyPreparedStatement.executeQuery(ProxyPreparedStatement.java:52)
1. ResultSet.new ResultSet returned 
INFO  25-09-03 19:50:34[restartedMain] [log4j2:197] -  com.zaxxer.hikari.pool.ProxyPreparedStatement.executeQuery(ProxyPreparedStatement.java:52)
1. PreparedStatement.executeQuery() returned net.sf.log4jdbc.sql.jdbcapi.ResultSetSpy@1baa14aa
INFO  25-09-03 19:50:34[restartedMain] [log4j2:197] -  com.zaxxer.hikari.pool.HikariProxyResultSet.getMetaData(HikariProxyResultSet.java:-1)
1. ResultSet.getMetaData() returned com.mysql.cj.jdbc.result.ResultSetMetaData@3ddaedc8 - Field level information: 
	com.mysql.cj.result.Field@761eb19d[dbName=food_db,tableName=ingredient_category_tbl,originalTableName=ingredient_category_tbl,columnName=id,originalColumnName=id,mysqlType=8(FIELD_TYPE_BIGINT),sqlType=-5,flags= AUTO_INCREMENT PRIMARY_KEY, charsetIndex=63, charsetName=ISO-8859-1]
	com.mysql.cj.result.Field@5f0046ac[dbName=food_db,tableName=ingredient_category_tbl,originalTableName=ingredient_category_tbl,columnName=name,originalColumnName=name,mysqlType=253(FIELD_TYPE_VARCHAR),sqlType=12,flags= UNIQUE_KEY, charsetIndex=45, charsetName=UTF-8]
INFO  25-09-03 19:50:34[restartedMain] [log4j2:390] - 
|---|-----|
|id |name |
|---|-----|
|---|-----|

INFO  25-09-03 19:50:34[restartedMain] [log4j2:197] -  com.zaxxer.hikari.pool.HikariProxyResultSet.close(HikariProxyResultSet.java:-1)
1. ResultSet.close() returned void
INFO  25-09-03 19:50:34[restartedMain] [log4j2:197] -  com.zaxxer.hikari.pool.ProxyStatement.close(ProxyStatement.java:76)
1. PreparedStatement.close() returned 
INFO  25-09-03 19:50:34[restartedMain] [log4j2:197] -  com.zaxxer.hikari.pool.ProxyConnection.close(ProxyConnection.java:258)
1. Connection.clearWarnings() returned 
DEBUG 25-09-03 19:50:34[restartedMain] [SessionFactoryRegistry:52] - Initializing SessionFactoryRegistry : org.hibernate.internal.SessionFactoryRegistry@1183f3a5
DEBUG 25-09-03 19:50:34[restartedMain] [SessionFactoryRegistry:74] - Registering SessionFactory: f00b2b6c-4be3-4d1c-a2b3-e844ba121de0 (<unnamed>)
DEBUG 25-09-03 19:50:34[restartedMain] [SessionFactoryRegistry:81] - Not binding SessionFactory to JNDI, no JNDI name configured
DEBUG 25-09-03 19:50:34[restartedMain] [SessionFactoryImpl:343] - Instantiated SessionFactory
INFO  25-09-03 19:50:34[restartedMain] [LocalContainerEntityManagerFactoryBean:447] - Initialized JPA EntityManagerFactory for persistence unit 'default'
DEBUG 25-09-03 19:50:34[restartedMain] [DefaultListableBeanFactory:308] - Creating shared instance of singleton bean 'jpaMappingContext'
DEBUG 25-09-03 19:50:34[restartedMain] [JpaMetamodelMappingContextFactoryBean:65] - Initializing JpaMetamodelMappingContext…
DEBUG 25-09-03 19:50:34[restartedMain] [JpaMetamodelMappingContextFactoryBean:72] - Finished initializing JpaMetamodelMappingContext
DEBUG 25-09-03 19:50:34[restartedMain] [CachedIntrospectionResults:164] - Not strongly caching class [com.mjc813.food_web.member.dto.MemberEntity] because it is not cache-safe
DEBUG 25-09-03 19:50:34[restartedMain] [RepositoryFactorySupport:332] - Initializing repository instance for com.mjc813.food_web.member.service.MemberRepository…
DEBUG 25-09-03 19:50:34[restartedMain] [NamedQuery:144] - Looking up named query 'MemberEntity.findByUsernameEqualsAndNickNameEquals'
DEBUG 25-09-03 19:50:34[restartedMain] [StatisticsInitiator:86] - Statistics initialized [enabled=false]
DEBUG 25-09-03 19:50:34[restartedMain] [JdbcResourceLocalTransactionCoordinatorImpl:309] - JDBC transaction marked for rollback-only (exception provided for stack trace)
java.lang.Exception: exception just for purpose of providing stack trace
	at org.hibernate.resource.transaction.backend.jdbc.internal.JdbcResourceLocalTransactionCoordinatorImpl$TransactionDriverControlImpl.markRollbackOnly(JdbcResourceLocalTransactionCoordinatorImpl.java:309)
	at org.hibernate.internal.AbstractSharedSessionContract.buildNamedQuery(AbstractSharedSessionContract.java:1141)
	at org.hibernate.internal.AbstractSharedSessionContract.createNamedQuery(AbstractSharedSessionContract.java:1019)
	at org.hibernate.internal.AbstractSharedSessionContract.createNamedQuery(AbstractSharedSessionContract.java:143)
	at java.base/jdk.internal.reflect.DirectMethodHandleAccessor.invoke(DirectMethodHandleAccessor.java:104)
	at java.base/java.lang.reflect.Method.invoke(Method.java:565)
	at org.springframework.orm.jpa.ExtendedEntityManagerCreator$ExtendedEntityManagerInvocationHandler.invoke(ExtendedEntityManagerCreator.java:364)
	at jdk.proxy3/jdk.proxy3.$Proxy133.createNamedQuery(Unknown Source)
	at org.springframework.data.jpa.repository.query.NamedQuery.hasNamedQuery(NamedQuery.java:120)
	at org.springframework.data.jpa.repository.query.NamedQuery.lookupFrom(NamedQuery.java:147)
	at org.springframework.data.jpa.repository.query.JpaQueryLookupStrategy$DeclaredQueryLookupStrategy.resolveQuery(JpaQueryLookupStrategy.java:184)
	at org.springframework.data.jpa.repository.query.JpaQueryLookupStrategy$CreateIfNotFoundQueryLookupStrategy.resolveQuery(JpaQueryLookupStrategy.java:254)
	at org.springframework.data.jpa.repository.query.JpaQueryLookupStrategy$AbstractQueryLookupStrategy.resolveQuery(JpaQueryLookupStrategy.java:99)
	at org.springframework.data.repository.core.support.QueryExecutorMethodInterceptor.lookupQuery(QueryExecutorMethodInterceptor.java:116)
	at org.springframework.data.repository.core.support.QueryExecutorMethodInterceptor.mapMethodsToQuery(QueryExecutorMethodInterceptor.java:104)
	at org.springframework.data.repository.core.support.QueryExecutorMethodInterceptor.lambda$new$0(QueryExecutorMethodInterceptor.java:92)
	at java.base/java.util.Optional.map(Optional.java:260)
	at org.springframework.data.repository.core.support.QueryExecutorMethodInterceptor.<init>(QueryExecutorMethodInterceptor.java:92)
	at org.springframework.data.repository.core.support.RepositoryFactorySupport.getRepository(RepositoryFactorySupport.java:434)
	at org.springframework.data.repository.core.support.RepositoryFactoryBeanSupport.lambda$afterPropertiesSet$4(RepositoryFactoryBeanSupport.java:350)
	at org.springframework.data.util.Lazy.getNullable(Lazy.java:135)
	at org.springframework.data.util.Lazy.get(Lazy.java:113)
	at org.springframework.data.repository.core.support.RepositoryFactoryBeanSupport.afterPropertiesSet(RepositoryFactoryBeanSupport.java:356)
	at org.springframework.data.jpa.repository.support.JpaRepositoryFactoryBean.afterPropertiesSet(JpaRepositoryFactoryBean.java:132)
	at org.springframework.beans.factory.support.AbstractAutowireCapableBeanFactory.invokeInitMethods(AbstractAutowireCapableBeanFactory.java:1873)
	at org.springframework.beans.factory.support.AbstractAutowireCapableBeanFactory.initializeBean(AbstractAutowireCapableBeanFactory.java:1822)
	at org.springframework.beans.factory.support.AbstractAutowireCapableBeanFactory.doCreateBean(AbstractAutowireCapableBeanFactory.java:607)
	at org.springframework.beans.factory.support.AbstractAutowireCapableBeanFactory.createBean(AbstractAutowireCapableBeanFactory.java:529)
	at org.springframework.beans.factory.support.AbstractBeanFactory.lambda$doGetBean$0(AbstractBeanFactory.java:339)
	at org.springframework.beans.factory.support.DefaultSingletonBeanRegistry.getSingleton(DefaultSingletonBeanRegistry.java:373)
	at org.springframework.beans.factory.support.AbstractBeanFactory.doGetBean(AbstractBeanFactory.java:337)
	at org.springframework.beans.factory.support.AbstractBeanFactory.getBean(AbstractBeanFactory.java:202)
	at org.springframework.beans.factory.support.DefaultListableBeanFactory.doResolveDependency(DefaultListableBeanFactory.java:1683)
	at org.springframework.beans.factory.support.DefaultListableBeanFactory.resolveDependency(DefaultListableBeanFactory.java:1628)
	at org.springframework.beans.factory.annotation.AutowiredAnnotationBeanPostProcessor$AutowiredFieldElement.resolveFieldValue(AutowiredAnnotationBeanPostProcessor.java:785)
	at org.springframework.beans.factory.annotation.AutowiredAnnotationBeanPostProcessor$AutowiredFieldElement.inject(AutowiredAnnotationBeanPostProcessor.java:768)
	at org.springframework.beans.factory.annotation.InjectionMetadata.inject(InjectionMetadata.java:146)
	at org.springframework.beans.factory.annotation.AutowiredAnnotationBeanPostProcessor.postProcessProperties(AutowiredAnnotationBeanPostProcessor.java:509)
	at org.springframework.beans.factory.support.AbstractAutowireCapableBeanFactory.populateBean(AbstractAutowireCapableBeanFactory.java:1459)
	at org.springframework.beans.factory.support.AbstractAutowireCapableBeanFactory.doCreateBean(AbstractAutowireCapableBeanFactory.java:606)
	at org.springframework.beans.factory.support.AbstractAutowireCapableBeanFactory.createBean(AbstractAutowireCapableBeanFactory.java:529)
	at org.springframework.beans.factory.support.AbstractBeanFactory.lambda$doGetBean$0(AbstractBeanFactory.java:339)
	at org.springframework.beans.factory.support.DefaultSingletonBeanRegistry.getSingleton(DefaultSingletonBeanRegistry.java:373)
	at org.springframework.beans.factory.support.AbstractBeanFactory.doGetBean(AbstractBeanFactory.java:337)
	at org.springframework.beans.factory.support.AbstractBeanFactory.getBean(AbstractBeanFactory.java:202)
	at org.springframework.beans.factory.config.DependencyDescriptor.resolveCandidate(DependencyDescriptor.java:254)
	at org.springframework.beans.factory.support.DefaultListableBeanFactory.doResolveDependency(DefaultListableBeanFactory.java:1745)
	at org.springframework.beans.factory.support.DefaultListableBeanFactory.resolveDependency(DefaultListableBeanFactory.java:1628)
	at org.springframework.beans.factory.annotation.AutowiredAnnotationBeanPostProcessor$AutowiredFieldElement.resolveFieldValue(AutowiredAnnotationBeanPostProcessor.java:785)
	at org.springframework.beans.factory.annotation.AutowiredAnnotationBeanPostProcessor$AutowiredFieldElement.inject(AutowiredAnnotationBeanPostProcessor.java:768)
	at org.springframework.beans.factory.annotation.InjectionMetadata.inject(InjectionMetadata.java:146)
	at org.springframework.beans.factory.annotation.AutowiredAnnotationBeanPostProcessor.postProcessProperties(AutowiredAnnotationBeanPostProcessor.java:509)
	at org.springframework.beans.factory.support.AbstractAutowireCapableBeanFactory.populateBean(AbstractAutowireCapableBeanFactory.java:1459)
	at org.springframework.beans.factory.support.AbstractAutowireCapableBeanFactory.doCreateBean(AbstractAutowireCapableBeanFactory.java:606)
	at org.springframework.beans.factory.support.AbstractAutowireCapableBeanFactory.createBean(AbstractAutowireCapableBeanFactory.java:529)
	at org.springframework.beans.factory.support.AbstractBeanFactory.lambda$doGetBean$0(AbstractBeanFactory.java:339)
	at org.springframework.beans.factory.support.DefaultSingletonBeanRegistry.getSingleton(DefaultSingletonBeanRegistry.java:373)
	at org.springframework.beans.factory.support.AbstractBeanFactory.doGetBean(AbstractBeanFactory.java:337)
	at org.springframework.beans.factory.support.AbstractBeanFactory.getBean(AbstractBeanFactory.java:202)
	at org.springframework.beans.factory.support.ConstructorResolver.instantiateUsingFactoryMethod(ConstructorResolver.java:413)
	at org.springframework.beans.factory.support.AbstractAutowireCapableBeanFactory.instantiateUsingFactoryMethod(AbstractAutowireCapableBeanFactory.java:1375)
	at org.springframework.beans.factory.support.AbstractAutowireCapableBeanFactory.createBeanInstance(AbstractAutowireCapableBeanFactory.java:1205)
	at org.springframework.beans.factory.support.AbstractAutowireCapableBeanFactory.doCreateBean(AbstractAutowireCapableBeanFactory.java:569)
	at org.springframework.beans.factory.support.AbstractAutowireCapableBeanFactory.createBean(AbstractAutowireCapableBeanFactory.java:529)
	at org.springframework.beans.factory.support.AbstractBeanFactory.lambda$doGetBean$0(AbstractBeanFactory.java:339)
	at org.springframework.beans.factory.support.DefaultSingletonBeanRegistry.getSingleton(DefaultSingletonBeanRegistry.java:373)
	at org.springframework.beans.factory.support.AbstractBeanFactory.doGetBean(AbstractBeanFactory.java:337)
	at org.springframework.beans.factory.support.AbstractBeanFactory.getBean(AbstractBeanFactory.java:207)
	at org.springframework.boot.web.servlet.ServletContextInitializerBeans.getOrderedBeansOfType(ServletContextInitializerBeans.java:230)
	at org.springframework.boot.web.servlet.ServletContextInitializerBeans.addAsRegistrationBean(ServletContextInitializerBeans.java:184)
	at org.springframework.boot.web.servlet.ServletContextInitializerBeans.addAsRegistrationBean(ServletContextInitializerBeans.java:179)
	at org.springframework.boot.web.servlet.ServletContextInitializerBeans.addAdaptableBeans(ServletContextInitializerBeans.java:164)
	at org.springframework.boot.web.servlet.ServletContextInitializerBeans.<init>(ServletContextInitializerBeans.java:96)
	at org.springframework.boot.web.servlet.context.ServletWebServerApplicationContext.getServletContextInitializerBeans(ServletWebServerApplicationContext.java:271)
	at org.springframework.boot.web.servlet.context.ServletWebServerApplicationContext.selfInitialize(ServletWebServerApplicationContext.java:245)
	at org.springframework.boot.web.embedded.tomcat.TomcatStarter.onStartup(TomcatStarter.java:52)
	at org.apache.catalina.core.StandardContext.startInternal(StandardContext.java:4464)
	at org.apache.catalina.util.LifecycleBase.start(LifecycleBase.java:164)
	at org.apache.catalina.core.ContainerBase$StartChild.call(ContainerBase.java:1203)
	at org.apache.catalina.core.ContainerBase$StartChild.call(ContainerBase.java:1193)
	at java.base/java.util.concurrent.FutureTask.run$$$capture(FutureTask.java:328)
	at java.base/java.util.concurrent.FutureTask.run(FutureTask.java)
	at org.apache.tomcat.util.threads.InlineExecutorService.execute(InlineExecutorService.java:75)
	at java.base/java.util.concurrent.AbstractExecutorService.submit(AbstractExecutorService.java:148)
	at org.apache.catalina.core.ContainerBase.startInternal(ContainerBase.java:749)
	at org.apache.catalina.core.StandardHost.startInternal(StandardHost.java:772)
	at org.apache.catalina.util.LifecycleBase.start(LifecycleBase.java:164)
	at org.apache.catalina.core.ContainerBase$StartChild.call(ContainerBase.java:1203)
	at org.apache.catalina.core.ContainerBase$StartChild.call(ContainerBase.java:1193)
	at java.base/java.util.concurrent.FutureTask.run$$$capture(FutureTask.java:328)
	at java.base/java.util.concurrent.FutureTask.run(FutureTask.java)
	at org.apache.tomcat.util.threads.InlineExecutorService.execute(InlineExecutorService.java:75)
	at java.base/java.util.concurrent.AbstractExecutorService.submit(AbstractExecutorService.java:148)
	at org.apache.catalina.core.ContainerBase.startInternal(ContainerBase.java:749)
	at org.apache.catalina.core.StandardEngine.startInternal(StandardEngine.java:203)
	at org.apache.catalina.util.LifecycleBase.start(LifecycleBase.java:164)
	at org.apache.catalina.core.StandardService.startInternal(StandardService.java:412)
	at org.apache.catalina.util.LifecycleBase.start(LifecycleBase.java:164)
	at org.apache.catalina.core.StandardServer.startInternal(StandardServer.java:870)
	at org.apache.catalina.util.LifecycleBase.start(LifecycleBase.java:164)
	at org.apache.catalina.startup.Tomcat.start(Tomcat.java:438)
	at org.springframework.boot.web.embedded.tomcat.TomcatWebServer.initialize(TomcatWebServer.java:128)
	at org.springframework.boot.web.embedded.tomcat.TomcatWebServer.<init>(TomcatWebServer.java:107)
	at org.springframework.boot.web.embedded.tomcat.TomcatServletWebServerFactory.getTomcatWebServer(TomcatServletWebServerFactory.java:517)
	at org.springframework.boot.web.embedded.tomcat.TomcatServletWebServerFactory.getWebServer(TomcatServletWebServerFactory.java:219)
	at org.springframework.boot.web.servlet.context.ServletWebServerApplicationContext.createWebServer(ServletWebServerApplicationContext.java:193)
	at org.springframework.boot.web.servlet.context.ServletWebServerApplicationContext.onRefresh(ServletWebServerApplicationContext.java:167)
	at org.springframework.context.support.AbstractApplicationContext.refresh(AbstractApplicationContext.java:621)
	at org.springframework.boot.web.servlet.context.ServletWebServerApplicationContext.refresh(ServletWebServerApplicationContext.java:146)
	at org.springframework.boot.SpringApplication.refresh(SpringApplication.java:752)
	at org.springframework.boot.SpringApplication.refreshContext(SpringApplication.java:439)
	at org.springframework.boot.SpringApplication.run(SpringApplication.java:318)
	at org.springframework.boot.SpringApplication.run(SpringApplication.java:1361)
	at org.springframework.boot.SpringApplication.run(SpringApplication.java:1350)
	at com.mjc813.food_web.FoodWebApplication.main(FoodWebApplication.java:10)
	at java.base/jdk.internal.reflect.DirectMethodHandleAccessor.invoke(DirectMethodHandleAccessor.java:104)
	at java.base/java.lang.reflect.Method.invoke(Method.java:565)
	at org.springframework.boot.devtools.restart.RestartLauncher.run(RestartLauncher.java:50)
DEBUG 25-09-03 19:50:34[restartedMain] [NamedQuery:125] - Did not find named query MemberEntity.findByUsernameEqualsAndNickNameEquals
DEBUG 25-09-03 19:50:34[restartedMain] [NamedQuery:144] - Looking up named query 'MemberEntity.findByUsernameEquals'
DEBUG 25-09-03 19:50:34[restartedMain] [JdbcResourceLocalTransactionCoordinatorImpl:309] - JDBC transaction marked for rollback-only (exception provided for stack trace)
java.lang.Exception: exception just for purpose of providing stack trace
	at org.hibernate.resource.transaction.backend.jdbc.internal.JdbcResourceLocalTransactionCoordinatorImpl$TransactionDriverControlImpl.markRollbackOnly(JdbcResourceLocalTransactionCoordinatorImpl.java:309)
	at org.hibernate.internal.AbstractSharedSessionContract.buildNamedQuery(AbstractSharedSessionContract.java:1141)
	at org.hibernate.internal.AbstractSharedSessionContract.createNamedQuery(AbstractSharedSessionContract.java:1019)
	at org.hibernate.internal.AbstractSharedSessionContract.createNamedQuery(AbstractSharedSessionContract.java:143)
	at java.base/jdk.internal.reflect.DirectMethodHandleAccessor.invoke(DirectMethodHandleAccessor.java:104)
	at java.base/java.lang.reflect.Method.invoke(Method.java:565)
	at org.springframework.orm.jpa.ExtendedEntityManagerCreator$ExtendedEntityManagerInvocationHandler.invoke(ExtendedEntityManagerCreator.java:364)
	at jdk.proxy3/jdk.proxy3.$Proxy133.createNamedQuery(Unknown Source)
	at org.springframework.data.jpa.repository.query.NamedQuery.hasNamedQuery(NamedQuery.java:120)
	at org.springframework.data.jpa.repository.query.NamedQuery.lookupFrom(NamedQuery.java:147)
	at org.springframework.data.jpa.repository.query.JpaQueryLookupStrategy$DeclaredQueryLookupStrategy.resolveQuery(JpaQueryLookupStrategy.java:184)
	at org.springframework.data.jpa.repository.query.JpaQueryLookupStrategy$CreateIfNotFoundQueryLookupStrategy.resolveQuery(JpaQueryLookupStrategy.java:254)
	at org.springframework.data.jpa.repository.query.JpaQueryLookupStrategy$AbstractQueryLookupStrategy.resolveQuery(JpaQueryLookupStrategy.java:99)
	at org.springframework.data.repository.core.support.QueryExecutorMethodInterceptor.lookupQuery(QueryExecutorMethodInterceptor.java:116)
	at org.springframework.data.repository.core.support.QueryExecutorMethodInterceptor.mapMethodsToQuery(QueryExecutorMethodInterceptor.java:104)
	at org.springframework.data.repository.core.support.QueryExecutorMethodInterceptor.lambda$new$0(QueryExecutorMethodInterceptor.java:92)
	at java.base/java.util.Optional.map(Optional.java:260)
	at org.springframework.data.repository.core.support.QueryExecutorMethodInterceptor.<init>(QueryExecutorMethodInterceptor.java:92)
	at org.springframework.data.repository.core.support.RepositoryFactorySupport.getRepository(RepositoryFactorySupport.java:434)
	at org.springframework.data.repository.core.support.RepositoryFactoryBeanSupport.lambda$afterPropertiesSet$4(RepositoryFactoryBeanSupport.java:350)
	at org.springframework.data.util.Lazy.getNullable(Lazy.java:135)
	at org.springframework.data.util.Lazy.get(Lazy.java:113)
	at org.springframework.data.repository.core.support.RepositoryFactoryBeanSupport.afterPropertiesSet(RepositoryFactoryBeanSupport.java:356)
	at org.springframework.data.jpa.repository.support.JpaRepositoryFactoryBean.afterPropertiesSet(JpaRepositoryFactoryBean.java:132)
	at org.springframework.beans.factory.support.AbstractAutowireCapableBeanFactory.invokeInitMethods(AbstractAutowireCapableBeanFactory.java:1873)
	at org.springframework.beans.factory.support.AbstractAutowireCapableBeanFactory.initializeBean(AbstractAutowireCapableBeanFactory.java:1822)
	at org.springframework.beans.factory.support.AbstractAutowireCapableBeanFactory.doCreateBean(AbstractAutowireCapableBeanFactory.java:607)
	at org.springframework.beans.factory.support.AbstractAutowireCapableBeanFactory.createBean(AbstractAutowireCapableBeanFactory.java:529)
	at org.springframework.beans.factory.support.AbstractBeanFactory.lambda$doGetBean$0(AbstractBeanFactory.java:339)
	at org.springframework.beans.factory.support.DefaultSingletonBeanRegistry.getSingleton(DefaultSingletonBeanRegistry.java:373)
	at org.springframework.beans.factory.support.AbstractBeanFactory.doGetBean(AbstractBeanFactory.java:337)
	at org.springframework.beans.factory.support.AbstractBeanFactory.getBean(AbstractBeanFactory.java:202)
	at org.springframework.beans.factory.support.DefaultListableBeanFactory.doResolveDependency(DefaultListableBeanFactory.java:1683)
	at org.springframework.beans.factory.support.DefaultListableBeanFactory.resolveDependency(DefaultListableBeanFactory.java:1628)
	at org.springframework.beans.factory.annotation.AutowiredAnnotationBeanPostProcessor$AutowiredFieldElement.resolveFieldValue(AutowiredAnnotationBeanPostProcessor.java:785)
	at org.springframework.beans.factory.annotation.AutowiredAnnotationBeanPostProcessor$AutowiredFieldElement.inject(AutowiredAnnotationBeanPostProcessor.java:768)
	at org.springframework.beans.factory.annotation.InjectionMetadata.inject(InjectionMetadata.java:146)
	at org.springframework.beans.factory.annotation.AutowiredAnnotationBeanPostProcessor.postProcessProperties(AutowiredAnnotationBeanPostProcessor.java:509)
	at org.springframework.beans.factory.support.AbstractAutowireCapableBeanFactory.populateBean(AbstractAutowireCapableBeanFactory.java:1459)
	at org.springframework.beans.factory.support.AbstractAutowireCapableBeanFactory.doCreateBean(AbstractAutowireCapableBeanFactory.java:606)
	at org.springframework.beans.factory.support.AbstractAutowireCapableBeanFactory.createBean(AbstractAutowireCapableBeanFactory.java:529)
	at org.springframework.beans.factory.support.AbstractBeanFactory.lambda$doGetBean$0(AbstractBeanFactory.java:339)
	at org.springframework.beans.factory.support.DefaultSingletonBeanRegistry.getSingleton(DefaultSingletonBeanRegistry.java:373)
	at org.springframework.beans.factory.support.AbstractBeanFactory.doGetBean(AbstractBeanFactory.java:337)
	at org.springframework.beans.factory.support.AbstractBeanFactory.getBean(AbstractBeanFactory.java:202)
	at org.springframework.beans.factory.config.DependencyDescriptor.resolveCandidate(DependencyDescriptor.java:254)
	at org.springframework.beans.factory.support.DefaultListableBeanFactory.doResolveDependency(DefaultListableBeanFactory.java:1745)
	at org.springframework.beans.factory.support.DefaultListableBeanFactory.resolveDependency(DefaultListableBeanFactory.java:1628)
	at org.springframework.beans.factory.annotation.AutowiredAnnotationBeanPostProcessor$AutowiredFieldElement.resolveFieldValue(AutowiredAnnotationBeanPostProcessor.java:785)
	at org.springframework.beans.factory.annotation.AutowiredAnnotationBeanPostProcessor$AutowiredFieldElement.inject(AutowiredAnnotationBeanPostProcessor.java:768)
	at org.springframework.beans.factory.annotation.InjectionMetadata.inject(InjectionMetadata.java:146)
	at org.springframework.beans.factory.annotation.AutowiredAnnotationBeanPostProcessor.postProcessProperties(AutowiredAnnotationBeanPostProcessor.java:509)
	at org.springframework.beans.factory.support.AbstractAutowireCapableBeanFactory.populateBean(AbstractAutowireCapableBeanFactory.java:1459)
	at org.springframework.beans.factory.support.AbstractAutowireCapableBeanFactory.doCreateBean(AbstractAutowireCapableBeanFactory.java:606)
	at org.springframework.beans.factory.support.AbstractAutowireCapableBeanFactory.createBean(AbstractAutowireCapableBeanFactory.java:529)
	at org.springframework.beans.factory.support.AbstractBeanFactory.lambda$doGetBean$0(AbstractBeanFactory.java:339)
	at org.springframework.beans.factory.support.DefaultSingletonBeanRegistry.getSingleton(DefaultSingletonBeanRegistry.java:373)
	at org.springframework.beans.factory.support.AbstractBeanFactory.doGetBean(AbstractBeanFactory.java:337)
	at org.springframework.beans.factory.support.AbstractBeanFactory.getBean(AbstractBeanFactory.java:202)
	at org.springframework.beans.factory.support.ConstructorResolver.instantiateUsingFactoryMethod(ConstructorResolver.java:413)
	at org.springframework.beans.factory.support.AbstractAutowireCapableBeanFactory.instantiateUsingFactoryMethod(AbstractAutowireCapableBeanFactory.java:1375)
	at org.springframework.beans.factory.support.AbstractAutowireCapableBeanFactory.createBeanInstance(AbstractAutowireCapableBeanFactory.java:1205)
	at org.springframework.beans.factory.support.AbstractAutowireCapableBeanFactory.doCreateBean(AbstractAutowireCapableBeanFactory.java:569)
	at org.springframework.beans.factory.support.AbstractAutowireCapableBeanFactory.createBean(AbstractAutowireCapableBeanFactory.java:529)
	at org.springframework.beans.factory.support.AbstractBeanFactory.lambda$doGetBean$0(AbstractBeanFactory.java:339)
	at org.springframework.beans.factory.support.DefaultSingletonBeanRegistry.getSingleton(DefaultSingletonBeanRegistry.java:373)
	at org.springframework.beans.factory.support.AbstractBeanFactory.doGetBean(AbstractBeanFactory.java:337)
	at org.springframework.beans.factory.support.AbstractBeanFactory.getBean(AbstractBeanFactory.java:207)
	at org.springframework.boot.web.servlet.ServletContextInitializerBeans.getOrderedBeansOfType(ServletContextInitializerBeans.java:230)
	at org.springframework.boot.web.servlet.ServletContextInitializerBeans.addAsRegistrationBean(ServletContextInitializerBeans.java:184)
	at org.springframework.boot.web.servlet.ServletContextInitializerBeans.addAsRegistrationBean(ServletContextInitializerBeans.java:179)
	at org.springframework.boot.web.servlet.ServletContextInitializerBeans.addAdaptableBeans(ServletContextInitializerBeans.java:164)
	at org.springframework.boot.web.servlet.ServletContextInitializerBeans.<init>(ServletContextInitializerBeans.java:96)
	at org.springframework.boot.web.servlet.context.ServletWebServerApplicationContext.getServletContextInitializerBeans(ServletWebServerApplicationContext.java:271)
	at org.springframework.boot.web.servlet.context.ServletWebServerApplicationContext.selfInitialize(ServletWebServerApplicationContext.java:245)
	at org.springframework.boot.web.embedded.tomcat.TomcatStarter.onStartup(TomcatStarter.java:52)
	at org.apache.catalina.core.StandardContext.startInternal(StandardContext.java:4464)
	at org.apache.catalina.util.LifecycleBase.start(LifecycleBase.java:164)
	at org.apache.catalina.core.ContainerBase$StartChild.call(ContainerBase.java:1203)
	at org.apache.catalina.core.ContainerBase$StartChild.call(ContainerBase.java:1193)
	at java.base/java.util.concurrent.FutureTask.run$$$capture(FutureTask.java:328)
	at java.base/java.util.concurrent.FutureTask.run(FutureTask.java)
	at org.apache.tomcat.util.threads.InlineExecutorService.execute(InlineExecutorService.java:75)
	at java.base/java.util.concurrent.AbstractExecutorService.submit(AbstractExecutorService.java:148)
	at org.apache.catalina.core.ContainerBase.startInternal(ContainerBase.java:749)
	at org.apache.catalina.core.StandardHost.startInternal(StandardHost.java:772)
	at org.apache.catalina.util.LifecycleBase.start(LifecycleBase.java:164)
	at org.apache.catalina.core.ContainerBase$StartChild.call(ContainerBase.java:1203)
	at org.apache.catalina.core.ContainerBase$StartChild.call(ContainerBase.java:1193)
	at java.base/java.util.concurrent.FutureTask.run$$$capture(FutureTask.java:328)
	at java.base/java.util.concurrent.FutureTask.run(FutureTask.java)
	at org.apache.tomcat.util.threads.InlineExecutorService.execute(InlineExecutorService.java:75)
	at java.base/java.util.concurrent.AbstractExecutorService.submit(AbstractExecutorService.java:148)
	at org.apache.catalina.core.ContainerBase.startInternal(ContainerBase.java:749)
	at org.apache.catalina.core.StandardEngine.startInternal(StandardEngine.java:203)
	at org.apache.catalina.util.LifecycleBase.start(LifecycleBase.java:164)
	at org.apache.catalina.core.StandardService.startInternal(StandardService.java:412)
	at org.apache.catalina.util.LifecycleBase.start(LifecycleBase.java:164)
	at org.apache.catalina.core.StandardServer.startInternal(StandardServer.java:870)
	at org.apache.catalina.util.LifecycleBase.start(LifecycleBase.java:164)
	at org.apache.catalina.startup.Tomcat.start(Tomcat.java:438)
	at org.springframework.boot.web.embedded.tomcat.TomcatWebServer.initialize(TomcatWebServer.java:128)
	at org.springframework.boot.web.embedded.tomcat.TomcatWebServer.<init>(TomcatWebServer.java:107)
	at org.springframework.boot.web.embedded.tomcat.TomcatServletWebServerFactory.getTomcatWebServer(TomcatServletWebServerFactory.java:517)
	at org.springframework.boot.web.embedded.tomcat.TomcatServletWebServerFactory.getWebServer(TomcatServletWebServerFactory.java:219)
	at org.springframework.boot.web.servlet.context.ServletWebServerApplicationContext.createWebServer(ServletWebServerApplicationContext.java:193)
	at org.springframework.boot.web.servlet.context.ServletWebServerApplicationContext.onRefresh(ServletWebServerApplicationContext.java:167)
	at org.springframework.context.support.AbstractApplicationContext.refresh(AbstractApplicationContext.java:621)
	at org.springframework.boot.web.servlet.context.ServletWebServerApplicationContext.refresh(ServletWebServerApplicationContext.java:146)
	at org.springframework.boot.SpringApplication.refresh(SpringApplication.java:752)
	at org.springframework.boot.SpringApplication.refreshContext(SpringApplication.java:439)
	at org.springframework.boot.SpringApplication.run(SpringApplication.java:318)
	at org.springframework.boot.SpringApplication.run(SpringApplication.java:1361)
	at org.springframework.boot.SpringApplication.run(SpringApplication.java:1350)
	at com.mjc813.food_web.FoodWebApplication.main(FoodWebApplication.java:10)
	at java.base/jdk.internal.reflect.DirectMethodHandleAccessor.invoke(DirectMethodHandleAccessor.java:104)
	at java.base/java.lang.reflect.Method.invoke(Method.java:565)
	at org.springframework.boot.devtools.restart.RestartLauncher.run(RestartLauncher.java:50)
DEBUG 25-09-03 19:50:34[restartedMain] [NamedQuery:125] - Did not find named query MemberEntity.findByUsernameEquals
DEBUG 25-09-03 19:50:34[restartedMain] [RepositoryFactorySupport:446] - Finished creation of repository instance for com.mjc813.food_web.member.service.MemberRepository.
DEBUG 25-09-03 19:50:34[restartedMain] [DefaultListableBeanFactory:308] - Creating shared instance of singleton bean 'emailService'
DEBUG 25-09-03 19:50:34[restartedMain] [DefaultListableBeanFactory:308] - Creating shared instance of singleton bean 'mailSender'
DEBUG 25-09-03 19:50:34[restartedMain] [DefaultListableBeanFactory:308] - Creating shared instance of singleton bean 'org.springframework.boot.autoconfigure.mail.MailSenderPropertiesConfiguration'
DEBUG 25-09-03 19:50:34[restartedMain] [DefaultListableBeanFactory:308] - Creating shared instance of singleton bean 'spring.mail-org.springframework.boot.autoconfigure.mail.MailProperties'
DEBUG 25-09-03 19:50:34[restartedMain] [DefaultListableBeanFactory:954] - Autowiring by type from bean name 'mailSender' via factory method to bean named 'spring.mail-org.springframework.boot.autoconfigure.mail.MailProperties'
DEBUG 25-09-03 19:50:34[restartedMain] [DefaultListableBeanFactory:308] - Creating shared instance of singleton bean 'mySecurity'
DEBUG 25-09-03 19:50:34[restartedMain] [DefaultListableBeanFactory:308] - Creating shared instance of singleton bean 'requestContextFilter'
DEBUG 25-09-03 19:50:34[restartedMain] [DefaultListableBeanFactory:308] - Creating shared instance of singleton bean 'formContentFilter'
DEBUG 25-09-03 19:50:34[restartedMain] [DefaultListableBeanFactory:308] - Creating shared instance of singleton bean 'org.springframework.boot.autoconfigure.web.servlet.WebMvcAutoConfiguration'
DEBUG 25-09-03 19:50:34[restartedMain] [DefaultListableBeanFactory:308] - Creating shared instance of singleton bean 'characterEncodingFilter'
DEBUG 25-09-03 19:50:34[restartedMain] [ServletContextInitializerBeans:254] - Mapping filters: springSecurityFilterChain urls=[/*] order=-100, characterEncodingFilter urls=[/*] order=-2147483648, formContentFilter urls=[/*] order=-9900, requestContextFilter urls=[/*] order=-105, daoAuthTokenFilter urls=[/*] order=2147483647
DEBUG 25-09-03 19:50:34[restartedMain] [ServletContextInitializerBeans:254] - Mapping servlets: dispatcherServlet urls=[/]
DEBUG 25-09-03 19:50:34[restartedMain] [OrderedRequestContextFilter:240] - Filter 'requestContextFilter' configured for use
DEBUG 25-09-03 19:50:34[restartedMain] [DaoAuthTokenFilter:240] - Filter 'daoAuthTokenFilter' configured for use
DEBUG 25-09-03 19:50:34[restartedMain] [OrderedCharacterEncodingFilter:240] - Filter 'characterEncodingFilter' configured for use
DEBUG 25-09-03 19:50:34[restartedMain] [DelegatingFilterProxyRegistrationBean$1:240] - Filter 'springSecurityFilterChain' configured for use
DEBUG 25-09-03 19:50:34[restartedMain] [OrderedFormContentFilter:240] - Filter 'formContentFilter' configured for use
DEBUG 25-09-03 19:50:34[restartedMain] [DefaultListableBeanFactory:308] - Creating shared instance of singleton bean 'applicationTaskExecutor'
DEBUG 25-09-03 19:50:34[restartedMain] [DefaultListableBeanFactory:308] - Creating shared instance of singleton bean 'org.springframework.boot.autoconfigure.task.TaskExecutorConfigurations$TaskExecutorConfiguration'
DEBUG 25-09-03 19:50:34[restartedMain] [DefaultListableBeanFactory:308] - Creating shared instance of singleton bean 'threadPoolTaskExecutorBuilder'
DEBUG 25-09-03 19:50:34[restartedMain] [DefaultListableBeanFactory:308] - Creating shared instance of singleton bean 'org.springframework.boot.autoconfigure.task.TaskExecutorConfigurations$ThreadPoolTaskExecutorBuilderConfiguration'
DEBUG 25-09-03 19:50:34[restartedMain] [DefaultListableBeanFactory:308] - Creating shared instance of singleton bean 'spring.task.execution-org.springframework.boot.autoconfigure.task.TaskExecutionProperties'
DEBUG 25-09-03 19:50:34[restartedMain] [DefaultListableBeanFactory:954] - Autowiring by type from bean name 'threadPoolTaskExecutorBuilder' via factory method to bean named 'spring.task.execution-org.springframework.boot.autoconfigure.task.TaskExecutionProperties'
DEBUG 25-09-03 19:50:34[restartedMain] [DefaultListableBeanFactory:954] - Autowiring by type from bean name 'applicationTaskExecutor' via factory method to bean named 'threadPoolTaskExecutorBuilder'
DEBUG 25-09-03 19:50:34[restartedMain] [ThreadPoolTaskExecutor:304] - Initializing ExecutorService 'applicationTaskExecutor'
DEBUG 25-09-03 19:50:34[restartedMain] [DefaultListableBeanFactory:308] - Creating shared instance of singleton bean 'foodWebApplication'
DEBUG 25-09-03 19:50:34[restartedMain] [DefaultListableBeanFactory:308] - Creating shared instance of singleton bean 'enumRestConroller'
DEBUG 25-09-03 19:50:34[restartedMain] [DefaultListableBeanFactory:308] - Creating shared instance of singleton bean 'menuController'
DEBUG 25-09-03 19:50:34[restartedMain] [DefaultListableBeanFactory:308] - Creating shared instance of singleton bean 'foodJpaTransactionService'
DEBUG 25-09-03 19:50:34[restartedMain] [DefaultListableBeanFactory:308] - Creating shared instance of singleton bean 'foodRepository'
DEBUG 25-09-03 19:50:34[restartedMain] [DefaultListableBeanFactory:308] - Creating shared instance of singleton bean 'jpa.named-queries#4'
DEBUG 25-09-03 19:50:34[restartedMain] [DefaultListableBeanFactory:308] - Creating shared instance of singleton bean 'jpa.FoodRepository.fragments#0'
DEBUG 25-09-03 19:50:34[restartedMain] [CachedIntrospectionResults:164] - Not strongly caching class [com.mjc813.food_web.food.dto.FoodEntity] because it is not cache-safe
DEBUG 25-09-03 19:50:34[restartedMain] [CachedIntrospectionResults:164] - Not strongly caching class [com.mjc813.food_web.food_category.dto.FoodCategoryEntity] because it is not cache-safe
DEBUG 25-09-03 19:50:34[restartedMain] [RepositoryFactorySupport:332] - Initializing repository instance for com.mjc813.food_web.food.service.FoodRepository…
DEBUG 25-09-03 19:50:34[restartedMain] [NamedQuery:144] - Looking up named query 'FoodEntity.findAllByOrderByIdDesc'
DEBUG 25-09-03 19:50:34[restartedMain] [JdbcResourceLocalTransactionCoordinatorImpl:309] - JDBC transaction marked for rollback-only (exception provided for stack trace)
java.lang.Exception: exception just for purpose of providing stack trace
	at org.hibernate.resource.transaction.backend.jdbc.internal.JdbcResourceLocalTransactionCoordinatorImpl$TransactionDriverControlImpl.markRollbackOnly(JdbcResourceLocalTransactionCoordinatorImpl.java:309)
	at org.hibernate.internal.AbstractSharedSessionContract.buildNamedQuery(AbstractSharedSessionContract.java:1141)
	at org.hibernate.internal.AbstractSharedSessionContract.createNamedQuery(AbstractSharedSessionContract.java:1019)
	at org.hibernate.internal.AbstractSharedSessionContract.createNamedQuery(AbstractSharedSessionContract.java:143)
	at java.base/jdk.internal.reflect.DirectMethodHandleAccessor.invoke(DirectMethodHandleAccessor.java:104)
	at java.base/java.lang.reflect.Method.invoke(Method.java:565)
	at org.springframework.orm.jpa.ExtendedEntityManagerCreator$ExtendedEntityManagerInvocationHandler.invoke(ExtendedEntityManagerCreator.java:364)
	at jdk.proxy3/jdk.proxy3.$Proxy133.createNamedQuery(Unknown Source)
	at org.springframework.data.jpa.repository.query.NamedQuery.hasNamedQuery(NamedQuery.java:120)
	at org.springframework.data.jpa.repository.query.NamedQuery.lookupFrom(NamedQuery.java:147)
	at org.springframework.data.jpa.repository.query.JpaQueryLookupStrategy$DeclaredQueryLookupStrategy.resolveQuery(JpaQueryLookupStrategy.java:184)
	at org.springframework.data.jpa.repository.query.JpaQueryLookupStrategy$CreateIfNotFoundQueryLookupStrategy.resolveQuery(JpaQueryLookupStrategy.java:254)
	at org.springframework.data.jpa.repository.query.JpaQueryLookupStrategy$AbstractQueryLookupStrategy.resolveQuery(JpaQueryLookupStrategy.java:99)
	at org.springframework.data.repository.core.support.QueryExecutorMethodInterceptor.lookupQuery(QueryExecutorMethodInterceptor.java:116)
	at org.springframework.data.repository.core.support.QueryExecutorMethodInterceptor.mapMethodsToQuery(QueryExecutorMethodInterceptor.java:104)
	at org.springframework.data.repository.core.support.QueryExecutorMethodInterceptor.lambda$new$0(QueryExecutorMethodInterceptor.java:92)
	at java.base/java.util.Optional.map(Optional.java:260)
	at org.springframework.data.repository.core.support.QueryExecutorMethodInterceptor.<init>(QueryExecutorMethodInterceptor.java:92)
	at org.springframework.data.repository.core.support.RepositoryFactorySupport.getRepository(RepositoryFactorySupport.java:434)
	at org.springframework.data.repository.core.support.RepositoryFactoryBeanSupport.lambda$afterPropertiesSet$4(RepositoryFactoryBeanSupport.java:350)
	at org.springframework.data.util.Lazy.getNullable(Lazy.java:135)
	at org.springframework.data.util.Lazy.get(Lazy.java:113)
	at org.springframework.data.repository.core.support.RepositoryFactoryBeanSupport.afterPropertiesSet(RepositoryFactoryBeanSupport.java:356)
	at org.springframework.data.jpa.repository.support.JpaRepositoryFactoryBean.afterPropertiesSet(JpaRepositoryFactoryBean.java:132)
	at org.springframework.beans.factory.support.AbstractAutowireCapableBeanFactory.invokeInitMethods(AbstractAutowireCapableBeanFactory.java:1873)
	at org.springframework.beans.factory.support.AbstractAutowireCapableBeanFactory.initializeBean(AbstractAutowireCapableBeanFactory.java:1822)
	at org.springframework.beans.factory.support.AbstractAutowireCapableBeanFactory.doCreateBean(AbstractAutowireCapableBeanFactory.java:607)
	at org.springframework.beans.factory.support.AbstractAutowireCapableBeanFactory.createBean(AbstractAutowireCapableBeanFactory.java:529)
	at org.springframework.beans.factory.support.AbstractBeanFactory.lambda$doGetBean$0(AbstractBeanFactory.java:339)
	at org.springframework.beans.factory.support.DefaultSingletonBeanRegistry.getSingleton(DefaultSingletonBeanRegistry.java:373)
	at org.springframework.beans.factory.support.AbstractBeanFactory.doGetBean(AbstractBeanFactory.java:337)
	at org.springframework.beans.factory.support.AbstractBeanFactory.getBean(AbstractBeanFactory.java:202)
	at org.springframework.beans.factory.support.DefaultListableBeanFactory.doResolveDependency(DefaultListableBeanFactory.java:1683)
	at org.springframework.beans.factory.support.DefaultListableBeanFactory.resolveDependency(DefaultListableBeanFactory.java:1628)
	at org.springframework.beans.factory.annotation.AutowiredAnnotationBeanPostProcessor$AutowiredFieldElement.resolveFieldValue(AutowiredAnnotationBeanPostProcessor.java:785)
	at org.springframework.beans.factory.annotation.AutowiredAnnotationBeanPostProcessor$AutowiredFieldElement.inject(AutowiredAnnotationBeanPostProcessor.java:768)
	at org.springframework.beans.factory.annotation.InjectionMetadata.inject(InjectionMetadata.java:146)
	at org.springframework.beans.factory.annotation.AutowiredAnnotationBeanPostProcessor.postProcessProperties(AutowiredAnnotationBeanPostProcessor.java:509)
	at org.springframework.beans.factory.support.AbstractAutowireCapableBeanFactory.populateBean(AbstractAutowireCapableBeanFactory.java:1459)
	at org.springframework.beans.factory.support.AbstractAutowireCapableBeanFactory.doCreateBean(AbstractAutowireCapableBeanFactory.java:606)
	at org.springframework.beans.factory.support.AbstractAutowireCapableBeanFactory.createBean(AbstractAutowireCapableBeanFactory.java:529)
	at org.springframework.beans.factory.support.AbstractBeanFactory.lambda$doGetBean$0(AbstractBeanFactory.java:339)
	at org.springframework.beans.factory.support.DefaultSingletonBeanRegistry.getSingleton(DefaultSingletonBeanRegistry.java:373)
	at org.springframework.beans.factory.support.AbstractBeanFactory.doGetBean(AbstractBeanFactory.java:337)
	at org.springframework.beans.factory.support.AbstractBeanFactory.getBean(AbstractBeanFactory.java:202)
	at org.springframework.beans.factory.support.DefaultListableBeanFactory.doResolveDependency(DefaultListableBeanFactory.java:1683)
	at org.springframework.beans.factory.support.DefaultListableBeanFactory.resolveDependency(DefaultListableBeanFactory.java:1628)
	at org.springframework.beans.factory.annotation.AutowiredAnnotationBeanPostProcessor$AutowiredFieldElement.resolveFieldValue(AutowiredAnnotationBeanPostProcessor.java:785)
	at org.springframework.beans.factory.annotation.AutowiredAnnotationBeanPostProcessor$AutowiredFieldElement.inject(AutowiredAnnotationBeanPostProcessor.java:768)
	at org.springframework.beans.factory.annotation.InjectionMetadata.inject(InjectionMetadata.java:146)
	at org.springframework.beans.factory.annotation.AutowiredAnnotationBeanPostProcessor.postProcessProperties(AutowiredAnnotationBeanPostProcessor.java:509)
	at org.springframework.beans.factory.support.AbstractAutowireCapableBeanFactory.populateBean(AbstractAutowireCapableBeanFactory.java:1459)
	at org.springframework.beans.factory.support.AbstractAutowireCapableBeanFactory.doCreateBean(AbstractAutowireCapableBeanFactory.java:606)
	at org.springframework.beans.factory.support.AbstractAutowireCapableBeanFactory.createBean(AbstractAutowireCapableBeanFactory.java:529)
	at org.springframework.beans.factory.support.AbstractBeanFactory.lambda$doGetBean$0(AbstractBeanFactory.java:339)
	at org.springframework.beans.factory.support.DefaultSingletonBeanRegistry.getSingleton(DefaultSingletonBeanRegistry.java:373)
	at org.springframework.beans.factory.support.AbstractBeanFactory.doGetBean(AbstractBeanFactory.java:337)
	at org.springframework.beans.factory.support.AbstractBeanFactory.getBean(AbstractBeanFactory.java:202)
	at org.springframework.beans.factory.support.DefaultListableBeanFactory.instantiateSingleton(DefaultListableBeanFactory.java:1222)
	at org.springframework.beans.factory.support.DefaultListableBeanFactory.preInstantiateSingleton(DefaultListableBeanFactory.java:1188)
	at org.springframework.beans.factory.support.DefaultListableBeanFactory.preInstantiateSingletons(DefaultListableBeanFactory.java:1123)
	at org.springframework.context.support.AbstractApplicationContext.finishBeanFactoryInitialization(AbstractApplicationContext.java:987)
	at org.springframework.context.support.AbstractApplicationContext.refresh(AbstractApplicationContext.java:627)
	at org.springframework.boot.web.servlet.context.ServletWebServerApplicationContext.refresh(ServletWebServerApplicationContext.java:146)
	at org.springframework.boot.SpringApplication.refresh(SpringApplication.java:752)
	at org.springframework.boot.SpringApplication.refreshContext(SpringApplication.java:439)
	at org.springframework.boot.SpringApplication.run(SpringApplication.java:318)
	at org.springframework.boot.SpringApplication.run(SpringApplication.java:1361)
	at org.springframework.boot.SpringApplication.run(SpringApplication.java:1350)
	at com.mjc813.food_web.FoodWebApplication.main(FoodWebApplication.java:10)
	at java.base/jdk.internal.reflect.DirectMethodHandleAccessor.invoke(DirectMethodHandleAccessor.java:104)
	at java.base/java.lang.reflect.Method.invoke(Method.java:565)
	at org.springframework.boot.devtools.restart.RestartLauncher.run(RestartLauncher.java:50)
DEBUG 25-09-03 19:50:34[restartedMain] [NamedQuery:125] - Did not find named query FoodEntity.findAllByOrderByIdDesc
DEBUG 25-09-03 19:50:34[restartedMain] [RepositoryFactorySupport:446] - Finished creation of repository instance for com.mjc813.food_web.food.service.FoodRepository.
DEBUG 25-09-03 19:50:34[restartedMain] [DefaultListableBeanFactory:308] - Creating shared instance of singleton bean 'foodIngredientRepository'
DEBUG 25-09-03 19:50:34[restartedMain] [DefaultListableBeanFactory:308] - Creating shared instance of singleton bean 'jpa.named-queries#2'
DEBUG 25-09-03 19:50:34[restartedMain] [DefaultListableBeanFactory:308] - Creating shared instance of singleton bean 'jpa.FoodIngredientRepository.fragments#0'
DEBUG 25-09-03 19:50:34[restartedMain] [CachedIntrospectionResults:164] - Not strongly caching class [com.mjc813.food_web.food_ingredient.dto.FoodIngredientEntity] because it is not cache-safe
DEBUG 25-09-03 19:50:34[restartedMain] [CachedIntrospectionResults:164] - Not strongly caching class [com.mjc813.food_web.ingredient.dto.IngredientEntity] because it is not cache-safe
DEBUG 25-09-03 19:50:34[restartedMain] [CachedIntrospectionResults:164] - Not strongly caching class [com.mjc813.food_web.ingredient_category.dto.IngredientCategoryEntity] because it is not cache-safe
DEBUG 25-09-03 19:50:34[restartedMain] [RepositoryFactorySupport:332] - Initializing repository instance for com.mjc813.food_web.food_ingredient.service.FoodIngredientRepository…
DEBUG 25-09-03 19:50:34[restartedMain] [NamedQuery:144] - Looking up named query 'FoodIngredientEntity.findAllByOrderByIdDesc'
DEBUG 25-09-03 19:50:34[restartedMain] [JdbcResourceLocalTransactionCoordinatorImpl:309] - JDBC transaction marked for rollback-only (exception provided for stack trace)
java.lang.Exception: exception just for purpose of providing stack trace
	at org.hibernate.resource.transaction.backend.jdbc.internal.JdbcResourceLocalTransactionCoordinatorImpl$TransactionDriverControlImpl.markRollbackOnly(JdbcResourceLocalTransactionCoordinatorImpl.java:309)
	at org.hibernate.internal.AbstractSharedSessionContract.buildNamedQuery(AbstractSharedSessionContract.java:1141)
	at org.hibernate.internal.AbstractSharedSessionContract.createNamedQuery(AbstractSharedSessionContract.java:1019)
	at org.hibernate.internal.AbstractSharedSessionContract.createNamedQuery(AbstractSharedSessionContract.java:143)
	at java.base/jdk.internal.reflect.DirectMethodHandleAccessor.invoke(DirectMethodHandleAccessor.java:104)
	at java.base/java.lang.reflect.Method.invoke(Method.java:565)
	at org.springframework.orm.jpa.ExtendedEntityManagerCreator$ExtendedEntityManagerInvocationHandler.invoke(ExtendedEntityManagerCreator.java:364)
	at jdk.proxy3/jdk.proxy3.$Proxy133.createNamedQuery(Unknown Source)
	at org.springframework.data.jpa.repository.query.NamedQuery.hasNamedQuery(NamedQuery.java:120)
	at org.springframework.data.jpa.repository.query.NamedQuery.lookupFrom(NamedQuery.java:147)
	at org.springframework.data.jpa.repository.query.JpaQueryLookupStrategy$DeclaredQueryLookupStrategy.resolveQuery(JpaQueryLookupStrategy.java:184)
	at org.springframework.data.jpa.repository.query.JpaQueryLookupStrategy$CreateIfNotFoundQueryLookupStrategy.resolveQuery(JpaQueryLookupStrategy.java:254)
	at org.springframework.data.jpa.repository.query.JpaQueryLookupStrategy$AbstractQueryLookupStrategy.resolveQuery(JpaQueryLookupStrategy.java:99)
	at org.springframework.data.repository.core.support.QueryExecutorMethodInterceptor.lookupQuery(QueryExecutorMethodInterceptor.java:116)
	at org.springframework.data.repository.core.support.QueryExecutorMethodInterceptor.mapMethodsToQuery(QueryExecutorMethodInterceptor.java:104)
	at org.springframework.data.repository.core.support.QueryExecutorMethodInterceptor.lambda$new$0(QueryExecutorMethodInterceptor.java:92)
	at java.base/java.util.Optional.map(Optional.java:260)
	at org.springframework.data.repository.core.support.QueryExecutorMethodInterceptor.<init>(QueryExecutorMethodInterceptor.java:92)
	at org.springframework.data.repository.core.support.RepositoryFactorySupport.getRepository(RepositoryFactorySupport.java:434)
	at org.springframework.data.repository.core.support.RepositoryFactoryBeanSupport.lambda$afterPropertiesSet$4(RepositoryFactoryBeanSupport.java:350)
	at org.springframework.data.util.Lazy.getNullable(Lazy.java:135)
	at org.springframework.data.util.Lazy.get(Lazy.java:113)
	at org.springframework.data.repository.core.support.RepositoryFactoryBeanSupport.afterPropertiesSet(RepositoryFactoryBeanSupport.java:356)
	at org.springframework.data.jpa.repository.support.JpaRepositoryFactoryBean.afterPropertiesSet(JpaRepositoryFactoryBean.java:132)
	at org.springframework.beans.factory.support.AbstractAutowireCapableBeanFactory.invokeInitMethods(AbstractAutowireCapableBeanFactory.java:1873)
	at org.springframework.beans.factory.support.AbstractAutowireCapableBeanFactory.initializeBean(AbstractAutowireCapableBeanFactory.java:1822)
	at org.springframework.beans.factory.support.AbstractAutowireCapableBeanFactory.doCreateBean(AbstractAutowireCapableBeanFactory.java:607)
	at org.springframework.beans.factory.support.AbstractAutowireCapableBeanFactory.createBean(AbstractAutowireCapableBeanFactory.java:529)
	at org.springframework.beans.factory.support.AbstractBeanFactory.lambda$doGetBean$0(AbstractBeanFactory.java:339)
	at org.springframework.beans.factory.support.DefaultSingletonBeanRegistry.getSingleton(DefaultSingletonBeanRegistry.java:373)
	at org.springframework.beans.factory.support.AbstractBeanFactory.doGetBean(AbstractBeanFactory.java:337)
	at org.springframework.beans.factory.support.AbstractBeanFactory.getBean(AbstractBeanFactory.java:202)
	at org.springframework.beans.factory.support.DefaultListableBeanFactory.doResolveDependency(DefaultListableBeanFactory.java:1683)
	at org.springframework.beans.factory.support.DefaultListableBeanFactory.resolveDependency(DefaultListableBeanFactory.java:1628)
	at org.springframework.beans.factory.annotation.AutowiredAnnotationBeanPostProcessor$AutowiredFieldElement.resolveFieldValue(AutowiredAnnotationBeanPostProcessor.java:785)
	at org.springframework.beans.factory.annotation.AutowiredAnnotationBeanPostProcessor$AutowiredFieldElement.inject(AutowiredAnnotationBeanPostProcessor.java:768)
	at org.springframework.beans.factory.annotation.InjectionMetadata.inject(InjectionMetadata.java:146)
	at org.springframework.beans.factory.annotation.AutowiredAnnotationBeanPostProcessor.postProcessProperties(AutowiredAnnotationBeanPostProcessor.java:509)
	at org.springframework.beans.factory.support.AbstractAutowireCapableBeanFactory.populateBean(AbstractAutowireCapableBeanFactory.java:1459)
	at org.springframework.beans.factory.support.AbstractAutowireCapableBeanFactory.doCreateBean(AbstractAutowireCapableBeanFactory.java:606)
	at org.springframework.beans.factory.support.AbstractAutowireCapableBeanFactory.createBean(AbstractAutowireCapableBeanFactory.java:529)
	at org.springframework.beans.factory.support.AbstractBeanFactory.lambda$doGetBean$0(AbstractBeanFactory.java:339)
	at org.springframework.beans.factory.support.DefaultSingletonBeanRegistry.getSingleton(DefaultSingletonBeanRegistry.java:373)
	at org.springframework.beans.factory.support.AbstractBeanFactory.doGetBean(AbstractBeanFactory.java:337)
	at org.springframework.beans.factory.support.AbstractBeanFactory.getBean(AbstractBeanFactory.java:202)
	at org.springframework.beans.factory.support.DefaultListableBeanFactory.doResolveDependency(DefaultListableBeanFactory.java:1683)
	at org.springframework.beans.factory.support.DefaultListableBeanFactory.resolveDependency(DefaultListableBeanFactory.java:1628)
	at org.springframework.beans.factory.annotation.AutowiredAnnotationBeanPostProcessor$AutowiredFieldElement.resolveFieldValue(AutowiredAnnotationBeanPostProcessor.java:785)
	at org.springframework.beans.factory.annotation.AutowiredAnnotationBeanPostProcessor$AutowiredFieldElement.inject(AutowiredAnnotationBeanPostProcessor.java:768)
	at org.springframework.beans.factory.annotation.InjectionMetadata.inject(InjectionMetadata.java:146)
	at org.springframework.beans.factory.annotation.AutowiredAnnotationBeanPostProcessor.postProcessProperties(AutowiredAnnotationBeanPostProcessor.java:509)
	at org.springframework.beans.factory.support.AbstractAutowireCapableBeanFactory.populateBean(AbstractAutowireCapableBeanFactory.java:1459)
	at org.springframework.beans.factory.support.AbstractAutowireCapableBeanFactory.doCreateBean(AbstractAutowireCapableBeanFactory.java:606)
	at org.springframework.beans.factory.support.AbstractAutowireCapableBeanFactory.createBean(AbstractAutowireCapableBeanFactory.java:529)
	at org.springframework.beans.factory.support.AbstractBeanFactory.lambda$doGetBean$0(AbstractBeanFactory.java:339)
	at org.springframework.beans.factory.support.DefaultSingletonBeanRegistry.getSingleton(DefaultSingletonBeanRegistry.java:373)
	at org.springframework.beans.factory.support.AbstractBeanFactory.doGetBean(AbstractBeanFactory.java:337)
	at org.springframework.beans.factory.support.AbstractBeanFactory.getBean(AbstractBeanFactory.java:202)
	at org.springframework.beans.factory.support.DefaultListableBeanFactory.instantiateSingleton(DefaultListableBeanFactory.java:1222)
	at org.springframework.beans.factory.support.DefaultListableBeanFactory.preInstantiateSingleton(DefaultListableBeanFactory.java:1188)
	at org.springframework.beans.factory.support.DefaultListableBeanFactory.preInstantiateSingletons(DefaultListableBeanFactory.java:1123)
	at org.springframework.context.support.AbstractApplicationContext.finishBeanFactoryInitialization(AbstractApplicationContext.java:987)
	at org.springframework.context.support.AbstractApplicationContext.refresh(AbstractApplicationContext.java:627)
	at org.springframework.boot.web.servlet.context.ServletWebServerApplicationContext.refresh(ServletWebServerApplicationContext.java:146)
	at org.springframework.boot.SpringApplication.refresh(SpringApplication.java:752)
	at org.springframework.boot.SpringApplication.refreshContext(SpringApplication.java:439)
	at org.springframework.boot.SpringApplication.run(SpringApplication.java:318)
	at org.springframework.boot.SpringApplication.run(SpringApplication.java:1361)
	at org.springframework.boot.SpringApplication.run(SpringApplication.java:1350)
	at com.mjc813.food_web.FoodWebApplication.main(FoodWebApplication.java:10)
	at java.base/jdk.internal.reflect.DirectMethodHandleAccessor.invoke(DirectMethodHandleAccessor.java:104)
	at java.base/java.lang.reflect.Method.invoke(Method.java:565)
	at org.springframework.boot.devtools.restart.RestartLauncher.run(RestartLauncher.java:50)
DEBUG 25-09-03 19:50:34[restartedMain] [NamedQuery:125] - Did not find named query FoodIngredientEntity.findAllByOrderByIdDesc
DEBUG 25-09-03 19:50:34[restartedMain] [NamedQuery:144] - Looking up named query 'FoodIngredientEntity.deleteAllByFoodEntity'
DEBUG 25-09-03 19:50:34[restartedMain] [JdbcResourceLocalTransactionCoordinatorImpl:309] - JDBC transaction marked for rollback-only (exception provided for stack trace)
java.lang.Exception: exception just for purpose of providing stack trace
	at org.hibernate.resource.transaction.backend.jdbc.internal.JdbcResourceLocalTransactionCoordinatorImpl$TransactionDriverControlImpl.markRollbackOnly(JdbcResourceLocalTransactionCoordinatorImpl.java:309)
	at org.hibernate.internal.AbstractSharedSessionContract.buildNamedQuery(AbstractSharedSessionContract.java:1141)
	at org.hibernate.internal.AbstractSharedSessionContract.createNamedQuery(AbstractSharedSessionContract.java:1019)
	at org.hibernate.internal.AbstractSharedSessionContract.createNamedQuery(AbstractSharedSessionContract.java:143)
	at java.base/jdk.internal.reflect.DirectMethodHandleAccessor.invoke(DirectMethodHandleAccessor.java:104)
	at java.base/java.lang.reflect.Method.invoke(Method.java:565)
	at org.springframework.orm.jpa.ExtendedEntityManagerCreator$ExtendedEntityManagerInvocationHandler.invoke(ExtendedEntityManagerCreator.java:364)
	at jdk.proxy3/jdk.proxy3.$Proxy133.createNamedQuery(Unknown Source)
	at org.springframework.data.jpa.repository.query.NamedQuery.hasNamedQuery(NamedQuery.java:120)
	at org.springframework.data.jpa.repository.query.NamedQuery.lookupFrom(NamedQuery.java:147)
	at org.springframework.data.jpa.repository.query.JpaQueryLookupStrategy$DeclaredQueryLookupStrategy.resolveQuery(JpaQueryLookupStrategy.java:184)
	at org.springframework.data.jpa.repository.query.JpaQueryLookupStrategy$CreateIfNotFoundQueryLookupStrategy.resolveQuery(JpaQueryLookupStrategy.java:254)
	at org.springframework.data.jpa.repository.query.JpaQueryLookupStrategy$AbstractQueryLookupStrategy.resolveQuery(JpaQueryLookupStrategy.java:99)
	at org.springframework.data.repository.core.support.QueryExecutorMethodInterceptor.lookupQuery(QueryExecutorMethodInterceptor.java:116)
	at org.springframework.data.repository.core.support.QueryExecutorMethodInterceptor.mapMethodsToQuery(QueryExecutorMethodInterceptor.java:104)
	at org.springframework.data.repository.core.support.QueryExecutorMethodInterceptor.lambda$new$0(QueryExecutorMethodInterceptor.java:92)
	at java.base/java.util.Optional.map(Optional.java:260)
	at org.springframework.data.repository.core.support.QueryExecutorMethodInterceptor.<init>(QueryExecutorMethodInterceptor.java:92)
	at org.springframework.data.repository.core.support.RepositoryFactorySupport.getRepository(RepositoryFactorySupport.java:434)
	at org.springframework.data.repository.core.support.RepositoryFactoryBeanSupport.lambda$afterPropertiesSet$4(RepositoryFactoryBeanSupport.java:350)
	at org.springframework.data.util.Lazy.getNullable(Lazy.java:135)
	at org.springframework.data.util.Lazy.get(Lazy.java:113)
	at org.springframework.data.repository.core.support.RepositoryFactoryBeanSupport.afterPropertiesSet(RepositoryFactoryBeanSupport.java:356)
	at org.springframework.data.jpa.repository.support.JpaRepositoryFactoryBean.afterPropertiesSet(JpaRepositoryFactoryBean.java:132)
	at org.springframework.beans.factory.support.AbstractAutowireCapableBeanFactory.invokeInitMethods(AbstractAutowireCapableBeanFactory.java:1873)
	at org.springframework.beans.factory.support.AbstractAutowireCapableBeanFactory.initializeBean(AbstractAutowireCapableBeanFactory.java:1822)
	at org.springframework.beans.factory.support.AbstractAutowireCapableBeanFactory.doCreateBean(AbstractAutowireCapableBeanFactory.java:607)
	at org.springframework.beans.factory.support.AbstractAutowireCapableBeanFactory.createBean(AbstractAutowireCapableBeanFactory.java:529)
	at org.springframework.beans.factory.support.AbstractBeanFactory.lambda$doGetBean$0(AbstractBeanFactory.java:339)
	at org.springframework.beans.factory.support.DefaultSingletonBeanRegistry.getSingleton(DefaultSingletonBeanRegistry.java:373)
	at org.springframework.beans.factory.support.AbstractBeanFactory.doGetBean(AbstractBeanFactory.java:337)
	at org.springframework.beans.factory.support.AbstractBeanFactory.getBean(AbstractBeanFactory.java:202)
	at org.springframework.beans.factory.support.DefaultListableBeanFactory.doResolveDependency(DefaultListableBeanFactory.java:1683)
	at org.springframework.beans.factory.support.DefaultListableBeanFactory.resolveDependency(DefaultListableBeanFactory.java:1628)
	at org.springframework.beans.factory.annotation.AutowiredAnnotationBeanPostProcessor$AutowiredFieldElement.resolveFieldValue(AutowiredAnnotationBeanPostProcessor.java:785)
	at org.springframework.beans.factory.annotation.AutowiredAnnotationBeanPostProcessor$AutowiredFieldElement.inject(AutowiredAnnotationBeanPostProcessor.java:768)
	at org.springframework.beans.factory.annotation.InjectionMetadata.inject(InjectionMetadata.java:146)
	at org.springframework.beans.factory.annotation.AutowiredAnnotationBeanPostProcessor.postProcessProperties(AutowiredAnnotationBeanPostProcessor.java:509)
	at org.springframework.beans.factory.support.AbstractAutowireCapableBeanFactory.populateBean(AbstractAutowireCapableBeanFactory.java:1459)
	at org.springframework.beans.factory.support.AbstractAutowireCapableBeanFactory.doCreateBean(AbstractAutowireCapableBeanFactory.java:606)
	at org.springframework.beans.factory.support.AbstractAutowireCapableBeanFactory.createBean(AbstractAutowireCapableBeanFactory.java:529)
	at org.springframework.beans.factory.support.AbstractBeanFactory.lambda$doGetBean$0(AbstractBeanFactory.java:339)
	at org.springframework.beans.factory.support.DefaultSingletonBeanRegistry.getSingleton(DefaultSingletonBeanRegistry.java:373)
	at org.springframework.beans.factory.support.AbstractBeanFactory.doGetBean(AbstractBeanFactory.java:337)
	at org.springframework.beans.factory.support.AbstractBeanFactory.getBean(AbstractBeanFactory.java:202)
	at org.springframework.beans.factory.support.DefaultListableBeanFactory.doResolveDependency(DefaultListableBeanFactory.java:1683)
	at org.springframework.beans.factory.support.DefaultListableBeanFactory.resolveDependency(DefaultListableBeanFactory.java:1628)
	at org.springframework.beans.factory.annotation.AutowiredAnnotationBeanPostProcessor$AutowiredFieldElement.resolveFieldValue(AutowiredAnnotationBeanPostProcessor.java:785)
	at org.springframework.beans.factory.annotation.AutowiredAnnotationBeanPostProcessor$AutowiredFieldElement.inject(AutowiredAnnotationBeanPostProcessor.java:768)
	at org.springframework.beans.factory.annotation.InjectionMetadata.inject(InjectionMetadata.java:146)
	at org.springframework.beans.factory.annotation.AutowiredAnnotationBeanPostProcessor.postProcessProperties(AutowiredAnnotationBeanPostProcessor.java:509)
	at org.springframework.beans.factory.support.AbstractAutowireCapableBeanFactory.populateBean(AbstractAutowireCapableBeanFactory.java:1459)
	at org.springframework.beans.factory.support.AbstractAutowireCapableBeanFactory.doCreateBean(AbstractAutowireCapableBeanFactory.java:606)
	at org.springframework.beans.factory.support.AbstractAutowireCapableBeanFactory.createBean(AbstractAutowireCapableBeanFactory.java:529)
	at org.springframework.beans.factory.support.AbstractBeanFactory.lambda$doGetBean$0(AbstractBeanFactory.java:339)
	at org.springframework.beans.factory.support.DefaultSingletonBeanRegistry.getSingleton(DefaultSingletonBeanRegistry.java:373)
	at org.springframework.beans.factory.support.AbstractBeanFactory.doGetBean(AbstractBeanFactory.java:337)
	at org.springframework.beans.factory.support.AbstractBeanFactory.getBean(AbstractBeanFactory.java:202)
	at org.springframework.beans.factory.support.DefaultListableBeanFactory.instantiateSingleton(DefaultListableBeanFactory.java:1222)
	at org.springframework.beans.factory.support.DefaultListableBeanFactory.preInstantiateSingleton(DefaultListableBeanFactory.java:1188)
	at org.springframework.beans.factory.support.DefaultListableBeanFactory.preInstantiateSingletons(DefaultListableBeanFactory.java:1123)
	at org.springframework.context.support.AbstractApplicationContext.finishBeanFactoryInitialization(AbstractApplicationContext.java:987)
	at org.springframework.context.support.AbstractApplicationContext.refresh(AbstractApplicationContext.java:627)
	at org.springframework.boot.web.servlet.context.ServletWebServerApplicationContext.refresh(ServletWebServerApplicationContext.java:146)
	at org.springframework.boot.SpringApplication.refresh(SpringApplication.java:752)
	at org.springframework.boot.SpringApplication.refreshContext(SpringApplication.java:439)
	at org.springframework.boot.SpringApplication.run(SpringApplication.java:318)
	at org.springframework.boot.SpringApplication.run(SpringApplication.java:1361)
	at org.springframework.boot.SpringApplication.run(SpringApplication.java:1350)
	at com.mjc813.food_web.FoodWebApplication.main(FoodWebApplication.java:10)
	at java.base/jdk.internal.reflect.DirectMethodHandleAccessor.invoke(DirectMethodHandleAccessor.java:104)
	at java.base/java.lang.reflect.Method.invoke(Method.java:565)
	at org.springframework.boot.devtools.restart.RestartLauncher.run(RestartLauncher.java:50)
DEBUG 25-09-03 19:50:34[restartedMain] [NamedQuery:125] - Did not find named query FoodIngredientEntity.deleteAllByFoodEntity
DEBUG 25-09-03 19:50:34[restartedMain] [NamedQuery:144] - Looking up named query 'FoodIngredientEntity.findByFoodEntityOrderByFoodEntityAsc'
DEBUG 25-09-03 19:50:34[restartedMain] [JdbcResourceLocalTransactionCoordinatorImpl:309] - JDBC transaction marked for rollback-only (exception provided for stack trace)
java.lang.Exception: exception just for purpose of providing stack trace
	at org.hibernate.resource.transaction.backend.jdbc.internal.JdbcResourceLocalTransactionCoordinatorImpl$TransactionDriverControlImpl.markRollbackOnly(JdbcResourceLocalTransactionCoordinatorImpl.java:309)
	at org.hibernate.internal.AbstractSharedSessionContract.buildNamedQuery(AbstractSharedSessionContract.java:1141)
	at org.hibernate.internal.AbstractSharedSessionContract.createNamedQuery(AbstractSharedSessionContract.java:1019)
	at org.hibernate.internal.AbstractSharedSessionContract.createNamedQuery(AbstractSharedSessionContract.java:143)
	at java.base/jdk.internal.reflect.DirectMethodHandleAccessor.invoke(DirectMethodHandleAccessor.java:104)
	at java.base/java.lang.reflect.Method.invoke(Method.java:565)
	at org.springframework.orm.jpa.ExtendedEntityManagerCreator$ExtendedEntityManagerInvocationHandler.invoke(ExtendedEntityManagerCreator.java:364)
	at jdk.proxy3/jdk.proxy3.$Proxy133.createNamedQuery(Unknown Source)
	at org.springframework.data.jpa.repository.query.NamedQuery.hasNamedQuery(NamedQuery.java:120)
	at org.springframework.data.jpa.repository.query.NamedQuery.lookupFrom(NamedQuery.java:147)
	at org.springframework.data.jpa.repository.query.JpaQueryLookupStrategy$DeclaredQueryLookupStrategy.resolveQuery(JpaQueryLookupStrategy.java:184)
	at org.springframework.data.jpa.repository.query.JpaQueryLookupStrategy$CreateIfNotFoundQueryLookupStrategy.resolveQuery(JpaQueryLookupStrategy.java:254)
	at org.springframework.data.jpa.repository.query.JpaQueryLookupStrategy$AbstractQueryLookupStrategy.resolveQuery(JpaQueryLookupStrategy.java:99)
	at org.springframework.data.repository.core.support.QueryExecutorMethodInterceptor.lookupQuery(QueryExecutorMethodInterceptor.java:116)
	at org.springframework.data.repository.core.support.QueryExecutorMethodInterceptor.mapMethodsToQuery(QueryExecutorMethodInterceptor.java:104)
	at org.springframework.data.repository.core.support.QueryExecutorMethodInterceptor.lambda$new$0(QueryExecutorMethodInterceptor.java:92)
	at java.base/java.util.Optional.map(Optional.java:260)
	at org.springframework.data.repository.core.support.QueryExecutorMethodInterceptor.<init>(QueryExecutorMethodInterceptor.java:92)
	at org.springframework.data.repository.core.support.RepositoryFactorySupport.getRepository(RepositoryFactorySupport.java:434)
	at org.springframework.data.repository.core.support.RepositoryFactoryBeanSupport.lambda$afterPropertiesSet$4(RepositoryFactoryBeanSupport.java:350)
	at org.springframework.data.util.Lazy.getNullable(Lazy.java:135)
	at org.springframework.data.util.Lazy.get(Lazy.java:113)
	at org.springframework.data.repository.core.support.RepositoryFactoryBeanSupport.afterPropertiesSet(RepositoryFactoryBeanSupport.java:356)
	at org.springframework.data.jpa.repository.support.JpaRepositoryFactoryBean.afterPropertiesSet(JpaRepositoryFactoryBean.java:132)
	at org.springframework.beans.factory.support.AbstractAutowireCapableBeanFactory.invokeInitMethods(AbstractAutowireCapableBeanFactory.java:1873)
	at org.springframework.beans.factory.support.AbstractAutowireCapableBeanFactory.initializeBean(AbstractAutowireCapableBeanFactory.java:1822)
	at org.springframework.beans.factory.support.AbstractAutowireCapableBeanFactory.doCreateBean(AbstractAutowireCapableBeanFactory.java:607)
	at org.springframework.beans.factory.support.AbstractAutowireCapableBeanFactory.createBean(AbstractAutowireCapableBeanFactory.java:529)
	at org.springframework.beans.factory.support.AbstractBeanFactory.lambda$doGetBean$0(AbstractBeanFactory.java:339)
	at org.springframework.beans.factory.support.DefaultSingletonBeanRegistry.getSingleton(DefaultSingletonBeanRegistry.java:373)
	at org.springframework.beans.factory.support.AbstractBeanFactory.doGetBean(AbstractBeanFactory.java:337)
	at org.springframework.beans.factory.support.AbstractBeanFactory.getBean(AbstractBeanFactory.java:202)
	at org.springframework.beans.factory.support.DefaultListableBeanFactory.doResolveDependency(DefaultListableBeanFactory.java:1683)
	at org.springframework.beans.factory.support.DefaultListableBeanFactory.resolveDependency(DefaultListableBeanFactory.java:1628)
	at org.springframework.beans.factory.annotation.AutowiredAnnotationBeanPostProcessor$AutowiredFieldElement.resolveFieldValue(AutowiredAnnotationBeanPostProcessor.java:785)
	at org.springframework.beans.factory.annotation.AutowiredAnnotationBeanPostProcessor$AutowiredFieldElement.inject(AutowiredAnnotationBeanPostProcessor.java:768)
	at org.springframework.beans.factory.annotation.InjectionMetadata.inject(InjectionMetadata.java:146)
	at org.springframework.beans.factory.annotation.AutowiredAnnotationBeanPostProcessor.postProcessProperties(AutowiredAnnotationBeanPostProcessor.java:509)
	at org.springframework.beans.factory.support.AbstractAutowireCapableBeanFactory.populateBean(AbstractAutowireCapableBeanFactory.java:1459)
	at org.springframework.beans.factory.support.AbstractAutowireCapableBeanFactory.doCreateBean(AbstractAutowireCapableBeanFactory.java:606)
	at org.springframework.beans.factory.support.AbstractAutowireCapableBeanFactory.createBean(AbstractAutowireCapableBeanFactory.java:529)
	at org.springframework.beans.factory.support.AbstractBeanFactory.lambda$doGetBean$0(AbstractBeanFactory.java:339)
	at org.springframework.beans.factory.support.DefaultSingletonBeanRegistry.getSingleton(DefaultSingletonBeanRegistry.java:373)
	at org.springframework.beans.factory.support.AbstractBeanFactory.doGetBean(AbstractBeanFactory.java:337)
	at org.springframework.beans.factory.support.AbstractBeanFactory.getBean(AbstractBeanFactory.java:202)
	at org.springframework.beans.factory.support.DefaultListableBeanFactory.doResolveDependency(DefaultListableBeanFactory.java:1683)
	at org.springframework.beans.factory.support.DefaultListableBeanFactory.resolveDependency(DefaultListableBeanFactory.java:1628)
	at org.springframework.beans.factory.annotation.AutowiredAnnotationBeanPostProcessor$AutowiredFieldElement.resolveFieldValue(AutowiredAnnotationBeanPostProcessor.java:785)
	at org.springframework.beans.factory.annotation.AutowiredAnnotationBeanPostProcessor$AutowiredFieldElement.inject(AutowiredAnnotationBeanPostProcessor.java:768)
	at org.springframework.beans.factory.annotation.InjectionMetadata.inject(InjectionMetadata.java:146)
	at org.springframework.beans.factory.annotation.AutowiredAnnotationBeanPostProcessor.postProcessProperties(AutowiredAnnotationBeanPostProcessor.java:509)
	at org.springframework.beans.factory.support.AbstractAutowireCapableBeanFactory.populateBean(AbstractAutowireCapableBeanFactory.java:1459)
	at org.springframework.beans.factory.support.AbstractAutowireCapableBeanFactory.doCreateBean(AbstractAutowireCapableBeanFactory.java:606)
	at org.springframework.beans.factory.support.AbstractAutowireCapableBeanFactory.createBean(AbstractAutowireCapableBeanFactory.java:529)
	at org.springframework.beans.factory.support.AbstractBeanFactory.lambda$doGetBean$0(AbstractBeanFactory.java:339)
	at org.springframework.beans.factory.support.DefaultSingletonBeanRegistry.getSingleton(DefaultSingletonBeanRegistry.java:373)
	at org.springframework.beans.factory.support.AbstractBeanFactory.doGetBean(AbstractBeanFactory.java:337)
	at org.springframework.beans.factory.support.AbstractBeanFactory.getBean(AbstractBeanFactory.java:202)
	at org.springframework.beans.factory.support.DefaultListableBeanFactory.instantiateSingleton(DefaultListableBeanFactory.java:1222)
	at org.springframework.beans.factory.support.DefaultListableBeanFactory.preInstantiateSingleton(DefaultListableBeanFactory.java:1188)
	at org.springframework.beans.factory.support.DefaultListableBeanFactory.preInstantiateSingletons(DefaultListableBeanFactory.java:1123)
	at org.springframework.context.support.AbstractApplicationContext.finishBeanFactoryInitialization(AbstractApplicationContext.java:987)
	at org.springframework.context.support.AbstractApplicationContext.refresh(AbstractApplicationContext.java:627)
	at org.springframework.boot.web.servlet.context.ServletWebServerApplicationContext.refresh(ServletWebServerApplicationContext.java:146)
	at org.springframework.boot.SpringApplication.refresh(SpringApplication.java:752)
	at org.springframework.boot.SpringApplication.refreshContext(SpringApplication.java:439)
	at org.springframework.boot.SpringApplication.run(SpringApplication.java:318)
	at org.springframework.boot.SpringApplication.run(SpringApplication.java:1361)
	at org.springframework.boot.SpringApplication.run(SpringApplication.java:1350)
	at com.mjc813.food_web.FoodWebApplication.main(FoodWebApplication.java:10)
	at java.base/jdk.internal.reflect.DirectMethodHandleAccessor.invoke(DirectMethodHandleAccessor.java:104)
	at java.base/java.lang.reflect.Method.invoke(Method.java:565)
	at org.springframework.boot.devtools.restart.RestartLauncher.run(RestartLauncher.java:50)
DEBUG 25-09-03 19:50:34[restartedMain] [NamedQuery:125] - Did not find named query FoodIngredientEntity.findByFoodEntityOrderByFoodEntityAsc
DEBUG 25-09-03 19:50:34[restartedMain] [RepositoryFactorySupport:446] - Finished creation of repository instance for com.mjc813.food_web.food_ingredient.service.FoodIngredientRepository.
DEBUG 25-09-03 19:50:34[restartedMain] [DefaultListableBeanFactory:308] - Creating shared instance of singleton bean 'foodFileRepository'
DEBUG 25-09-03 19:50:34[restartedMain] [DefaultListableBeanFactory:308] - Creating shared instance of singleton bean 'jpa.named-queries#0'
DEBUG 25-09-03 19:50:34[restartedMain] [DefaultListableBeanFactory:308] - Creating shared instance of singleton bean 'jpa.FoodFileRepository.fragments#0'
DEBUG 25-09-03 19:50:34[restartedMain] [CachedIntrospectionResults:164] - Not strongly caching class [com.mjc813.food_web.food_file.dto.FoodFileEntity] because it is not cache-safe
DEBUG 25-09-03 19:50:34[restartedMain] [RepositoryFactorySupport:332] - Initializing repository instance for com.mjc813.food_web.food_file.service.FoodFileRepository…
DEBUG 25-09-03 19:50:34[restartedMain] [RepositoryFactorySupport:446] - Finished creation of repository instance for com.mjc813.food_web.food_file.service.FoodFileRepository.
DEBUG 25-09-03 19:50:34[restartedMain] [DefaultListableBeanFactory:308] - Creating shared instance of singleton bean 'foodRestController'
DEBUG 25-09-03 19:50:34[restartedMain] [DefaultListableBeanFactory:308] - Creating shared instance of singleton bean 'foodService'
DEBUG 25-09-03 19:50:34[restartedMain] [DefaultListableBeanFactory:308] - Creating shared instance of singleton bean 'foodMapper'
DEBUG 25-09-03 19:50:34[restartedMain] [DefaultListableBeanFactory:308] - Creating shared instance of singleton bean 'foodIngredientService'
DEBUG 25-09-03 19:50:34[restartedMain] [DefaultListableBeanFactory:308] - Creating shared instance of singleton bean 'foodIngredientMapper'
DEBUG 25-09-03 19:50:34[restartedMain] [DefaultListableBeanFactory:308] - Creating shared instance of singleton bean 'foodCategoryRestController'
DEBUG 25-09-03 19:50:34[restartedMain] [DefaultListableBeanFactory:308] - Creating shared instance of singleton bean 'foodCategoryService'
DEBUG 25-09-03 19:50:34[restartedMain] [DefaultListableBeanFactory:308] - Creating shared instance of singleton bean 'foodCategoryMapper'
DEBUG 25-09-03 19:50:34[restartedMain] [DefaultListableBeanFactory:308] - Creating shared instance of singleton bean 'foodCategoryRepository'
DEBUG 25-09-03 19:50:34[restartedMain] [DefaultListableBeanFactory:308] - Creating shared instance of singleton bean 'jpa.named-queries#6'
DEBUG 25-09-03 19:50:34[restartedMain] [DefaultListableBeanFactory:308] - Creating shared instance of singleton bean 'jpa.FoodCategoryRepository.fragments#0'
DEBUG 25-09-03 19:50:34[restartedMain] [RepositoryFactorySupport:332] - Initializing repository instance for com.mjc813.food_web.food_category.service.FoodCategoryRepository…
DEBUG 25-09-03 19:50:34[restartedMain] [NamedQuery:144] - Looking up named query 'FoodCategoryEntity.findAllByOrderByIdDesc'
DEBUG 25-09-03 19:50:34[restartedMain] [JdbcResourceLocalTransactionCoordinatorImpl:309] - JDBC transaction marked for rollback-only (exception provided for stack trace)
java.lang.Exception: exception just for purpose of providing stack trace
	at org.hibernate.resource.transaction.backend.jdbc.internal.JdbcResourceLocalTransactionCoordinatorImpl$TransactionDriverControlImpl.markRollbackOnly(JdbcResourceLocalTransactionCoordinatorImpl.java:309)
	at org.hibernate.internal.AbstractSharedSessionContract.buildNamedQuery(AbstractSharedSessionContract.java:1141)
	at org.hibernate.internal.AbstractSharedSessionContract.createNamedQuery(AbstractSharedSessionContract.java:1019)
	at org.hibernate.internal.AbstractSharedSessionContract.createNamedQuery(AbstractSharedSessionContract.java:143)
	at java.base/jdk.internal.reflect.DirectMethodHandleAccessor.invoke(DirectMethodHandleAccessor.java:104)
	at java.base/java.lang.reflect.Method.invoke(Method.java:565)
	at org.springframework.orm.jpa.ExtendedEntityManagerCreator$ExtendedEntityManagerInvocationHandler.invoke(ExtendedEntityManagerCreator.java:364)
	at jdk.proxy3/jdk.proxy3.$Proxy133.createNamedQuery(Unknown Source)
	at org.springframework.data.jpa.repository.query.NamedQuery.hasNamedQuery(NamedQuery.java:120)
	at org.springframework.data.jpa.repository.query.NamedQuery.lookupFrom(NamedQuery.java:147)
	at org.springframework.data.jpa.repository.query.JpaQueryLookupStrategy$DeclaredQueryLookupStrategy.resolveQuery(JpaQueryLookupStrategy.java:184)
	at org.springframework.data.jpa.repository.query.JpaQueryLookupStrategy$CreateIfNotFoundQueryLookupStrategy.resolveQuery(JpaQueryLookupStrategy.java:254)
	at org.springframework.data.jpa.repository.query.JpaQueryLookupStrategy$AbstractQueryLookupStrategy.resolveQuery(JpaQueryLookupStrategy.java:99)
	at org.springframework.data.repository.core.support.QueryExecutorMethodInterceptor.lookupQuery(QueryExecutorMethodInterceptor.java:116)
	at org.springframework.data.repository.core.support.QueryExecutorMethodInterceptor.mapMethodsToQuery(QueryExecutorMethodInterceptor.java:104)
	at org.springframework.data.repository.core.support.QueryExecutorMethodInterceptor.lambda$new$0(QueryExecutorMethodInterceptor.java:92)
	at java.base/java.util.Optional.map(Optional.java:260)
	at org.springframework.data.repository.core.support.QueryExecutorMethodInterceptor.<init>(QueryExecutorMethodInterceptor.java:92)
	at org.springframework.data.repository.core.support.RepositoryFactorySupport.getRepository(RepositoryFactorySupport.java:434)
	at org.springframework.data.repository.core.support.RepositoryFactoryBeanSupport.lambda$afterPropertiesSet$4(RepositoryFactoryBeanSupport.java:350)
	at org.springframework.data.util.Lazy.getNullable(Lazy.java:135)
	at org.springframework.data.util.Lazy.get(Lazy.java:113)
	at org.springframework.data.repository.core.support.RepositoryFactoryBeanSupport.afterPropertiesSet(RepositoryFactoryBeanSupport.java:356)
	at org.springframework.data.jpa.repository.support.JpaRepositoryFactoryBean.afterPropertiesSet(JpaRepositoryFactoryBean.java:132)
	at org.springframework.beans.factory.support.AbstractAutowireCapableBeanFactory.invokeInitMethods(AbstractAutowireCapableBeanFactory.java:1873)
	at org.springframework.beans.factory.support.AbstractAutowireCapableBeanFactory.initializeBean(AbstractAutowireCapableBeanFactory.java:1822)
	at org.springframework.beans.factory.support.AbstractAutowireCapableBeanFactory.doCreateBean(AbstractAutowireCapableBeanFactory.java:607)
	at org.springframework.beans.factory.support.AbstractAutowireCapableBeanFactory.createBean(AbstractAutowireCapableBeanFactory.java:529)
	at org.springframework.beans.factory.support.AbstractBeanFactory.lambda$doGetBean$0(AbstractBeanFactory.java:339)
	at org.springframework.beans.factory.support.DefaultSingletonBeanRegistry.getSingleton(DefaultSingletonBeanRegistry.java:373)
	at org.springframework.beans.factory.support.AbstractBeanFactory.doGetBean(AbstractBeanFactory.java:337)
	at org.springframework.beans.factory.support.AbstractBeanFactory.getBean(AbstractBeanFactory.java:202)
	at org.springframework.beans.factory.config.DependencyDescriptor.resolveCandidate(DependencyDescriptor.java:254)
	at org.springframework.beans.factory.support.DefaultListableBeanFactory.doResolveDependency(DefaultListableBeanFactory.java:1745)
	at org.springframework.beans.factory.support.DefaultListableBeanFactory.resolveDependency(DefaultListableBeanFactory.java:1628)
	at org.springframework.beans.factory.annotation.AutowiredAnnotationBeanPostProcessor$AutowiredFieldElement.resolveFieldValue(AutowiredAnnotationBeanPostProcessor.java:785)
	at org.springframework.beans.factory.annotation.AutowiredAnnotationBeanPostProcessor$AutowiredFieldElement.inject(AutowiredAnnotationBeanPostProcessor.java:768)
	at org.springframework.beans.factory.annotation.InjectionMetadata.inject(InjectionMetadata.java:146)
	at org.springframework.beans.factory.annotation.AutowiredAnnotationBeanPostProcessor.postProcessProperties(AutowiredAnnotationBeanPostProcessor.java:509)
	at org.springframework.beans.factory.support.AbstractAutowireCapableBeanFactory.populateBean(AbstractAutowireCapableBeanFactory.java:1459)
	at org.springframework.beans.factory.support.AbstractAutowireCapableBeanFactory.doCreateBean(AbstractAutowireCapableBeanFactory.java:606)
	at org.springframework.beans.factory.support.AbstractAutowireCapableBeanFactory.createBean(AbstractAutowireCapableBeanFactory.java:529)
	at org.springframework.beans.factory.support.AbstractBeanFactory.lambda$doGetBean$0(AbstractBeanFactory.java:339)
	at org.springframework.beans.factory.support.DefaultSingletonBeanRegistry.getSingleton(DefaultSingletonBeanRegistry.java:373)
	at org.springframework.beans.factory.support.AbstractBeanFactory.doGetBean(AbstractBeanFactory.java:337)
	at org.springframework.beans.factory.support.AbstractBeanFactory.getBean(AbstractBeanFactory.java:202)
	at org.springframework.beans.factory.support.DefaultListableBeanFactory.doResolveDependency(DefaultListableBeanFactory.java:1683)
	at org.springframework.beans.factory.support.DefaultListableBeanFactory.resolveDependency(DefaultListableBeanFactory.java:1628)
	at org.springframework.beans.factory.annotation.AutowiredAnnotationBeanPostProcessor$AutowiredFieldElement.resolveFieldValue(AutowiredAnnotationBeanPostProcessor.java:785)
	at org.springframework.beans.factory.annotation.AutowiredAnnotationBeanPostProcessor$AutowiredFieldElement.inject(AutowiredAnnotationBeanPostProcessor.java:768)
	at org.springframework.beans.factory.annotation.InjectionMetadata.inject(InjectionMetadata.java:146)
	at org.springframework.beans.factory.annotation.AutowiredAnnotationBeanPostProcessor.postProcessProperties(AutowiredAnnotationBeanPostProcessor.java:509)
	at org.springframework.beans.factory.support.AbstractAutowireCapableBeanFactory.populateBean(AbstractAutowireCapableBeanFactory.java:1459)
	at org.springframework.beans.factory.support.AbstractAutowireCapableBeanFactory.doCreateBean(AbstractAutowireCapableBeanFactory.java:606)
	at org.springframework.beans.factory.support.AbstractAutowireCapableBeanFactory.createBean(AbstractAutowireCapableBeanFactory.java:529)
	at org.springframework.beans.factory.support.AbstractBeanFactory.lambda$doGetBean$0(AbstractBeanFactory.java:339)
	at org.springframework.beans.factory.support.DefaultSingletonBeanRegistry.getSingleton(DefaultSingletonBeanRegistry.java:373)
	at org.springframework.beans.factory.support.AbstractBeanFactory.doGetBean(AbstractBeanFactory.java:337)
	at org.springframework.beans.factory.support.AbstractBeanFactory.getBean(AbstractBeanFactory.java:202)
	at org.springframework.beans.factory.support.DefaultListableBeanFactory.instantiateSingleton(DefaultListableBeanFactory.java:1222)
	at org.springframework.beans.factory.support.DefaultListableBeanFactory.preInstantiateSingleton(DefaultListableBeanFactory.java:1188)
	at org.springframework.beans.factory.support.DefaultListableBeanFactory.preInstantiateSingletons(DefaultListableBeanFactory.java:1123)
	at org.springframework.context.support.AbstractApplicationContext.finishBeanFactoryInitialization(AbstractApplicationContext.java:987)
	at org.springframework.context.support.AbstractApplicationContext.refresh(AbstractApplicationContext.java:627)
	at org.springframework.boot.web.servlet.context.ServletWebServerApplicationContext.refresh(ServletWebServerApplicationContext.java:146)
	at org.springframework.boot.SpringApplication.refresh(SpringApplication.java:752)
	at org.springframework.boot.SpringApplication.refreshContext(SpringApplication.java:439)
	at org.springframework.boot.SpringApplication.run(SpringApplication.java:318)
	at org.springframework.boot.SpringApplication.run(SpringApplication.java:1361)
	at org.springframework.boot.SpringApplication.run(SpringApplication.java:1350)
	at com.mjc813.food_web.FoodWebApplication.main(FoodWebApplication.java:10)
	at java.base/jdk.internal.reflect.DirectMethodHandleAccessor.invoke(DirectMethodHandleAccessor.java:104)
	at java.base/java.lang.reflect.Method.invoke(Method.java:565)
	at org.springframework.boot.devtools.restart.RestartLauncher.run(RestartLauncher.java:50)
DEBUG 25-09-03 19:50:34[restartedMain] [NamedQuery:125] - Did not find named query FoodCategoryEntity.findAllByOrderByIdDesc
DEBUG 25-09-03 19:50:34[restartedMain] [NamedQuery:144] - Looking up named query 'FoodCategoryEntity.findByNameContains'
DEBUG 25-09-03 19:50:34[restartedMain] [JdbcResourceLocalTransactionCoordinatorImpl:309] - JDBC transaction marked for rollback-only (exception provided for stack trace)
java.lang.Exception: exception just for purpose of providing stack trace
	at org.hibernate.resource.transaction.backend.jdbc.internal.JdbcResourceLocalTransactionCoordinatorImpl$TransactionDriverControlImpl.markRollbackOnly(JdbcResourceLocalTransactionCoordinatorImpl.java:309)
	at org.hibernate.internal.AbstractSharedSessionContract.buildNamedQuery(AbstractSharedSessionContract.java:1141)
	at org.hibernate.internal.AbstractSharedSessionContract.createNamedQuery(AbstractSharedSessionContract.java:1019)
	at org.hibernate.internal.AbstractSharedSessionContract.createNamedQuery(AbstractSharedSessionContract.java:143)
	at java.base/jdk.internal.reflect.DirectMethodHandleAccessor.invoke(DirectMethodHandleAccessor.java:104)
	at java.base/java.lang.reflect.Method.invoke(Method.java:565)
	at org.springframework.orm.jpa.ExtendedEntityManagerCreator$ExtendedEntityManagerInvocationHandler.invoke(ExtendedEntityManagerCreator.java:364)
	at jdk.proxy3/jdk.proxy3.$Proxy133.createNamedQuery(Unknown Source)
	at org.springframework.data.jpa.repository.query.NamedQuery.hasNamedQuery(NamedQuery.java:120)
	at org.springframework.data.jpa.repository.query.NamedQuery.lookupFrom(NamedQuery.java:147)
	at org.springframework.data.jpa.repository.query.JpaQueryLookupStrategy$DeclaredQueryLookupStrategy.resolveQuery(JpaQueryLookupStrategy.java:184)
	at org.springframework.data.jpa.repository.query.JpaQueryLookupStrategy$CreateIfNotFoundQueryLookupStrategy.resolveQuery(JpaQueryLookupStrategy.java:254)
	at org.springframework.data.jpa.repository.query.JpaQueryLookupStrategy$AbstractQueryLookupStrategy.resolveQuery(JpaQueryLookupStrategy.java:99)
	at org.springframework.data.repository.core.support.QueryExecutorMethodInterceptor.lookupQuery(QueryExecutorMethodInterceptor.java:116)
	at org.springframework.data.repository.core.support.QueryExecutorMethodInterceptor.mapMethodsToQuery(QueryExecutorMethodInterceptor.java:104)
	at org.springframework.data.repository.core.support.QueryExecutorMethodInterceptor.lambda$new$0(QueryExecutorMethodInterceptor.java:92)
	at java.base/java.util.Optional.map(Optional.java:260)
	at org.springframework.data.repository.core.support.QueryExecutorMethodInterceptor.<init>(QueryExecutorMethodInterceptor.java:92)
	at org.springframework.data.repository.core.support.RepositoryFactorySupport.getRepository(RepositoryFactorySupport.java:434)
	at org.springframework.data.repository.core.support.RepositoryFactoryBeanSupport.lambda$afterPropertiesSet$4(RepositoryFactoryBeanSupport.java:350)
	at org.springframework.data.util.Lazy.getNullable(Lazy.java:135)
	at org.springframework.data.util.Lazy.get(Lazy.java:113)
	at org.springframework.data.repository.core.support.RepositoryFactoryBeanSupport.afterPropertiesSet(RepositoryFactoryBeanSupport.java:356)
	at org.springframework.data.jpa.repository.support.JpaRepositoryFactoryBean.afterPropertiesSet(JpaRepositoryFactoryBean.java:132)
	at org.springframework.beans.factory.support.AbstractAutowireCapableBeanFactory.invokeInitMethods(AbstractAutowireCapableBeanFactory.java:1873)
	at org.springframework.beans.factory.support.AbstractAutowireCapableBeanFactory.initializeBean(AbstractAutowireCapableBeanFactory.java:1822)
	at org.springframework.beans.factory.support.AbstractAutowireCapableBeanFactory.doCreateBean(AbstractAutowireCapableBeanFactory.java:607)
	at org.springframework.beans.factory.support.AbstractAutowireCapableBeanFactory.createBean(AbstractAutowireCapableBeanFactory.java:529)
	at org.springframework.beans.factory.support.AbstractBeanFactory.lambda$doGetBean$0(AbstractBeanFactory.java:339)
	at org.springframework.beans.factory.support.DefaultSingletonBeanRegistry.getSingleton(DefaultSingletonBeanRegistry.java:373)
	at org.springframework.beans.factory.support.AbstractBeanFactory.doGetBean(AbstractBeanFactory.java:337)
	at org.springframework.beans.factory.support.AbstractBeanFactory.getBean(AbstractBeanFactory.java:202)
	at org.springframework.beans.factory.config.DependencyDescriptor.resolveCandidate(DependencyDescriptor.java:254)
	at org.springframework.beans.factory.support.DefaultListableBeanFactory.doResolveDependency(DefaultListableBeanFactory.java:1745)
	at org.springframework.beans.factory.support.DefaultListableBeanFactory.resolveDependency(DefaultListableBeanFactory.java:1628)
	at org.springframework.beans.factory.annotation.AutowiredAnnotationBeanPostProcessor$AutowiredFieldElement.resolveFieldValue(AutowiredAnnotationBeanPostProcessor.java:785)
	at org.springframework.beans.factory.annotation.AutowiredAnnotationBeanPostProcessor$AutowiredFieldElement.inject(AutowiredAnnotationBeanPostProcessor.java:768)
	at org.springframework.beans.factory.annotation.InjectionMetadata.inject(InjectionMetadata.java:146)
	at org.springframework.beans.factory.annotation.AutowiredAnnotationBeanPostProcessor.postProcessProperties(AutowiredAnnotationBeanPostProcessor.java:509)
	at org.springframework.beans.factory.support.AbstractAutowireCapableBeanFactory.populateBean(AbstractAutowireCapableBeanFactory.java:1459)
	at org.springframework.beans.factory.support.AbstractAutowireCapableBeanFactory.doCreateBean(AbstractAutowireCapableBeanFactory.java:606)
	at org.springframework.beans.factory.support.AbstractAutowireCapableBeanFactory.createBean(AbstractAutowireCapableBeanFactory.java:529)
	at org.springframework.beans.factory.support.AbstractBeanFactory.lambda$doGetBean$0(AbstractBeanFactory.java:339)
	at org.springframework.beans.factory.support.DefaultSingletonBeanRegistry.getSingleton(DefaultSingletonBeanRegistry.java:373)
	at org.springframework.beans.factory.support.AbstractBeanFactory.doGetBean(AbstractBeanFactory.java:337)
	at org.springframework.beans.factory.support.AbstractBeanFactory.getBean(AbstractBeanFactory.java:202)
	at org.springframework.beans.factory.support.DefaultListableBeanFactory.doResolveDependency(DefaultListableBeanFactory.java:1683)
	at org.springframework.beans.factory.support.DefaultListableBeanFactory.resolveDependency(DefaultListableBeanFactory.java:1628)
	at org.springframework.beans.factory.annotation.AutowiredAnnotationBeanPostProcessor$AutowiredFieldElement.resolveFieldValue(AutowiredAnnotationBeanPostProcessor.java:785)
	at org.springframework.beans.factory.annotation.AutowiredAnnotationBeanPostProcessor$AutowiredFieldElement.inject(AutowiredAnnotationBeanPostProcessor.java:768)
	at org.springframework.beans.factory.annotation.InjectionMetadata.inject(InjectionMetadata.java:146)
	at org.springframework.beans.factory.annotation.AutowiredAnnotationBeanPostProcessor.postProcessProperties(AutowiredAnnotationBeanPostProcessor.java:509)
	at org.springframework.beans.factory.support.AbstractAutowireCapableBeanFactory.populateBean(AbstractAutowireCapableBeanFactory.java:1459)
	at org.springframework.beans.factory.support.AbstractAutowireCapableBeanFactory.doCreateBean(AbstractAutowireCapableBeanFactory.java:606)
	at org.springframework.beans.factory.support.AbstractAutowireCapableBeanFactory.createBean(AbstractAutowireCapableBeanFactory.java:529)
	at org.springframework.beans.factory.support.AbstractBeanFactory.lambda$doGetBean$0(AbstractBeanFactory.java:339)
	at org.springframework.beans.factory.support.DefaultSingletonBeanRegistry.getSingleton(DefaultSingletonBeanRegistry.java:373)
	at org.springframework.beans.factory.support.AbstractBeanFactory.doGetBean(AbstractBeanFactory.java:337)
	at org.springframework.beans.factory.support.AbstractBeanFactory.getBean(AbstractBeanFactory.java:202)
	at org.springframework.beans.factory.support.DefaultListableBeanFactory.instantiateSingleton(DefaultListableBeanFactory.java:1222)
	at org.springframework.beans.factory.support.DefaultListableBeanFactory.preInstantiateSingleton(DefaultListableBeanFactory.java:1188)
	at org.springframework.beans.factory.support.DefaultListableBeanFactory.preInstantiateSingletons(DefaultListableBeanFactory.java:1123)
	at org.springframework.context.support.AbstractApplicationContext.finishBeanFactoryInitialization(AbstractApplicationContext.java:987)
	at org.springframework.context.support.AbstractApplicationContext.refresh(AbstractApplicationContext.java:627)
	at org.springframework.boot.web.servlet.context.ServletWebServerApplicationContext.refresh(ServletWebServerApplicationContext.java:146)
	at org.springframework.boot.SpringApplication.refresh(SpringApplication.java:752)
	at org.springframework.boot.SpringApplication.refreshContext(SpringApplication.java:439)
	at org.springframework.boot.SpringApplication.run(SpringApplication.java:318)
	at org.springframework.boot.SpringApplication.run(SpringApplication.java:1361)
	at org.springframework.boot.SpringApplication.run(SpringApplication.java:1350)
	at com.mjc813.food_web.FoodWebApplication.main(FoodWebApplication.java:10)
	at java.base/jdk.internal.reflect.DirectMethodHandleAccessor.invoke(DirectMethodHandleAccessor.java:104)
	at java.base/java.lang.reflect.Method.invoke(Method.java:565)
	at org.springframework.boot.devtools.restart.RestartLauncher.run(RestartLauncher.java:50)
DEBUG 25-09-03 19:50:34[restartedMain] [NamedQuery:125] - Did not find named query FoodCategoryEntity.findByNameContains
DEBUG 25-09-03 19:50:34[restartedMain] [RepositoryFactorySupport:446] - Finished creation of repository instance for com.mjc813.food_web.food_category.service.FoodCategoryRepository.
DEBUG 25-09-03 19:50:34[restartedMain] [DefaultListableBeanFactory:308] - Creating shared instance of singleton bean 'fileRestController'
DEBUG 25-09-03 19:50:34[restartedMain] [DefaultListableBeanFactory:308] - Creating shared instance of singleton bean 'foodFileService'
DEBUG 25-09-03 19:50:34[restartedMain] [DefaultListableBeanFactory:308] - Creating shared instance of singleton bean 'foodIngredientRestController'
DEBUG 25-09-03 19:50:34[restartedMain] [DefaultListableBeanFactory:308] - Creating shared instance of singleton bean 'ingredienRestController'
DEBUG 25-09-03 19:50:34[restartedMain] [DefaultListableBeanFactory:308] - Creating shared instance of singleton bean 'ingredientService'
DEBUG 25-09-03 19:50:34[restartedMain] [DefaultListableBeanFactory:308] - Creating shared instance of singleton bean 'ingredientMapper'
DEBUG 25-09-03 19:50:34[restartedMain] [DefaultListableBeanFactory:308] - Creating shared instance of singleton bean 'ingredientRepository'
DEBUG 25-09-03 19:50:34[restartedMain] [DefaultListableBeanFactory:308] - Creating shared instance of singleton bean 'jpa.named-queries#3'
DEBUG 25-09-03 19:50:34[restartedMain] [DefaultListableBeanFactory:308] - Creating shared instance of singleton bean 'jpa.IngredientRepository.fragments#0'
DEBUG 25-09-03 19:50:34[restartedMain] [RepositoryFactorySupport:332] - Initializing repository instance for com.mjc813.food_web.ingredient.service.IngredientRepository…
DEBUG 25-09-03 19:50:34[restartedMain] [NamedQuery:144] - Looking up named query 'IngredientEntity.findAllByOrderByIdDesc'
DEBUG 25-09-03 19:50:34[restartedMain] [JdbcResourceLocalTransactionCoordinatorImpl:309] - JDBC transaction marked for rollback-only (exception provided for stack trace)
java.lang.Exception: exception just for purpose of providing stack trace
	at org.hibernate.resource.transaction.backend.jdbc.internal.JdbcResourceLocalTransactionCoordinatorImpl$TransactionDriverControlImpl.markRollbackOnly(JdbcResourceLocalTransactionCoordinatorImpl.java:309)
	at org.hibernate.internal.AbstractSharedSessionContract.buildNamedQuery(AbstractSharedSessionContract.java:1141)
	at org.hibernate.internal.AbstractSharedSessionContract.createNamedQuery(AbstractSharedSessionContract.java:1019)
	at org.hibernate.internal.AbstractSharedSessionContract.createNamedQuery(AbstractSharedSessionContract.java:143)
	at java.base/jdk.internal.reflect.DirectMethodHandleAccessor.invoke(DirectMethodHandleAccessor.java:104)
	at java.base/java.lang.reflect.Method.invoke(Method.java:565)
	at org.springframework.orm.jpa.ExtendedEntityManagerCreator$ExtendedEntityManagerInvocationHandler.invoke(ExtendedEntityManagerCreator.java:364)
	at jdk.proxy3/jdk.proxy3.$Proxy133.createNamedQuery(Unknown Source)
	at org.springframework.data.jpa.repository.query.NamedQuery.hasNamedQuery(NamedQuery.java:120)
	at org.springframework.data.jpa.repository.query.NamedQuery.lookupFrom(NamedQuery.java:147)
	at org.springframework.data.jpa.repository.query.JpaQueryLookupStrategy$DeclaredQueryLookupStrategy.resolveQuery(JpaQueryLookupStrategy.java:184)
	at org.springframework.data.jpa.repository.query.JpaQueryLookupStrategy$CreateIfNotFoundQueryLookupStrategy.resolveQuery(JpaQueryLookupStrategy.java:254)
	at org.springframework.data.jpa.repository.query.JpaQueryLookupStrategy$AbstractQueryLookupStrategy.resolveQuery(JpaQueryLookupStrategy.java:99)
	at org.springframework.data.repository.core.support.QueryExecutorMethodInterceptor.lookupQuery(QueryExecutorMethodInterceptor.java:116)
	at org.springframework.data.repository.core.support.QueryExecutorMethodInterceptor.mapMethodsToQuery(QueryExecutorMethodInterceptor.java:104)
	at org.springframework.data.repository.core.support.QueryExecutorMethodInterceptor.lambda$new$0(QueryExecutorMethodInterceptor.java:92)
	at java.base/java.util.Optional.map(Optional.java:260)
	at org.springframework.data.repository.core.support.QueryExecutorMethodInterceptor.<init>(QueryExecutorMethodInterceptor.java:92)
	at org.springframework.data.repository.core.support.RepositoryFactorySupport.getRepository(RepositoryFactorySupport.java:434)
	at org.springframework.data.repository.core.support.RepositoryFactoryBeanSupport.lambda$afterPropertiesSet$4(RepositoryFactoryBeanSupport.java:350)
	at org.springframework.data.util.Lazy.getNullable(Lazy.java:135)
	at org.springframework.data.util.Lazy.get(Lazy.java:113)
	at org.springframework.data.repository.core.support.RepositoryFactoryBeanSupport.afterPropertiesSet(RepositoryFactoryBeanSupport.java:356)
	at org.springframework.data.jpa.repository.support.JpaRepositoryFactoryBean.afterPropertiesSet(JpaRepositoryFactoryBean.java:132)
	at org.springframework.beans.factory.support.AbstractAutowireCapableBeanFactory.invokeInitMethods(AbstractAutowireCapableBeanFactory.java:1873)
	at org.springframework.beans.factory.support.AbstractAutowireCapableBeanFactory.initializeBean(AbstractAutowireCapableBeanFactory.java:1822)
	at org.springframework.beans.factory.support.AbstractAutowireCapableBeanFactory.doCreateBean(AbstractAutowireCapableBeanFactory.java:607)
	at org.springframework.beans.factory.support.AbstractAutowireCapableBeanFactory.createBean(AbstractAutowireCapableBeanFactory.java:529)
	at org.springframework.beans.factory.support.AbstractBeanFactory.lambda$doGetBean$0(AbstractBeanFactory.java:339)
	at org.springframework.beans.factory.support.DefaultSingletonBeanRegistry.getSingleton(DefaultSingletonBeanRegistry.java:373)
	at org.springframework.beans.factory.support.AbstractBeanFactory.doGetBean(AbstractBeanFactory.java:337)
	at org.springframework.beans.factory.support.AbstractBeanFactory.getBean(AbstractBeanFactory.java:202)
	at org.springframework.beans.factory.config.DependencyDescriptor.resolveCandidate(DependencyDescriptor.java:254)
	at org.springframework.beans.factory.support.DefaultListableBeanFactory.doResolveDependency(DefaultListableBeanFactory.java:1745)
	at org.springframework.beans.factory.support.DefaultListableBeanFactory.resolveDependency(DefaultListableBeanFactory.java:1628)
	at org.springframework.beans.factory.annotation.AutowiredAnnotationBeanPostProcessor$AutowiredFieldElement.resolveFieldValue(AutowiredAnnotationBeanPostProcessor.java:785)
	at org.springframework.beans.factory.annotation.AutowiredAnnotationBeanPostProcessor$AutowiredFieldElement.inject(AutowiredAnnotationBeanPostProcessor.java:768)
	at org.springframework.beans.factory.annotation.InjectionMetadata.inject(InjectionMetadata.java:146)
	at org.springframework.beans.factory.annotation.AutowiredAnnotationBeanPostProcessor.postProcessProperties(AutowiredAnnotationBeanPostProcessor.java:509)
	at org.springframework.beans.factory.support.AbstractAutowireCapableBeanFactory.populateBean(AbstractAutowireCapableBeanFactory.java:1459)
	at org.springframework.beans.factory.support.AbstractAutowireCapableBeanFactory.doCreateBean(AbstractAutowireCapableBeanFactory.java:606)
	at org.springframework.beans.factory.support.AbstractAutowireCapableBeanFactory.createBean(AbstractAutowireCapableBeanFactory.java:529)
	at org.springframework.beans.factory.support.AbstractBeanFactory.lambda$doGetBean$0(AbstractBeanFactory.java:339)
	at org.springframework.beans.factory.support.DefaultSingletonBeanRegistry.getSingleton(DefaultSingletonBeanRegistry.java:373)
	at org.springframework.beans.factory.support.AbstractBeanFactory.doGetBean(AbstractBeanFactory.java:337)
	at org.springframework.beans.factory.support.AbstractBeanFactory.getBean(AbstractBeanFactory.java:202)
	at org.springframework.beans.factory.support.DefaultListableBeanFactory.doResolveDependency(DefaultListableBeanFactory.java:1683)
	at org.springframework.beans.factory.support.DefaultListableBeanFactory.resolveDependency(DefaultListableBeanFactory.java:1628)
	at org.springframework.beans.factory.annotation.AutowiredAnnotationBeanPostProcessor$AutowiredFieldElement.resolveFieldValue(AutowiredAnnotationBeanPostProcessor.java:785)
	at org.springframework.beans.factory.annotation.AutowiredAnnotationBeanPostProcessor$AutowiredFieldElement.inject(AutowiredAnnotationBeanPostProcessor.java:768)
	at org.springframework.beans.factory.annotation.InjectionMetadata.inject(InjectionMetadata.java:146)
	at org.springframework.beans.factory.annotation.AutowiredAnnotationBeanPostProcessor.postProcessProperties(AutowiredAnnotationBeanPostProcessor.java:509)
	at org.springframework.beans.factory.support.AbstractAutowireCapableBeanFactory.populateBean(AbstractAutowireCapableBeanFactory.java:1459)
	at org.springframework.beans.factory.support.AbstractAutowireCapableBeanFactory.doCreateBean(AbstractAutowireCapableBeanFactory.java:606)
	at org.springframework.beans.factory.support.AbstractAutowireCapableBeanFactory.createBean(AbstractAutowireCapableBeanFactory.java:529)
	at org.springframework.beans.factory.support.AbstractBeanFactory.lambda$doGetBean$0(AbstractBeanFactory.java:339)
	at org.springframework.beans.factory.support.DefaultSingletonBeanRegistry.getSingleton(DefaultSingletonBeanRegistry.java:373)
	at org.springframework.beans.factory.support.AbstractBeanFactory.doGetBean(AbstractBeanFactory.java:337)
	at org.springframework.beans.factory.support.AbstractBeanFactory.getBean(AbstractBeanFactory.java:202)
	at org.springframework.beans.factory.support.DefaultListableBeanFactory.instantiateSingleton(DefaultListableBeanFactory.java:1222)
	at org.springframework.beans.factory.support.DefaultListableBeanFactory.preInstantiateSingleton(DefaultListableBeanFactory.java:1188)
	at org.springframework.beans.factory.support.DefaultListableBeanFactory.preInstantiateSingletons(DefaultListableBeanFactory.java:1123)
	at org.springframework.context.support.AbstractApplicationContext.finishBeanFactoryInitialization(AbstractApplicationContext.java:987)
	at org.springframework.context.support.AbstractApplicationContext.refresh(AbstractApplicationContext.java:627)
	at org.springframework.boot.web.servlet.context.ServletWebServerApplicationContext.refresh(ServletWebServerApplicationContext.java:146)
	at org.springframework.boot.SpringApplication.refresh(SpringApplication.java:752)
	at org.springframework.boot.SpringApplication.refreshContext(SpringApplication.java:439)
	at org.springframework.boot.SpringApplication.run(SpringApplication.java:318)
	at org.springframework.boot.SpringApplication.run(SpringApplication.java:1361)
	at org.springframework.boot.SpringApplication.run(SpringApplication.java:1350)
	at com.mjc813.food_web.FoodWebApplication.main(FoodWebApplication.java:10)
	at java.base/jdk.internal.reflect.DirectMethodHandleAccessor.invoke(DirectMethodHandleAccessor.java:104)
	at java.base/java.lang.reflect.Method.invoke(Method.java:565)
	at org.springframework.boot.devtools.restart.RestartLauncher.run(RestartLauncher.java:50)
DEBUG 25-09-03 19:50:34[restartedMain] [NamedQuery:125] - Did not find named query IngredientEntity.findAllByOrderByIdDesc
DEBUG 25-09-03 19:50:34[restartedMain] [RepositoryFactorySupport:446] - Finished creation of repository instance for com.mjc813.food_web.ingredient.service.IngredientRepository.
DEBUG 25-09-03 19:50:34[restartedMain] [DefaultListableBeanFactory:308] - Creating shared instance of singleton bean 'ingredientCategoryRestController'
DEBUG 25-09-03 19:50:34[restartedMain] [DefaultListableBeanFactory:308] - Creating shared instance of singleton bean 'ingredientCategoryService'
DEBUG 25-09-03 19:50:34[restartedMain] [DefaultListableBeanFactory:308] - Creating shared instance of singleton bean 'ingredientCategoryMapper'
DEBUG 25-09-03 19:50:34[restartedMain] [DefaultListableBeanFactory:308] - Creating shared instance of singleton bean 'ingredientCategoryRepository'
DEBUG 25-09-03 19:50:34[restartedMain] [DefaultListableBeanFactory:308] - Creating shared instance of singleton bean 'jpa.named-queries#1'
DEBUG 25-09-03 19:50:34[restartedMain] [DefaultListableBeanFactory:308] - Creating shared instance of singleton bean 'jpa.IngredientCategoryRepository.fragments#0'
DEBUG 25-09-03 19:50:34[restartedMain] [RepositoryFactorySupport:332] - Initializing repository instance for com.mjc813.food_web.ingredient_category.service.IngredientCategoryRepository…
DEBUG 25-09-03 19:50:34[restartedMain] [NamedQuery:144] - Looking up named query 'IngredientCategoryEntity.findAllByOrderByIdDesc'
DEBUG 25-09-03 19:50:34[restartedMain] [JdbcResourceLocalTransactionCoordinatorImpl:309] - JDBC transaction marked for rollback-only (exception provided for stack trace)
java.lang.Exception: exception just for purpose of providing stack trace
	at org.hibernate.resource.transaction.backend.jdbc.internal.JdbcResourceLocalTransactionCoordinatorImpl$TransactionDriverControlImpl.markRollbackOnly(JdbcResourceLocalTransactionCoordinatorImpl.java:309)
	at org.hibernate.internal.AbstractSharedSessionContract.buildNamedQuery(AbstractSharedSessionContract.java:1141)
	at org.hibernate.internal.AbstractSharedSessionContract.createNamedQuery(AbstractSharedSessionContract.java:1019)
	at org.hibernate.internal.AbstractSharedSessionContract.createNamedQuery(AbstractSharedSessionContract.java:143)
	at java.base/jdk.internal.reflect.DirectMethodHandleAccessor.invoke(DirectMethodHandleAccessor.java:104)
	at java.base/java.lang.reflect.Method.invoke(Method.java:565)
	at org.springframework.orm.jpa.ExtendedEntityManagerCreator$ExtendedEntityManagerInvocationHandler.invoke(ExtendedEntityManagerCreator.java:364)
	at jdk.proxy3/jdk.proxy3.$Proxy133.createNamedQuery(Unknown Source)
	at org.springframework.data.jpa.repository.query.NamedQuery.hasNamedQuery(NamedQuery.java:120)
	at org.springframework.data.jpa.repository.query.NamedQuery.lookupFrom(NamedQuery.java:147)
	at org.springframework.data.jpa.repository.query.JpaQueryLookupStrategy$DeclaredQueryLookupStrategy.resolveQuery(JpaQueryLookupStrategy.java:184)
	at org.springframework.data.jpa.repository.query.JpaQueryLookupStrategy$CreateIfNotFoundQueryLookupStrategy.resolveQuery(JpaQueryLookupStrategy.java:254)
	at org.springframework.data.jpa.repository.query.JpaQueryLookupStrategy$AbstractQueryLookupStrategy.resolveQuery(JpaQueryLookupStrategy.java:99)
	at org.springframework.data.repository.core.support.QueryExecutorMethodInterceptor.lookupQuery(QueryExecutorMethodInterceptor.java:116)
	at org.springframework.data.repository.core.support.QueryExecutorMethodInterceptor.mapMethodsToQuery(QueryExecutorMethodInterceptor.java:104)
	at org.springframework.data.repository.core.support.QueryExecutorMethodInterceptor.lambda$new$0(QueryExecutorMethodInterceptor.java:92)
	at java.base/java.util.Optional.map(Optional.java:260)
	at org.springframework.data.repository.core.support.QueryExecutorMethodInterceptor.<init>(QueryExecutorMethodInterceptor.java:92)
	at org.springframework.data.repository.core.support.RepositoryFactorySupport.getRepository(RepositoryFactorySupport.java:434)
	at org.springframework.data.repository.core.support.RepositoryFactoryBeanSupport.lambda$afterPropertiesSet$4(RepositoryFactoryBeanSupport.java:350)
	at org.springframework.data.util.Lazy.getNullable(Lazy.java:135)
	at org.springframework.data.util.Lazy.get(Lazy.java:113)
	at org.springframework.data.repository.core.support.RepositoryFactoryBeanSupport.afterPropertiesSet(RepositoryFactoryBeanSupport.java:356)
	at org.springframework.data.jpa.repository.support.JpaRepositoryFactoryBean.afterPropertiesSet(JpaRepositoryFactoryBean.java:132)
	at org.springframework.beans.factory.support.AbstractAutowireCapableBeanFactory.invokeInitMethods(AbstractAutowireCapableBeanFactory.java:1873)
	at org.springframework.beans.factory.support.AbstractAutowireCapableBeanFactory.initializeBean(AbstractAutowireCapableBeanFactory.java:1822)
	at org.springframework.beans.factory.support.AbstractAutowireCapableBeanFactory.doCreateBean(AbstractAutowireCapableBeanFactory.java:607)
	at org.springframework.beans.factory.support.AbstractAutowireCapableBeanFactory.createBean(AbstractAutowireCapableBeanFactory.java:529)
	at org.springframework.beans.factory.support.AbstractBeanFactory.lambda$doGetBean$0(AbstractBeanFactory.java:339)
	at org.springframework.beans.factory.support.DefaultSingletonBeanRegistry.getSingleton(DefaultSingletonBeanRegistry.java:373)
	at org.springframework.beans.factory.support.AbstractBeanFactory.doGetBean(AbstractBeanFactory.java:337)
	at org.springframework.beans.factory.support.AbstractBeanFactory.getBean(AbstractBeanFactory.java:202)
	at org.springframework.beans.factory.config.DependencyDescriptor.resolveCandidate(DependencyDescriptor.java:254)
	at org.springframework.beans.factory.support.DefaultListableBeanFactory.doResolveDependency(DefaultListableBeanFactory.java:1745)
	at org.springframework.beans.factory.support.DefaultListableBeanFactory.resolveDependency(DefaultListableBeanFactory.java:1628)
	at org.springframework.beans.factory.annotation.AutowiredAnnotationBeanPostProcessor$AutowiredFieldElement.resolveFieldValue(AutowiredAnnotationBeanPostProcessor.java:785)
	at org.springframework.beans.factory.annotation.AutowiredAnnotationBeanPostProcessor$AutowiredFieldElement.inject(AutowiredAnnotationBeanPostProcessor.java:768)
	at org.springframework.beans.factory.annotation.InjectionMetadata.inject(InjectionMetadata.java:146)
	at org.springframework.beans.factory.annotation.AutowiredAnnotationBeanPostProcessor.postProcessProperties(AutowiredAnnotationBeanPostProcessor.java:509)
	at org.springframework.beans.factory.support.AbstractAutowireCapableBeanFactory.populateBean(AbstractAutowireCapableBeanFactory.java:1459)
	at org.springframework.beans.factory.support.AbstractAutowireCapableBeanFactory.doCreateBean(AbstractAutowireCapableBeanFactory.java:606)
	at org.springframework.beans.factory.support.AbstractAutowireCapableBeanFactory.createBean(AbstractAutowireCapableBeanFactory.java:529)
	at org.springframework.beans.factory.support.AbstractBeanFactory.lambda$doGetBean$0(AbstractBeanFactory.java:339)
	at org.springframework.beans.factory.support.DefaultSingletonBeanRegistry.getSingleton(DefaultSingletonBeanRegistry.java:373)
	at org.springframework.beans.factory.support.AbstractBeanFactory.doGetBean(AbstractBeanFactory.java:337)
	at org.springframework.beans.factory.support.AbstractBeanFactory.getBean(AbstractBeanFactory.java:202)
	at org.springframework.beans.factory.support.DefaultListableBeanFactory.doResolveDependency(DefaultListableBeanFactory.java:1683)
	at org.springframework.beans.factory.support.DefaultListableBeanFactory.resolveDependency(DefaultListableBeanFactory.java:1628)
	at org.springframework.beans.factory.annotation.AutowiredAnnotationBeanPostProcessor$AutowiredFieldElement.resolveFieldValue(AutowiredAnnotationBeanPostProcessor.java:785)
	at org.springframework.beans.factory.annotation.AutowiredAnnotationBeanPostProcessor$AutowiredFieldElement.inject(AutowiredAnnotationBeanPostProcessor.java:768)
	at org.springframework.beans.factory.annotation.InjectionMetadata.inject(InjectionMetadata.java:146)
	at org.springframework.beans.factory.annotation.AutowiredAnnotationBeanPostProcessor.postProcessProperties(AutowiredAnnotationBeanPostProcessor.java:509)
	at org.springframework.beans.factory.support.AbstractAutowireCapableBeanFactory.populateBean(AbstractAutowireCapableBeanFactory.java:1459)
	at org.springframework.beans.factory.support.AbstractAutowireCapableBeanFactory.doCreateBean(AbstractAutowireCapableBeanFactory.java:606)
	at org.springframework.beans.factory.support.AbstractAutowireCapableBeanFactory.createBean(AbstractAutowireCapableBeanFactory.java:529)
	at org.springframework.beans.factory.support.AbstractBeanFactory.lambda$doGetBean$0(AbstractBeanFactory.java:339)
	at org.springframework.beans.factory.support.DefaultSingletonBeanRegistry.getSingleton(DefaultSingletonBeanRegistry.java:373)
	at org.springframework.beans.factory.support.AbstractBeanFactory.doGetBean(AbstractBeanFactory.java:337)
	at org.springframework.beans.factory.support.AbstractBeanFactory.getBean(AbstractBeanFactory.java:202)
	at org.springframework.beans.factory.support.DefaultListableBeanFactory.instantiateSingleton(DefaultListableBeanFactory.java:1222)
	at org.springframework.beans.factory.support.DefaultListableBeanFactory.preInstantiateSingleton(DefaultListableBeanFactory.java:1188)
	at org.springframework.beans.factory.support.DefaultListableBeanFactory.preInstantiateSingletons(DefaultListableBeanFactory.java:1123)
	at org.springframework.context.support.AbstractApplicationContext.finishBeanFactoryInitialization(AbstractApplicationContext.java:987)
	at org.springframework.context.support.AbstractApplicationContext.refresh(AbstractApplicationContext.java:627)
	at org.springframework.boot.web.servlet.context.ServletWebServerApplicationContext.refresh(ServletWebServerApplicationContext.java:146)
	at org.springframework.boot.SpringApplication.refresh(SpringApplication.java:752)
	at org.springframework.boot.SpringApplication.refreshContext(SpringApplication.java:439)
	at org.springframework.boot.SpringApplication.run(SpringApplication.java:318)
	at org.springframework.boot.SpringApplication.run(SpringApplication.java:1361)
	at org.springframework.boot.SpringApplication.run(SpringApplication.java:1350)
	at com.mjc813.food_web.FoodWebApplication.main(FoodWebApplication.java:10)
	at java.base/jdk.internal.reflect.DirectMethodHandleAccessor.invoke(DirectMethodHandleAccessor.java:104)
	at java.base/java.lang.reflect.Method.invoke(Method.java:565)
	at org.springframework.boot.devtools.restart.RestartLauncher.run(RestartLauncher.java:50)
DEBUG 25-09-03 19:50:34[restartedMain] [NamedQuery:125] - Did not find named query IngredientCategoryEntity.findAllByOrderByIdDesc
DEBUG 25-09-03 19:50:34[restartedMain] [NamedQuery:144] - Looking up named query 'IngredientCategoryEntity.findByNameContains'
DEBUG 25-09-03 19:50:34[restartedMain] [JdbcResourceLocalTransactionCoordinatorImpl:309] - JDBC transaction marked for rollback-only (exception provided for stack trace)
java.lang.Exception: exception just for purpose of providing stack trace
	at org.hibernate.resource.transaction.backend.jdbc.internal.JdbcResourceLocalTransactionCoordinatorImpl$TransactionDriverControlImpl.markRollbackOnly(JdbcResourceLocalTransactionCoordinatorImpl.java:309)
	at org.hibernate.internal.AbstractSharedSessionContract.buildNamedQuery(AbstractSharedSessionContract.java:1141)
	at org.hibernate.internal.AbstractSharedSessionContract.createNamedQuery(AbstractSharedSessionContract.java:1019)
	at org.hibernate.internal.AbstractSharedSessionContract.createNamedQuery(AbstractSharedSessionContract.java:143)
	at java.base/jdk.internal.reflect.DirectMethodHandleAccessor.invoke(DirectMethodHandleAccessor.java:104)
	at java.base/java.lang.reflect.Method.invoke(Method.java:565)
	at org.springframework.orm.jpa.ExtendedEntityManagerCreator$ExtendedEntityManagerInvocationHandler.invoke(ExtendedEntityManagerCreator.java:364)
	at jdk.proxy3/jdk.proxy3.$Proxy133.createNamedQuery(Unknown Source)
	at org.springframework.data.jpa.repository.query.NamedQuery.hasNamedQuery(NamedQuery.java:120)
	at org.springframework.data.jpa.repository.query.NamedQuery.lookupFrom(NamedQuery.java:147)
	at org.springframework.data.jpa.repository.query.JpaQueryLookupStrategy$DeclaredQueryLookupStrategy.resolveQuery(JpaQueryLookupStrategy.java:184)
	at org.springframework.data.jpa.repository.query.JpaQueryLookupStrategy$CreateIfNotFoundQueryLookupStrategy.resolveQuery(JpaQueryLookupStrategy.java:254)
	at org.springframework.data.jpa.repository.query.JpaQueryLookupStrategy$AbstractQueryLookupStrategy.resolveQuery(JpaQueryLookupStrategy.java:99)
	at org.springframework.data.repository.core.support.QueryExecutorMethodInterceptor.lookupQuery(QueryExecutorMethodInterceptor.java:116)
	at org.springframework.data.repository.core.support.QueryExecutorMethodInterceptor.mapMethodsToQuery(QueryExecutorMethodInterceptor.java:104)
	at org.springframework.data.repository.core.support.QueryExecutorMethodInterceptor.lambda$new$0(QueryExecutorMethodInterceptor.java:92)
	at java.base/java.util.Optional.map(Optional.java:260)
	at org.springframework.data.repository.core.support.QueryExecutorMethodInterceptor.<init>(QueryExecutorMethodInterceptor.java:92)
	at org.springframework.data.repository.core.support.RepositoryFactorySupport.getRepository(RepositoryFactorySupport.java:434)
	at org.springframework.data.repository.core.support.RepositoryFactoryBeanSupport.lambda$afterPropertiesSet$4(RepositoryFactoryBeanSupport.java:350)
	at org.springframework.data.util.Lazy.getNullable(Lazy.java:135)
	at org.springframework.data.util.Lazy.get(Lazy.java:113)
	at org.springframework.data.repository.core.support.RepositoryFactoryBeanSupport.afterPropertiesSet(RepositoryFactoryBeanSupport.java:356)
	at org.springframework.data.jpa.repository.support.JpaRepositoryFactoryBean.afterPropertiesSet(JpaRepositoryFactoryBean.java:132)
	at org.springframework.beans.factory.support.AbstractAutowireCapableBeanFactory.invokeInitMethods(AbstractAutowireCapableBeanFactory.java:1873)
	at org.springframework.beans.factory.support.AbstractAutowireCapableBeanFactory.initializeBean(AbstractAutowireCapableBeanFactory.java:1822)
	at org.springframework.beans.factory.support.AbstractAutowireCapableBeanFactory.doCreateBean(AbstractAutowireCapableBeanFactory.java:607)
	at org.springframework.beans.factory.support.AbstractAutowireCapableBeanFactory.createBean(AbstractAutowireCapableBeanFactory.java:529)
	at org.springframework.beans.factory.support.AbstractBeanFactory.lambda$doGetBean$0(AbstractBeanFactory.java:339)
	at org.springframework.beans.factory.support.DefaultSingletonBeanRegistry.getSingleton(DefaultSingletonBeanRegistry.java:373)
	at org.springframework.beans.factory.support.AbstractBeanFactory.doGetBean(AbstractBeanFactory.java:337)
	at org.springframework.beans.factory.support.AbstractBeanFactory.getBean(AbstractBeanFactory.java:202)
	at org.springframework.beans.factory.config.DependencyDescriptor.resolveCandidate(DependencyDescriptor.java:254)
	at org.springframework.beans.factory.support.DefaultListableBeanFactory.doResolveDependency(DefaultListableBeanFactory.java:1745)
	at org.springframework.beans.factory.support.DefaultListableBeanFactory.resolveDependency(DefaultListableBeanFactory.java:1628)
	at org.springframework.beans.factory.annotation.AutowiredAnnotationBeanPostProcessor$AutowiredFieldElement.resolveFieldValue(AutowiredAnnotationBeanPostProcessor.java:785)
	at org.springframework.beans.factory.annotation.AutowiredAnnotationBeanPostProcessor$AutowiredFieldElement.inject(AutowiredAnnotationBeanPostProcessor.java:768)
	at org.springframework.beans.factory.annotation.InjectionMetadata.inject(InjectionMetadata.java:146)
	at org.springframework.beans.factory.annotation.AutowiredAnnotationBeanPostProcessor.postProcessProperties(AutowiredAnnotationBeanPostProcessor.java:509)
	at org.springframework.beans.factory.support.AbstractAutowireCapableBeanFactory.populateBean(AbstractAutowireCapableBeanFactory.java:1459)
	at org.springframework.beans.factory.support.AbstractAutowireCapableBeanFactory.doCreateBean(AbstractAutowireCapableBeanFactory.java:606)
	at org.springframework.beans.factory.support.AbstractAutowireCapableBeanFactory.createBean(AbstractAutowireCapableBeanFactory.java:529)
	at org.springframework.beans.factory.support.AbstractBeanFactory.lambda$doGetBean$0(AbstractBeanFactory.java:339)
	at org.springframework.beans.factory.support.DefaultSingletonBeanRegistry.getSingleton(DefaultSingletonBeanRegistry.java:373)
	at org.springframework.beans.factory.support.AbstractBeanFactory.doGetBean(AbstractBeanFactory.java:337)
	at org.springframework.beans.factory.support.AbstractBeanFactory.getBean(AbstractBeanFactory.java:202)
	at org.springframework.beans.factory.support.DefaultListableBeanFactory.doResolveDependency(DefaultListableBeanFactory.java:1683)
	at org.springframework.beans.factory.support.DefaultListableBeanFactory.resolveDependency(DefaultListableBeanFactory.java:1628)
	at org.springframework.beans.factory.annotation.AutowiredAnnotationBeanPostProcessor$AutowiredFieldElement.resolveFieldValue(AutowiredAnnotationBeanPostProcessor.java:785)
	at org.springframework.beans.factory.annotation.AutowiredAnnotationBeanPostProcessor$AutowiredFieldElement.inject(AutowiredAnnotationBeanPostProcessor.java:768)
	at org.springframework.beans.factory.annotation.InjectionMetadata.inject(InjectionMetadata.java:146)
	at org.springframework.beans.factory.annotation.AutowiredAnnotationBeanPostProcessor.postProcessProperties(AutowiredAnnotationBeanPostProcessor.java:509)
	at org.springframework.beans.factory.support.AbstractAutowireCapableBeanFactory.populateBean(AbstractAutowireCapableBeanFactory.java:1459)
	at org.springframework.beans.factory.support.AbstractAutowireCapableBeanFactory.doCreateBean(AbstractAutowireCapableBeanFactory.java:606)
	at org.springframework.beans.factory.support.AbstractAutowireCapableBeanFactory.createBean(AbstractAutowireCapableBeanFactory.java:529)
	at org.springframework.beans.factory.support.AbstractBeanFactory.lambda$doGetBean$0(AbstractBeanFactory.java:339)
	at org.springframework.beans.factory.support.DefaultSingletonBeanRegistry.getSingleton(DefaultSingletonBeanRegistry.java:373)
	at org.springframework.beans.factory.support.AbstractBeanFactory.doGetBean(AbstractBeanFactory.java:337)
	at org.springframework.beans.factory.support.AbstractBeanFactory.getBean(AbstractBeanFactory.java:202)
	at org.springframework.beans.factory.support.DefaultListableBeanFactory.instantiateSingleton(DefaultListableBeanFactory.java:1222)
	at org.springframework.beans.factory.support.DefaultListableBeanFactory.preInstantiateSingleton(DefaultListableBeanFactory.java:1188)
	at org.springframework.beans.factory.support.DefaultListableBeanFactory.preInstantiateSingletons(DefaultListableBeanFactory.java:1123)
	at org.springframework.context.support.AbstractApplicationContext.finishBeanFactoryInitialization(AbstractApplicationContext.java:987)
	at org.springframework.context.support.AbstractApplicationContext.refresh(AbstractApplicationContext.java:627)
	at org.springframework.boot.web.servlet.context.ServletWebServerApplicationContext.refresh(ServletWebServerApplicationContext.java:146)
	at org.springframework.boot.SpringApplication.refresh(SpringApplication.java:752)
	at org.springframework.boot.SpringApplication.refreshContext(SpringApplication.java:439)
	at org.springframework.boot.SpringApplication.run(SpringApplication.java:318)
	at org.springframework.boot.SpringApplication.run(SpringApplication.java:1361)
	at org.springframework.boot.SpringApplication.run(SpringApplication.java:1350)
	at com.mjc813.food_web.FoodWebApplication.main(FoodWebApplication.java:10)
	at java.base/jdk.internal.reflect.DirectMethodHandleAccessor.invoke(DirectMethodHandleAccessor.java:104)
	at java.base/java.lang.reflect.Method.invoke(Method.java:565)
	at org.springframework.boot.devtools.restart.RestartLauncher.run(RestartLauncher.java:50)
DEBUG 25-09-03 19:50:34[restartedMain] [NamedQuery:125] - Did not find named query IngredientCategoryEntity.findByNameContains
DEBUG 25-09-03 19:50:34[restartedMain] [RepositoryFactorySupport:446] - Finished creation of repository instance for com.mjc813.food_web.ingredient_category.service.IngredientCategoryRepository.
DEBUG 25-09-03 19:50:34[restartedMain] [DefaultListableBeanFactory:308] - Creating shared instance of singleton bean 'memberRestController'
DEBUG 25-09-03 19:50:34[restartedMain] [DefaultListableBeanFactory:308] - Creating shared instance of singleton bean 'cookieSignUpRestController'
DEBUG 25-09-03 19:50:34[restartedMain] [DefaultListableBeanFactory:308] - Creating shared instance of singleton bean 'sessionSignUpRestController'
DEBUG 25-09-03 19:50:34[restartedMain] [DefaultListableBeanFactory:308] - Creating shared instance of singleton bean 'springbootSignUpRestController'
DEBUG 25-09-03 19:50:34[restartedMain] [DefaultListableBeanFactory:308] - Creating shared instance of singleton bean 'authenticationManager'
DEBUG 25-09-03 19:50:34[restartedMain] [DefaultListableBeanFactory:308] - Creating shared instance of singleton bean 'org.springframework.security.config.annotation.authentication.configuration.AuthenticationConfiguration'
DEBUG 25-09-03 19:50:34[restartedMain] [DefaultListableBeanFactory:308] - Creating shared instance of singleton bean 'enableGlobalAuthenticationAutowiredConfigurer'
DEBUG 25-09-03 19:50:34[restartedMain] [DefaultListableBeanFactory:954] - Autowiring by type from bean name 'enableGlobalAuthenticationAutowiredConfigurer' via factory method to bean named 'org.springframework.boot.web.servlet.context.AnnotationConfigServletWebServerApplicationContext@639fe74c'
DEBUG 25-09-03 19:50:34[restartedMain] [DefaultListableBeanFactory:308] - Creating shared instance of singleton bean 'initializeUserDetailsBeanManagerConfigurer'
DEBUG 25-09-03 19:50:34[restartedMain] [DefaultListableBeanFactory:954] - Autowiring by type from bean name 'initializeUserDetailsBeanManagerConfigurer' via factory method to bean named 'org.springframework.boot.web.servlet.context.AnnotationConfigServletWebServerApplicationContext@639fe74c'
DEBUG 25-09-03 19:50:34[restartedMain] [DefaultListableBeanFactory:308] - Creating shared instance of singleton bean 'initializeAuthenticationProviderBeanManagerConfigurer'
DEBUG 25-09-03 19:50:34[restartedMain] [DefaultListableBeanFactory:954] - Autowiring by type from bean name 'initializeAuthenticationProviderBeanManagerConfigurer' via factory method to bean named 'org.springframework.boot.web.servlet.context.AnnotationConfigServletWebServerApplicationContext@639fe74c'
DEBUG 25-09-03 19:50:34[restartedMain] [DefaultListableBeanFactory:308] - Creating shared instance of singleton bean 'objectPostProcessor'
DEBUG 25-09-03 19:50:34[restartedMain] [DefaultListableBeanFactory:308] - Creating shared instance of singleton bean 'org.springframework.security.config.annotation.configuration.ObjectPostProcessorConfiguration'
DEBUG 25-09-03 19:50:34[restartedMain] [DefaultListableBeanFactory:954] - Autowiring by type from bean name 'objectPostProcessor' via factory method to bean named 'org.springframework.beans.factory.support.DefaultListableBeanFactory@55c21081'
DEBUG 25-09-03 19:50:34[restartedMain] [DefaultListableBeanFactory:954] - Autowiring by type from bean name 'authenticationManager' via factory method to bean named 'org.springframework.security.config.annotation.authentication.configuration.AuthenticationConfiguration'
DEBUG 25-09-03 19:50:34[restartedMain] [DefaultListableBeanFactory:308] - Creating shared instance of singleton bean 'authenticationManagerBuilder'
DEBUG 25-09-03 19:50:34[restartedMain] [DefaultListableBeanFactory:954] - Autowiring by type from bean name 'authenticationManagerBuilder' via factory method to bean named 'objectPostProcessor'
DEBUG 25-09-03 19:50:34[restartedMain] [DefaultListableBeanFactory:954] - Autowiring by type from bean name 'authenticationManagerBuilder' via factory method to bean named 'org.springframework.boot.web.servlet.context.AnnotationConfigServletWebServerApplicationContext@639fe74c'
DEBUG 25-09-03 19:50:34[restartedMain] [DefaultListableBeanFactory:308] - Creating shared instance of singleton bean 'authenticationEventPublisher'
DEBUG 25-09-03 19:50:34[restartedMain] [DefaultListableBeanFactory:308] - Creating shared instance of singleton bean 'org.springframework.boot.autoconfigure.security.servlet.SecurityAutoConfiguration'
DEBUG 25-09-03 19:50:34[restartedMain] [DefaultListableBeanFactory:954] - Autowiring by type from bean name 'authenticationEventPublisher' via factory method to bean named 'org.springframework.boot.web.servlet.context.AnnotationConfigServletWebServerApplicationContext@639fe74c'
DEBUG 25-09-03 19:50:34[restartedMain] [DefaultListableBeanFactory:308] - Creating shared instance of singleton bean 'authenticationProvider'
INFO  25-09-03 19:50:34[restartedMain] [InitializeAuthenticationProviderBeanManagerConfigurer$InitializeAuthenticationProviderManagerConfigurer:80] - Global AuthenticationManager configured with AuthenticationProvider bean with name authenticationProvider
WARN  25-09-03 19:50:34[restartedMain] [InitializeUserDetailsBeanManagerConfigurer$InitializeUserDetailsManagerConfigurer:73] - Global AuthenticationManager configured with an AuthenticationProvider bean. UserDetailsService beans will not be used by Spring Security for automatically configuring username/password login. Consider removing the AuthenticationProvider bean. Alternatively, consider using the UserDetailsService in a manually instantiated DaoAuthenticationProvider. If the current configuration is intentional, to turn off this warning, increase the logging level of 'org.springframework.security.config.annotation.authentication.configuration.InitializeUserDetailsBeanManagerConfigurer' to ERROR
DEBUG 25-09-03 19:50:34[restartedMain] [DefaultListableBeanFactory:308] - Creating shared instance of singleton bean 'org.springframework.security.config.annotation.web.configuration.WebSecurityConfiguration'
DEBUG 25-09-03 19:50:34[restartedMain] [DefaultListableBeanFactory:308] - Creating shared instance of singleton bean 'filterChainDecoratorPostProcessor'
DEBUG 25-09-03 19:50:34[restartedMain] [DefaultListableBeanFactory:308] - Creating shared instance of singleton bean 'mvcHandlerMappingIntrospectorRequestTransformer'
DEBUG 25-09-03 19:50:34[restartedMain] [DefaultListableBeanFactory:308] - Creating shared instance of singleton bean 'mvcHandlerMappingIntrospector'
DEBUG 25-09-03 19:50:34[restartedMain] [DefaultListableBeanFactory:308] - Creating shared instance of singleton bean 'org.springframework.boot.autoconfigure.web.servlet.WebMvcAutoConfiguration$EnableWebMvcConfiguration'
DEBUG 25-09-03 19:50:34[restartedMain] [DefaultListableBeanFactory:308] - Creating shared instance of singleton bean 'spring.web-org.springframework.boot.autoconfigure.web.WebProperties'
DEBUG 25-09-03 19:50:34[restartedMain] [DefaultListableBeanFactory:954] - Autowiring by type from bean name 'org.springframework.boot.autoconfigure.web.servlet.WebMvcAutoConfiguration$EnableWebMvcConfiguration' via constructor to bean named 'spring.mvc-org.springframework.boot.autoconfigure.web.servlet.WebMvcProperties'
DEBUG 25-09-03 19:50:34[restartedMain] [DefaultListableBeanFactory:954] - Autowiring by type from bean name 'org.springframework.boot.autoconfigure.web.servlet.WebMvcAutoConfiguration$EnableWebMvcConfiguration' via constructor to bean named 'spring.web-org.springframework.boot.autoconfigure.web.WebProperties'
DEBUG 25-09-03 19:50:34[restartedMain] [DefaultListableBeanFactory:954] - Autowiring by type from bean name 'org.springframework.boot.autoconfigure.web.servlet.WebMvcAutoConfiguration$EnableWebMvcConfiguration' via constructor to bean named 'org.springframework.beans.factory.support.DefaultListableBeanFactory@55c21081'
DEBUG 25-09-03 19:50:34[restartedMain] [DefaultListableBeanFactory:308] - Creating shared instance of singleton bean 'org.springframework.security.config.annotation.web.configuration.WebMvcSecurityConfiguration'
DEBUG 25-09-03 19:50:34[restartedMain] [DefaultListableBeanFactory:308] - Creating shared instance of singleton bean 'org.springframework.boot.autoconfigure.web.servlet.WebMvcAutoConfiguration$WebMvcAutoConfigurationAdapter'
DEBUG 25-09-03 19:50:34[restartedMain] [DefaultListableBeanFactory:954] - Autowiring by type from bean name 'org.springframework.boot.autoconfigure.web.servlet.WebMvcAutoConfiguration$WebMvcAutoConfigurationAdapter' via constructor to bean named 'spring.web-org.springframework.boot.autoconfigure.web.WebProperties'
DEBUG 25-09-03 19:50:34[restartedMain] [DefaultListableBeanFactory:954] - Autowiring by type from bean name 'org.springframework.boot.autoconfigure.web.servlet.WebMvcAutoConfiguration$WebMvcAutoConfigurationAdapter' via constructor to bean named 'spring.mvc-org.springframework.boot.autoconfigure.web.servlet.WebMvcProperties'
DEBUG 25-09-03 19:50:34[restartedMain] [DefaultListableBeanFactory:954] - Autowiring by type from bean name 'org.springframework.boot.autoconfigure.web.servlet.WebMvcAutoConfiguration$WebMvcAutoConfigurationAdapter' via constructor to bean named 'org.springframework.beans.factory.support.DefaultListableBeanFactory@55c21081'
DEBUG 25-09-03 19:50:34[restartedMain] [DefaultListableBeanFactory:308] - Creating shared instance of singleton bean 'openEntityManagerInViewInterceptorConfigurer'
DEBUG 25-09-03 19:50:34[restartedMain] [DefaultListableBeanFactory:308] - Creating shared instance of singleton bean 'org.springframework.boot.autoconfigure.orm.jpa.JpaBaseConfiguration$JpaWebConfiguration'
DEBUG 25-09-03 19:50:34[restartedMain] [DefaultListableBeanFactory:954] - Autowiring by type from bean name 'org.springframework.boot.autoconfigure.orm.jpa.JpaBaseConfiguration$JpaWebConfiguration' via constructor to bean named 'spring.jpa-org.springframework.boot.autoconfigure.orm.jpa.JpaProperties'
DEBUG 25-09-03 19:50:34[restartedMain] [DefaultListableBeanFactory:308] - Creating shared instance of singleton bean 'openEntityManagerInViewInterceptor'
WARN  25-09-03 19:50:34[restartedMain] [JpaBaseConfiguration$JpaWebConfiguration:258] - spring.jpa.open-in-view is enabled by default. Therefore, database queries may be performed during view rendering. Explicitly configure spring.jpa.open-in-view to disable this warning
DEBUG 25-09-03 19:50:34[restartedMain] [DefaultListableBeanFactory:954] - Autowiring by type from bean name 'openEntityManagerInViewInterceptorConfigurer' via factory method to bean named 'openEntityManagerInViewInterceptor'
DEBUG 25-09-03 19:50:34[restartedMain] [DefaultListableBeanFactory:308] - Creating shared instance of singleton bean 'org.springframework.data.web.config.SpringDataWebConfiguration'
DEBUG 25-09-03 19:50:34[restartedMain] [DefaultListableBeanFactory:954] - Autowiring by type from bean name 'org.springframework.data.web.config.SpringDataWebConfiguration' via constructor to bean named 'org.springframework.boot.web.servlet.context.AnnotationConfigServletWebServerApplicationContext@639fe74c'
DEBUG 25-09-03 19:50:34[restartedMain] [DefaultListableBeanFactory:308] - Creating shared instance of singleton bean 'welcomePageHandlerMapping'
DEBUG 25-09-03 19:50:34[restartedMain] [DefaultListableBeanFactory:308] - Creating shared instance of singleton bean 'mvcConversionService'
DEBUG 25-09-03 19:50:34[restartedMain] [DefaultListableBeanFactory:308] - Creating shared instance of singleton bean 'mvcResourceUrlProvider'
DEBUG 25-09-03 19:50:34[restartedMain] [DefaultListableBeanFactory:954] - Autowiring by type from bean name 'welcomePageHandlerMapping' via factory method to bean named 'org.springframework.boot.web.servlet.context.AnnotationConfigServletWebServerApplicationContext@639fe74c'
DEBUG 25-09-03 19:50:34[restartedMain] [DefaultListableBeanFactory:954] - Autowiring by type from bean name 'welcomePageHandlerMapping' via factory method to bean named 'mvcConversionService'
DEBUG 25-09-03 19:50:34[restartedMain] [DefaultListableBeanFactory:954] - Autowiring by type from bean name 'welcomePageHandlerMapping' via factory method to bean named 'mvcResourceUrlProvider'
INFO  25-09-03 19:50:34[restartedMain] [WelcomePageHandlerMapping:59] - Adding welcome page template: index
DEBUG 25-09-03 19:50:34[restartedMain] [DefaultListableBeanFactory:308] - Creating shared instance of singleton bean 'welcomePageNotAcceptableHandlerMapping'
DEBUG 25-09-03 19:50:34[restartedMain] [DefaultListableBeanFactory:954] - Autowiring by type from bean name 'welcomePageNotAcceptableHandlerMapping' via factory method to bean named 'org.springframework.boot.web.servlet.context.AnnotationConfigServletWebServerApplicationContext@639fe74c'
DEBUG 25-09-03 19:50:34[restartedMain] [DefaultListableBeanFactory:954] - Autowiring by type from bean name 'welcomePageNotAcceptableHandlerMapping' via factory method to bean named 'mvcConversionService'
DEBUG 25-09-03 19:50:34[restartedMain] [DefaultListableBeanFactory:954] - Autowiring by type from bean name 'welcomePageNotAcceptableHandlerMapping' via factory method to bean named 'mvcResourceUrlProvider'
DEBUG 25-09-03 19:50:34[restartedMain] [DefaultListableBeanFactory:308] - Creating shared instance of singleton bean 'requestMappingHandlerMapping'
DEBUG 25-09-03 19:50:34[restartedMain] [DefaultListableBeanFactory:308] - Creating shared instance of singleton bean 'mvcContentNegotiationManager'
DEBUG 25-09-03 19:50:34[restartedMain] [DefaultListableBeanFactory:954] - Autowiring by type from bean name 'requestMappingHandlerMapping' via factory method to bean named 'mvcContentNegotiationManager'
DEBUG 25-09-03 19:50:34[restartedMain] [DefaultListableBeanFactory:954] - Autowiring by type from bean name 'requestMappingHandlerMapping' via factory method to bean named 'mvcConversionService'
DEBUG 25-09-03 19:50:34[restartedMain] [DefaultListableBeanFactory:954] - Autowiring by type from bean name 'requestMappingHandlerMapping' via factory method to bean named 'mvcResourceUrlProvider'
DEBUG 25-09-03 19:50:34[restartedMain] [Mappings:294] - 
	c.m.f.c.EnumRestConroller:
	{GET [/api/v1/erole]}: getERoles()
DEBUG 25-09-03 19:50:34[restartedMain] [Mappings:294] - 
	c.m.f.c.MenuController:
	{GET [/member]}: member()
	{GET [/signpage]}: everyone(Model)
	{GET [/food]}: menuFood()
	{GET [/file_spa]}: fileSpa()
	{GET [/file_mpa]}: fileMpa()
	{GET [/main]}: mainHome(Model)
	{POST [/file/upload_mpa]}: updloadMpa(Model,FileTestDto)
	{GET [/ingredient_category]}: menuIngredientCategory()
	{GET [/ingredient]}: menuIngredient()
	{GET [/food_category]}: menuFoodCategory()
DEBUG 25-09-03 19:50:34[restartedMain] [Mappings:294] - 
	c.m.f.f.c.FoodRestController:
	{PATCH [/api/v1/food/{id}]}: update(Long,FoodDto)
	{POST [/api/v1/food]}: insert(FoodDto)
	{DELETE [/api/v1/food/{id}]}: delete(Long)
	{GET [/api/v1/food]}: findAll()
	{GET [/api/v1/food/ingsr]}: getIngs()
	{GET [/api/v1/food/{id}]}: findById(Long)
	{GET [/api/v1/food/search]}: findBySearch(String,Long,Pageable)
	{POST [/api/v1/food/ings]}: insertFoodIngs(FoodIngsRequestDto)
	{PATCH [/api/v1/food/ings/{id}]}: updateFoodIngs(Long,FoodIngsRequestDto)
DEBUG 25-09-03 19:50:34[restartedMain] [Mappings:294] - 
	c.m.f.f.c.FoodCategoryRestController:
	{PATCH [/api/v1/food_category/{id}]}: update(Long,FoodCategoryDto)
	{POST [/api/v1/food_category]}: insert(FoodCategoryDto)
	{DELETE [/api/v1/food_category/{id}]}: delete(Long)
	{GET [/api/v1/food_category]}: findAll()
	{GET [/api/v1/food_category/{id}]}: findById(Long)
	{GET [/api/v1/food_category/search]}: findBySearch(String,Pageable)
DEBUG 25-09-03 19:50:34[restartedMain] [Mappings:294] - 
	c.m.f.f.c.FileRestController:
	{POST [/api/v1/rest/file], consumes [multipart/form-data]}: upload(FoodCategoryDto,List)
DEBUG 25-09-03 19:50:34[restartedMain] [Mappings:294] - 
	c.m.f.f.c.FoodIngredientRestController:
	{PATCH [/api/v1/food_ingredient/{id}]}: update(Long,FoodIngredientDto)
	{POST [/api/v1/food_ingredient]}: insert(FoodIngredientDto)
	{DELETE [/api/v1/food_ingredient/{id}]}: delete(Long)
	{GET [/api/v1/food_ingredient]}: findAll()
	{GET [/api/v1/food_ingredient/{id}]}: findById(Long)
DEBUG 25-09-03 19:50:34[restartedMain] [Mappings:294] - 
	c.m.f.i.c.IngredienRestController:
	{PATCH [/api/v1/ingredient/{id}]}: update(Long,IngredientDto)
	{POST [/api/v1/ingredient]}: insert(IngredientDto)
	{DELETE [/api/v1/ingredient/{id}]}: delete(Long)
	{GET [/api/v1/ingredient]}: findAll()
	{GET [/api/v1/ingredient/{id}]}: findById(Long)
	{GET [/api/v1/ingredient/search]}: findBySearch(String,Long,Pageable)
DEBUG 25-09-03 19:50:34[restartedMain] [Mappings:294] - 
	c.m.f.i.c.IngredientCategoryRestController:
	{PATCH [/api/v1/ingredient_category/{id}]}: update(Long,IngredientCategoryDto)
	{POST [/api/v1/ingredient_category]}: insert(IngredientCategoryDto)
	{DELETE [/api/v1/ingredient_category/{id}]}: delete(Long)
	{GET [/api/v1/ingredient_category]}: findAll()
	{GET [/api/v1/ingredient_category/{id}]}: findById(Long)
	{GET [/api/v1/ingredient_category/search]}: findBySearch(String,Pageable)
DEBUG 25-09-03 19:50:34[restartedMain] [Mappings:294] - 
	c.m.f.m.c.MemberRestController:
	{PATCH [/api/v1/member/{id}]}: update(Long,MemberDto)
	{POST [/api/v1/member]}: insert(MemberDto)
	{DELETE [/api/v1/member/{id}]}: delete(Long)
	{GET [/api/v1/member]}: findAll()
	{GET [/api/v1/member/{id}]}: findById(Long)
	{GET [/api/v1/member/search]}: findBySearch(String,String,String,Pageable)
DEBUG 25-09-03 19:50:34[restartedMain] [Mappings:294] - 
	c.m.f.s.CookieSignUpRestController:
	{POST [/cookiesign/changepasswd]}: changPasswd(MemberDto)
	{POST [/cookiesign/signout]}: signout(HttpServletResponse)
	{POST [/cookiesign/signin]}: signin(SignInRequestDto,HttpServletResponse)
	{POST [/cookiesign/findpasswd]}: findpasswd(MemberDto)
	{POST [/cookiesign/signup]}: signup(SignUpRequestDto)
DEBUG 25-09-03 19:50:34[restartedMain] [Mappings:294] - 
	c.m.f.s.SessionSignUpRestController:
	{POST [/sessionsign/signout]}: signout(HttpSession)
	{POST [/sessionsign/signin]}: signin(SignInRequestDto,HttpSession,HttpServletResponse)
	{POST [/sessionsign/signup]}: signup(SignUpRequestDto)
DEBUG 25-09-03 19:50:34[restartedMain] [Mappings:294] - 
	c.m.f.s.SpringbootSignUpRestController:
	{POST [/springsign/signout]}: signout(HttpSession)
	{POST [/springsign/signin]}: signin(SignInRequestDto,HttpSession,HttpServletResponse)
	{POST [/springsign/signup]}: signup(SignUpRequestDto)
DEBUG 25-09-03 19:50:34[restartedMain] [Mappings:294] - 
	o.s.b.a.w.s.e.BasicErrorController:
	{ [/error]}: error(HttpServletRequest)
	{ [/error], produces [text/html]}: errorHtml(HttpServletRequest,HttpServletResponse)
DEBUG 25-09-03 19:50:34[restartedMain] [RequestMappingHandlerMapping:366] - 63 mappings in 'requestMappingHandlerMapping'
DEBUG 25-09-03 19:50:34[restartedMain] [DefaultListableBeanFactory:308] - Creating shared instance of singleton bean 'viewControllerHandlerMapping'
DEBUG 25-09-03 19:50:34[restartedMain] [DefaultListableBeanFactory:954] - Autowiring by type from bean name 'viewControllerHandlerMapping' via factory method to bean named 'mvcConversionService'
DEBUG 25-09-03 19:50:34[restartedMain] [DefaultListableBeanFactory:954] - Autowiring by type from bean name 'viewControllerHandlerMapping' via factory method to bean named 'mvcResourceUrlProvider'
DEBUG 25-09-03 19:50:34[restartedMain] [DefaultListableBeanFactory:308] - Creating shared instance of singleton bean 'beanNameHandlerMapping'
DEBUG 25-09-03 19:50:34[restartedMain] [DefaultListableBeanFactory:954] - Autowiring by type from bean name 'beanNameHandlerMapping' via factory method to bean named 'mvcConversionService'
DEBUG 25-09-03 19:50:34[restartedMain] [DefaultListableBeanFactory:954] - Autowiring by type from bean name 'beanNameHandlerMapping' via factory method to bean named 'mvcResourceUrlProvider'
DEBUG 25-09-03 19:50:34[restartedMain] [Mappings:86] - 'beanNameHandlerMapping' {}
DEBUG 25-09-03 19:50:34[restartedMain] [DefaultListableBeanFactory:308] - Creating shared instance of singleton bean 'routerFunctionMapping'
DEBUG 25-09-03 19:50:34[restartedMain] [DefaultListableBeanFactory:954] - Autowiring by type from bean name 'routerFunctionMapping' via factory method to bean named 'mvcConversionService'
DEBUG 25-09-03 19:50:34[restartedMain] [DefaultListableBeanFactory:954] - Autowiring by type from bean name 'routerFunctionMapping' via factory method to bean named 'mvcResourceUrlProvider'
DEBUG 25-09-03 19:50:34[restartedMain] [DefaultListableBeanFactory:308] - Creating shared instance of singleton bean 'messageConverters'
DEBUG 25-09-03 19:50:34[restartedMain] [DefaultListableBeanFactory:308] - Creating shared instance of singleton bean 'org.springframework.boot.autoconfigure.http.HttpMessageConvertersAutoConfiguration'
DEBUG 25-09-03 19:50:34[restartedMain] [DefaultListableBeanFactory:308] - Creating shared instance of singleton bean 'stringHttpMessageConverter'
DEBUG 25-09-03 19:50:34[restartedMain] [DefaultListableBeanFactory:308] - Creating shared instance of singleton bean 'org.springframework.boot.autoconfigure.http.HttpMessageConvertersAutoConfiguration$StringHttpMessageConverterConfiguration'
DEBUG 25-09-03 19:50:34[restartedMain] [DefaultListableBeanFactory:954] - Autowiring by type from bean name 'stringHttpMessageConverter' via factory method to bean named 'environment'
DEBUG 25-09-03 19:50:34[restartedMain] [DefaultListableBeanFactory:308] - Creating shared instance of singleton bean 'mappingJackson2HttpMessageConverter'
DEBUG 25-09-03 19:50:34[restartedMain] [DefaultListableBeanFactory:308] - Creating shared instance of singleton bean 'org.springframework.boot.autoconfigure.http.JacksonHttpMessageConvertersConfiguration$MappingJackson2HttpMessageConverterConfiguration'
DEBUG 25-09-03 19:50:34[restartedMain] [DefaultListableBeanFactory:308] - Creating shared instance of singleton bean 'jacksonObjectMapper'
DEBUG 25-09-03 19:50:34[restartedMain] [DefaultListableBeanFactory:308] - Creating shared instance of singleton bean 'org.springframework.boot.autoconfigure.jackson.JacksonAutoConfiguration$JacksonObjectMapperConfiguration'
DEBUG 25-09-03 19:50:34[restartedMain] [DefaultListableBeanFactory:308] - Creating shared instance of singleton bean 'org.springframework.boot.autoconfigure.jackson.JacksonAutoConfiguration$JacksonObjectMapperBuilderConfiguration'
DEBUG 25-09-03 19:50:34[restartedMain] [DefaultListableBeanFactory:308] - Creating shared instance of singleton bean 'standardJacksonObjectMapperBuilderCustomizer'
DEBUG 25-09-03 19:50:34[restartedMain] [DefaultListableBeanFactory:308] - Creating shared instance of singleton bean 'org.springframework.boot.autoconfigure.jackson.JacksonAutoConfiguration$Jackson2ObjectMapperBuilderCustomizerConfiguration'
DEBUG 25-09-03 19:50:34[restartedMain] [DefaultListableBeanFactory:308] - Creating shared instance of singleton bean 'spring.jackson-org.springframework.boot.autoconfigure.jackson.JacksonProperties'
DEBUG 25-09-03 19:50:34[restartedMain] [DefaultListableBeanFactory:954] - Autowiring by type from bean name 'standardJacksonObjectMapperBuilderCustomizer' via factory method to bean named 'spring.jackson-org.springframework.boot.autoconfigure.jackson.JacksonProperties'
DEBUG 25-09-03 19:50:34[restartedMain] [DefaultListableBeanFactory:308] - Creating shared instance of singleton bean 'parameterNamesModule'
DEBUG 25-09-03 19:50:34[restartedMain] [DefaultListableBeanFactory:308] - Creating shared instance of singleton bean 'org.springframework.boot.autoconfigure.jackson.JacksonAutoConfiguration$ParameterNamesModuleConfiguration'
DEBUG 25-09-03 19:50:34[restartedMain] [DefaultListableBeanFactory:308] - Creating shared instance of singleton bean 'jsonMixinModule'
DEBUG 25-09-03 19:50:34[restartedMain] [DefaultListableBeanFactory:308] - Creating shared instance of singleton bean 'org.springframework.boot.autoconfigure.jackson.JacksonAutoConfiguration$JacksonMixinConfiguration'
DEBUG 25-09-03 19:50:34[restartedMain] [DefaultListableBeanFactory:308] - Creating shared instance of singleton bean 'jsonMixinModuleEntries'
DEBUG 25-09-03 19:50:34[restartedMain] [DefaultListableBeanFactory:954] - Autowiring by type from bean name 'jsonMixinModuleEntries' via factory method to bean named 'org.springframework.boot.web.servlet.context.AnnotationConfigServletWebServerApplicationContext@639fe74c'
DEBUG 25-09-03 19:50:34[restartedMain] [DefaultListableBeanFactory:954] - Autowiring by type from bean name 'jsonMixinModule' via factory method to bean named 'org.springframework.boot.web.servlet.context.AnnotationConfigServletWebServerApplicationContext@639fe74c'
DEBUG 25-09-03 19:50:34[restartedMain] [DefaultListableBeanFactory:954] - Autowiring by type from bean name 'jsonMixinModule' via factory method to bean named 'jsonMixinModuleEntries'
DEBUG 25-09-03 19:50:34[restartedMain] [DefaultListableBeanFactory:308] - Creating shared instance of singleton bean 'jsonComponentModule'
DEBUG 25-09-03 19:50:34[restartedMain] [DefaultListableBeanFactory:308] - Creating shared instance of singleton bean 'org.springframework.boot.autoconfigure.jackson.JacksonAutoConfiguration'
DEBUG 25-09-03 19:50:34[restartedMain] [DefaultListableBeanFactory:308] - Creating shared instance of singleton bean 'jacksonGeoModule'
DEBUG 25-09-03 19:50:34[restartedMain] [DefaultListableBeanFactory:308] - Creating shared instance of singleton bean 'org.springframework.data.web.config.SpringDataJacksonConfiguration'
DEBUG 25-09-03 19:50:34[restartedMain] [DefaultListableBeanFactory:308] - Creating shared instance of singleton bean 'springDataWebSettings'
DEBUG 25-09-03 19:50:34[restartedMain] [DefaultListableBeanFactory:308] - Creating shared instance of singleton bean 'org.springframework.boot.autoconfigure.data.web.SpringDataWebAutoConfiguration'
DEBUG 25-09-03 19:50:34[restartedMain] [DefaultListableBeanFactory:308] - Creating shared instance of singleton bean 'spring.data.web-org.springframework.boot.autoconfigure.data.web.SpringDataWebProperties'
DEBUG 25-09-03 19:50:34[restartedMain] [DefaultListableBeanFactory:954] - Autowiring by type from bean name 'org.springframework.boot.autoconfigure.data.web.SpringDataWebAutoConfiguration' via constructor to bean named 'spring.data.web-org.springframework.boot.autoconfigure.data.web.SpringDataWebProperties'
DEBUG 25-09-03 19:50:34[restartedMain] [DefaultListableBeanFactory:308] - Creating shared instance of singleton bean 'pageModule'
DEBUG 25-09-03 19:50:34[restartedMain] [DefaultListableBeanFactory:954] - Autowiring by type from bean name 'jacksonObjectMapperBuilder' via factory method to bean named 'org.springframework.boot.web.servlet.context.AnnotationConfigServletWebServerApplicationContext@639fe74c'
DEBUG 25-09-03 19:50:34[restartedMain] [DefaultListableBeanFactory:954] - Autowiring by type from bean name 'jacksonObjectMapperBuilder' via factory method to bean named 'standardJacksonObjectMapperBuilderCustomizer'
DEBUG 25-09-03 19:50:34[restartedMain] [DefaultListableBeanFactory:954] - Autowiring by type from bean name 'jacksonObjectMapper' via factory method to bean named 'jacksonObjectMapperBuilder'
DEBUG 25-09-03 19:50:34[restartedMain] [DefaultListableBeanFactory:954] - Autowiring by type from bean name 'mappingJackson2HttpMessageConverter' via factory method to bean named 'jacksonObjectMapper'
DEBUG 25-09-03 19:50:35[restartedMain] [DefaultListableBeanFactory:308] - Creating shared instance of singleton bean 'resourceHandlerMapping'
DEBUG 25-09-03 19:50:35[restartedMain] [DefaultListableBeanFactory:954] - Autowiring by type from bean name 'resourceHandlerMapping' via factory method to bean named 'mvcContentNegotiationManager'
DEBUG 25-09-03 19:50:35[restartedMain] [DefaultListableBeanFactory:954] - Autowiring by type from bean name 'resourceHandlerMapping' via factory method to bean named 'mvcConversionService'
DEBUG 25-09-03 19:50:35[restartedMain] [DefaultListableBeanFactory:954] - Autowiring by type from bean name 'resourceHandlerMapping' via factory method to bean named 'mvcResourceUrlProvider'
DEBUG 25-09-03 19:50:35[restartedMain] [Mappings:176] - 'resourceHandlerMapping' {/webjars/**=ResourceHttpRequestHandler [classpath [META-INF/resources/webjars/]], /**=ResourceHttpRequestHandler [classpath [META-INF/resources/], classpath [resources/], classpath [static/], classpath [public/], ServletContext [/]]}
DEBUG 25-09-03 19:50:35[restartedMain] [DefaultListableBeanFactory:308] - Creating shared instance of singleton bean 'defaultServletHandlerMapping'
DEBUG 25-09-03 19:50:35[restartedMain] [DefaultListableBeanFactory:308] - Creating shared instance of singleton bean 'filterChain'
DEBUG 25-09-03 19:50:35[restartedMain] [DefaultListableBeanFactory:308] - Creating shared instance of singleton bean 'org.springframework.security.config.annotation.web.configuration.HttpSecurityConfiguration'
DEBUG 25-09-03 19:50:35[restartedMain] [DefaultListableBeanFactory:954] - Autowiring by type from bean name 'filterChain' via factory method to bean named 'org.springframework.security.config.annotation.web.configuration.HttpSecurityConfiguration.httpSecurity'
DEBUG 25-09-03 19:50:35[restartedMain] [DefaultListableBeanFactory:308] - Creating shared instance of singleton bean 'corsConfigurationSource'
DEBUG 25-09-03 19:50:35[restartedMain] [DefaultListableBeanFactory:308] - Creating shared instance of singleton bean 'webAuthorizationManagerPostProcessor'
DEBUG 25-09-03 19:50:35[restartedMain] [DefaultListableBeanFactory:308] - Creating shared instance of singleton bean 'authenticationManagerPostProcessor'
DEBUG 25-09-03 19:50:35[restartedMain] [DefaultSecurityFilterChain:72] - Will secure any request with filters: DisableEncodeUrlFilter, WebAsyncManagerIntegrationFilter, SecurityContextHolderFilter, HeaderWriterFilter, CorsFilter, LogoutFilter, DaoAuthTokenFilter, RequestCacheAwareFilter, SecurityContextHolderAwareRequestFilter, AnonymousAuthenticationFilter, ExceptionTranslationFilter, AuthorizationFilter
DEBUG 25-09-03 19:50:35[restartedMain] [DefaultListableBeanFactory:308] - Creating shared instance of singleton bean 'webSecurityCustomizer'
DEBUG 25-09-03 19:50:35[restartedMain] [DefaultListableBeanFactory:308] - Creating shared instance of singleton bean 'delegatingApplicationListener'
DEBUG 25-09-03 19:50:35[restartedMain] [DefaultListableBeanFactory:308] - Creating shared instance of singleton bean 'springSecurityFilterChain'
WARN  25-09-03 19:50:35[restartedMain] [WebSecurity:312] - You are asking Spring Security to ignore org.springframework.boot.autoconfigure.security.servlet.StaticResourceRequest$StaticResourceRequestMatcher@1d966564. This is not recommended -- please use permitAll via HttpSecurity#authorizeHttpRequests instead.
DEBUG 25-09-03 19:50:35[restartedMain] [DefaultSecurityFilterChain:64] - Will not secure org.springframework.boot.autoconfigure.security.servlet.StaticResourceRequest$StaticResourceRequestMatcher@1d966564
DEBUG 25-09-03 19:50:35[restartedMain] [DefaultListableBeanFactory:308] - Creating shared instance of singleton bean 'webSecurityExpressionHandler'
DEBUG 25-09-03 19:50:35[restartedMain] [DefaultListableBeanFactory:308] - Creating shared instance of singleton bean 'privilegeEvaluator'
DEBUG 25-09-03 19:50:35[restartedMain] [DefaultListableBeanFactory:308] - Creating shared instance of singleton bean 'requestDataValueProcessor'
DEBUG 25-09-03 19:50:35[restartedMain] [DefaultListableBeanFactory:308] - Creating shared instance of singleton bean 'org.springframework.security.config.annotation.web.configuration.ObservationConfiguration'
DEBUG 25-09-03 19:50:35[restartedMain] [DefaultListableBeanFactory:308] - Creating shared instance of singleton bean 'org.springframework.boot.autoconfigure.context.PropertyPlaceholderAutoConfiguration'
DEBUG 25-09-03 19:50:35[restartedMain] [DefaultListableBeanFactory:308] - Creating shared instance of singleton bean 'org.springframework.boot.autoconfigure.websocket.servlet.WebSocketServletAutoConfiguration'
DEBUG 25-09-03 19:50:35[restartedMain] [DefaultListableBeanFactory:308] - Creating shared instance of singleton bean 'org.springframework.boot.autoconfigure.web.servlet.DispatcherServletAutoConfiguration'
DEBUG 25-09-03 19:50:35[restartedMain] [DefaultListableBeanFactory:308] - Creating shared instance of singleton bean 'org.springframework.boot.autoconfigure.task.TaskExecutorConfigurations$SimpleAsyncTaskExecutorBuilderConfiguration'
DEBUG 25-09-03 19:50:35[restartedMain] [DefaultListableBeanFactory:954] - Autowiring by type from bean name 'org.springframework.boot.autoconfigure.task.TaskExecutorConfigurations$SimpleAsyncTaskExecutorBuilderConfiguration' via constructor to bean named 'spring.task.execution-org.springframework.boot.autoconfigure.task.TaskExecutionProperties'
DEBUG 25-09-03 19:50:35[restartedMain] [DefaultListableBeanFactory:308] - Creating shared instance of singleton bean 'simpleAsyncTaskExecutorBuilder'
DEBUG 25-09-03 19:50:35[restartedMain] [DefaultListableBeanFactory:308] - Creating shared instance of singleton bean 'org.springframework.boot.autoconfigure.task.TaskExecutorConfigurations$AsyncConfigurerConfiguration'
DEBUG 25-09-03 19:50:35[restartedMain] [DefaultListableBeanFactory:308] - Creating shared instance of singleton bean 'applicationTaskExecutorAsyncConfigurer'
DEBUG 25-09-03 19:50:35[restartedMain] [DefaultListableBeanFactory:954] - Autowiring by type from bean name 'applicationTaskExecutorAsyncConfigurer' via factory method to bean named 'org.springframework.beans.factory.support.DefaultListableBeanFactory@55c21081'
DEBUG 25-09-03 19:50:35[restartedMain] [DefaultListableBeanFactory:308] - Creating shared instance of singleton bean 'org.springframework.boot.autoconfigure.task.TaskExecutorConfigurations$BootstrapExecutorConfiguration'
DEBUG 25-09-03 19:50:35[restartedMain] [DefaultListableBeanFactory:308] - Creating shared instance of singleton bean 'org.springframework.boot.autoconfigure.task.TaskExecutionAutoConfiguration'
DEBUG 25-09-03 19:50:35[restartedMain] [DefaultListableBeanFactory:308] - Creating shared instance of singleton bean 'org.springframework.boot.autoconfigure.validation.ValidationAutoConfiguration'
DEBUG 25-09-03 19:50:35[restartedMain] [DefaultListableBeanFactory:308] - Creating shared instance of singleton bean 'defaultValidator'
DEBUG 25-09-03 19:50:35[restartedMain] [DefaultListableBeanFactory:954] - Autowiring by type from bean name 'defaultValidator' via factory method to bean named 'org.springframework.boot.web.servlet.context.AnnotationConfigServletWebServerApplicationContext@639fe74c'
DEBUG 25-09-03 19:50:35[restartedMain] [ResourceBundleMessageInterpolator:175] - Loaded expression factory via original TCCL
DEBUG 25-09-03 19:50:35[restartedMain] [AbstractConfigurationImpl:176] - Setting custom MessageInterpolator of type org.springframework.validation.beanvalidation.LocaleContextMessageInterpolator
DEBUG 25-09-03 19:50:35[restartedMain] [AbstractConfigurationImpl:208] - Setting custom ConstraintValidatorFactory of type org.springframework.validation.beanvalidation.SpringConstraintValidatorFactory
DEBUG 25-09-03 19:50:35[restartedMain] [ValidationXmlParser:122] - Trying to load META-INF/validation.xml for XML based Validator configuration.
DEBUG 25-09-03 19:50:35[restartedMain] [ResourceLoaderHelper:54] - Trying to load META-INF/validation.xml via user class loader
DEBUG 25-09-03 19:50:35[restartedMain] [ResourceLoaderHelper:61] - Trying to load META-INF/validation.xml via TCCL
DEBUG 25-09-03 19:50:35[restartedMain] [ResourceLoaderHelper:67] - Trying to load META-INF/validation.xml via Hibernate Validator's class loader
DEBUG 25-09-03 19:50:35[restartedMain] [ValidationXmlParser:129] - No META-INF/validation.xml found. Using annotation based configuration only.
DEBUG 25-09-03 19:50:35[restartedMain] [TraversableResolvers:94] - Found jakarta.persistence.Persistence on classpath containing 'getPersistenceUtil'. Assuming JPA 2 environment. Trying to instantiate JPA aware TraversableResolver
DEBUG 25-09-03 19:50:35[restartedMain] [TraversableResolvers:104] - Instantiated JPA aware TraversableResolver of type org.hibernate.validator.internal.engine.resolver.JPATraversableResolver.
DEBUG 25-09-03 19:50:35[restartedMain] [ValidatorFactoryConfigurationHelper:355] - HV000252: Using org.hibernate.validator.internal.engine.DefaultPropertyNodeNameProvider as property node name provider.
DEBUG 25-09-03 19:50:35[restartedMain] [ValidatorFactoryConfigurationHelper:447] - HV000234: Using org.springframework.validation.beanvalidation.LocaleContextMessageInterpolator as ValidatorFactory-scoped message interpolator.
DEBUG 25-09-03 19:50:35[restartedMain] [ValidatorFactoryConfigurationHelper:448] - HV000234: Using org.hibernate.validator.internal.engine.resolver.JPATraversableResolver as ValidatorFactory-scoped traversable resolver.
DEBUG 25-09-03 19:50:35[restartedMain] [ValidatorFactoryConfigurationHelper:449] - HV000234: Using org.hibernate.validator.internal.util.ExecutableParameterNameProvider as ValidatorFactory-scoped parameter name provider.
DEBUG 25-09-03 19:50:35[restartedMain] [ValidatorFactoryConfigurationHelper:450] - HV000234: Using org.hibernate.validator.internal.engine.DefaultClockProvider as ValidatorFactory-scoped clock provider.
DEBUG 25-09-03 19:50:35[restartedMain] [ValidatorFactoryConfigurationHelper:451] - HV000234: Using org.hibernate.validator.internal.engine.scripting.DefaultScriptEvaluatorFactory as ValidatorFactory-scoped script evaluator factory.
DEBUG 25-09-03 19:50:35[restartedMain] [DefaultListableBeanFactory:308] - Creating shared instance of singleton bean 'org.springframework.boot.autoconfigure.web.servlet.error.ErrorMvcAutoConfiguration$WhitelabelErrorViewConfiguration'
DEBUG 25-09-03 19:50:35[restartedMain] [DefaultListableBeanFactory:308] - Creating shared instance of singleton bean 'error'
DEBUG 25-09-03 19:50:35[restartedMain] [DefaultListableBeanFactory:308] - Creating shared instance of singleton bean 'beanNameViewResolver'
DEBUG 25-09-03 19:50:35[restartedMain] [DefaultListableBeanFactory:308] - Creating shared instance of singleton bean 'org.springframework.boot.autoconfigure.web.servlet.error.ErrorMvcAutoConfiguration$DefaultErrorViewResolverConfiguration'
DEBUG 25-09-03 19:50:35[restartedMain] [DefaultListableBeanFactory:954] - Autowiring by type from bean name 'org.springframework.boot.autoconfigure.web.servlet.error.ErrorMvcAutoConfiguration$DefaultErrorViewResolverConfiguration' via constructor to bean named 'org.springframework.boot.web.servlet.context.AnnotationConfigServletWebServerApplicationContext@639fe74c'
DEBUG 25-09-03 19:50:35[restartedMain] [DefaultListableBeanFactory:954] - Autowiring by type from bean name 'org.springframework.boot.autoconfigure.web.servlet.error.ErrorMvcAutoConfiguration$DefaultErrorViewResolverConfiguration' via constructor to bean named 'spring.web-org.springframework.boot.autoconfigure.web.WebProperties'
DEBUG 25-09-03 19:50:35[restartedMain] [DefaultListableBeanFactory:308] - Creating shared instance of singleton bean 'conventionErrorViewResolver'
DEBUG 25-09-03 19:50:35[restartedMain] [DefaultListableBeanFactory:308] - Creating shared instance of singleton bean 'errorAttributes'
DEBUG 25-09-03 19:50:35[restartedMain] [DefaultListableBeanFactory:308] - Creating shared instance of singleton bean 'basicErrorController'
DEBUG 25-09-03 19:50:35[restartedMain] [DefaultListableBeanFactory:954] - Autowiring by type from bean name 'basicErrorController' via factory method to bean named 'errorAttributes'
DEBUG 25-09-03 19:50:35[restartedMain] [DefaultListableBeanFactory:308] - Creating shared instance of singleton bean 'localeResolver'
DEBUG 25-09-03 19:50:35[restartedMain] [DefaultListableBeanFactory:308] - Creating shared instance of singleton bean 'themeResolver'
DEBUG 25-09-03 19:50:35[restartedMain] [DefaultListableBeanFactory:308] - Creating shared instance of singleton bean 'flashMapManager'
DEBUG 25-09-03 19:50:35[restartedMain] [DefaultListableBeanFactory:308] - Creating shared instance of singleton bean 'viewNameTranslator'
DEBUG 25-09-03 19:50:35[restartedMain] [DefaultListableBeanFactory:308] - Creating shared instance of singleton bean 'mvcValidator'
DEBUG 25-09-03 19:50:35[restartedMain] [DefaultListableBeanFactory:308] - Creating shared instance of singleton bean 'mvcPatternParser'
DEBUG 25-09-03 19:50:35[restartedMain] [DefaultListableBeanFactory:308] - Creating shared instance of singleton bean 'mvcUrlPathHelper'
DEBUG 25-09-03 19:50:35[restartedMain] [DefaultListableBeanFactory:308] - Creating shared instance of singleton bean 'mvcPathMatcher'
DEBUG 25-09-03 19:50:35[restartedMain] [DefaultListableBeanFactory:308] - Creating shared instance of singleton bean 'requestMappingHandlerAdapter'
DEBUG 25-09-03 19:50:35[restartedMain] [DefaultListableBeanFactory:954] - Autowiring by type from bean name 'requestMappingHandlerAdapter' via factory method to bean named 'mvcContentNegotiationManager'
DEBUG 25-09-03 19:50:35[restartedMain] [DefaultListableBeanFactory:954] - Autowiring by type from bean name 'requestMappingHandlerAdapter' via factory method to bean named 'mvcConversionService'
DEBUG 25-09-03 19:50:35[restartedMain] [DefaultListableBeanFactory:954] - Autowiring by type from bean name 'requestMappingHandlerAdapter' via factory method to bean named 'mvcValidator'
DEBUG 25-09-03 19:50:35[restartedMain] [DefaultListableBeanFactory:308] - Creating shared instance of singleton bean 'sortResolver'
DEBUG 25-09-03 19:50:35[restartedMain] [DefaultListableBeanFactory:308] - Creating shared instance of singleton bean 'sortCustomizer'
DEBUG 25-09-03 19:50:35[restartedMain] [DefaultListableBeanFactory:308] - Creating shared instance of singleton bean 'pageableResolver'
DEBUG 25-09-03 19:50:35[restartedMain] [DefaultListableBeanFactory:308] - Creating shared instance of singleton bean 'pageableCustomizer'
DEBUG 25-09-03 19:50:35[restartedMain] [RequestMappingHandlerAdapter:666] - ControllerAdvice beans: 0 @ModelAttribute, 0 @InitBinder, 1 RequestBodyAdvice, 1 ResponseBodyAdvice
DEBUG 25-09-03 19:50:35[restartedMain] [DefaultListableBeanFactory:308] - Creating shared instance of singleton bean 'mvcViewResolver'
DEBUG 25-09-03 19:50:35[restartedMain] [DefaultListableBeanFactory:954] - Autowiring by type from bean name 'mvcViewResolver' via factory method to bean named 'mvcContentNegotiationManager'
DEBUG 25-09-03 19:50:35[restartedMain] [DefaultListableBeanFactory:308] - Creating shared instance of singleton bean 'defaultViewResolver'
DEBUG 25-09-03 19:50:35[restartedMain] [DefaultListableBeanFactory:308] - Creating shared instance of singleton bean 'viewResolver'
DEBUG 25-09-03 19:50:35[restartedMain] [DefaultListableBeanFactory:954] - Autowiring by type from bean name 'viewResolver' via factory method to bean named 'org.springframework.beans.factory.support.DefaultListableBeanFactory@55c21081'
DEBUG 25-09-03 19:50:35[restartedMain] [DefaultListableBeanFactory:308] - Creating shared instance of singleton bean 'viewResolver'
DEBUG 25-09-03 19:50:35[restartedMain] [DefaultListableBeanFactory:308] - Creating shared instance of singleton bean 'mustacheViewResolver'
DEBUG 25-09-03 19:50:35[restartedMain] [DefaultListableBeanFactory:308] - Creating shared instance of singleton bean 'org.springframework.boot.autoconfigure.mustache.MustacheServletWebConfiguration'
DEBUG 25-09-03 19:50:35[restartedMain] [DefaultListableBeanFactory:308] - Creating shared instance of singleton bean 'mustacheCompiler'
DEBUG 25-09-03 19:50:35[restartedMain] [DefaultListableBeanFactory:308] - Creating shared instance of singleton bean 'org.springframework.boot.autoconfigure.mustache.MustacheAutoConfiguration'
DEBUG 25-09-03 19:50:35[restartedMain] [DefaultListableBeanFactory:308] - Creating shared instance of singleton bean 'spring.mustache-org.springframework.boot.autoconfigure.mustache.MustacheProperties'
DEBUG 25-09-03 19:50:35[restartedMain] [DefaultListableBeanFactory:954] - Autowiring by type from bean name 'org.springframework.boot.autoconfigure.mustache.MustacheAutoConfiguration' via constructor to bean named 'spring.mustache-org.springframework.boot.autoconfigure.mustache.MustacheProperties'
DEBUG 25-09-03 19:50:35[restartedMain] [DefaultListableBeanFactory:954] - Autowiring by type from bean name 'org.springframework.boot.autoconfigure.mustache.MustacheAutoConfiguration' via constructor to bean named 'org.springframework.boot.web.servlet.context.AnnotationConfigServletWebServerApplicationContext@639fe74c'
DEBUG 25-09-03 19:50:35[restartedMain] [DefaultListableBeanFactory:308] - Creating shared instance of singleton bean 'mustacheTemplateLoader'
DEBUG 25-09-03 19:50:35[restartedMain] [DefaultListableBeanFactory:954] - Autowiring by type from bean name 'mustacheCompiler' via factory method to bean named 'mustacheTemplateLoader'
DEBUG 25-09-03 19:50:35[restartedMain] [DefaultListableBeanFactory:954] - Autowiring by type from bean name 'mustacheViewResolver' via factory method to bean named 'mustacheCompiler'
DEBUG 25-09-03 19:50:35[restartedMain] [DefaultListableBeanFactory:954] - Autowiring by type from bean name 'mustacheViewResolver' via factory method to bean named 'spring.mustache-org.springframework.boot.autoconfigure.mustache.MustacheProperties'
DEBUG 25-09-03 19:50:35[restartedMain] [DefaultListableBeanFactory:308] - Creating shared instance of singleton bean 'handlerFunctionAdapter'
DEBUG 25-09-03 19:50:35[restartedMain] [DefaultListableBeanFactory:308] - Creating shared instance of singleton bean 'mvcUriComponentsContributor'
DEBUG 25-09-03 19:50:35[restartedMain] [DefaultListableBeanFactory:954] - Autowiring by type from bean name 'mvcUriComponentsContributor' via factory method to bean named 'mvcConversionService'
DEBUG 25-09-03 19:50:35[restartedMain] [DefaultListableBeanFactory:954] - Autowiring by type from bean name 'mvcUriComponentsContributor' via factory method to bean named 'requestMappingHandlerAdapter'
DEBUG 25-09-03 19:50:35[restartedMain] [DefaultListableBeanFactory:308] - Creating shared instance of singleton bean 'httpRequestHandlerAdapter'
DEBUG 25-09-03 19:50:35[restartedMain] [DefaultListableBeanFactory:308] - Creating shared instance of singleton bean 'simpleControllerHandlerAdapter'
DEBUG 25-09-03 19:50:35[restartedMain] [DefaultListableBeanFactory:308] - Creating shared instance of singleton bean 'handlerExceptionResolver'
DEBUG 25-09-03 19:50:35[restartedMain] [DefaultListableBeanFactory:954] - Autowiring by type from bean name 'handlerExceptionResolver' via factory method to bean named 'mvcContentNegotiationManager'
DEBUG 25-09-03 19:50:35[restartedMain] [ExceptionHandlerExceptionResolver:336] - ControllerAdvice beans: 0 @ExceptionHandler, 1 ResponseBodyAdvice
DEBUG 25-09-03 19:50:35[restartedMain] [DefaultListableBeanFactory:308] - Creating shared instance of singleton bean 'org.mybatis.spring.boot.autoconfigure.MybatisLanguageDriverAutoConfiguration'
DEBUG 25-09-03 19:50:35[restartedMain] [DefaultListableBeanFactory:308] - Creating shared instance of singleton bean 'org.springframework.boot.autoconfigure.transaction.jta.JtaAutoConfiguration'
DEBUG 25-09-03 19:50:35[restartedMain] [DefaultListableBeanFactory:308] - Creating shared instance of singleton bean 'org.springframework.boot.autoconfigure.jdbc.DataSourceJmxConfiguration$Hikari'
DEBUG 25-09-03 19:50:35[restartedMain] [DefaultListableBeanFactory:954] - Autowiring by type from bean name 'org.springframework.boot.autoconfigure.jdbc.DataSourceJmxConfiguration$Hikari' via constructor to bean named 'dataSource'
DEBUG 25-09-03 19:50:35[restartedMain] [DefaultListableBeanFactory:308] - Creating shared instance of singleton bean 'org.springframework.boot.autoconfigure.jdbc.DataSourceJmxConfiguration'
DEBUG 25-09-03 19:50:35[restartedMain] [DefaultListableBeanFactory:308] - Creating shared instance of singleton bean 'org.springframework.boot.autoconfigure.jdbc.metadata.DataSourcePoolMetadataProvidersConfiguration'
DEBUG 25-09-03 19:50:35[restartedMain] [DefaultListableBeanFactory:308] - Creating shared instance of singleton bean 'org.springframework.boot.autoconfigure.jdbc.DataSourceAutoConfiguration'
DEBUG 25-09-03 19:50:35[restartedMain] [DefaultListableBeanFactory:308] - Creating shared instance of singleton bean 'org.mybatis.spring.boot.autoconfigure.MybatisAutoConfiguration$MapperScannerRegistrarNotFoundConfiguration'
DEBUG 25-09-03 19:50:35[restartedMain] [MybatisAutoConfiguration:319] - Not found configuration for registering mapper bean using @MapperScan, MapperFactoryBean and MapperScannerConfigurer.
DEBUG 25-09-03 19:50:35[restartedMain] [DefaultListableBeanFactory:308] - Creating shared instance of singleton bean 'org.springframework.boot.autoconfigure.jmx.JmxAutoConfiguration'
DEBUG 25-09-03 19:50:35[restartedMain] [DefaultListableBeanFactory:308] - Creating shared instance of singleton bean 'spring.jmx-org.springframework.boot.autoconfigure.jmx.JmxProperties'
DEBUG 25-09-03 19:50:35[restartedMain] [DefaultListableBeanFactory:954] - Autowiring by type from bean name 'org.springframework.boot.autoconfigure.jmx.JmxAutoConfiguration' via constructor to bean named 'spring.jmx-org.springframework.boot.autoconfigure.jmx.JmxProperties'
DEBUG 25-09-03 19:50:35[restartedMain] [DefaultListableBeanFactory:308] - Creating shared instance of singleton bean 'mbeanExporter'
DEBUG 25-09-03 19:50:35[restartedMain] [DefaultListableBeanFactory:308] - Creating shared instance of singleton bean 'objectNamingStrategy'
DEBUG 25-09-03 19:50:35[restartedMain] [DefaultListableBeanFactory:954] - Autowiring by type from bean name 'mbeanExporter' via factory method to bean named 'objectNamingStrategy'
DEBUG 25-09-03 19:50:35[restartedMain] [DefaultListableBeanFactory:954] - Autowiring by type from bean name 'mbeanExporter' via factory method to bean named 'org.springframework.beans.factory.support.DefaultListableBeanFactory@55c21081'
DEBUG 25-09-03 19:50:35[restartedMain] [DefaultListableBeanFactory:308] - Creating shared instance of singleton bean 'mbeanServer'
DEBUG 25-09-03 19:50:35[restartedMain] [JmxUtils:127] - Found MBeanServer: com.sun.jmx.mbeanserver.JmxMBeanServer@5b275dab
DEBUG 25-09-03 19:50:35[restartedMain] [DefaultListableBeanFactory:308] - Creating shared instance of singleton bean 'org.springframework.boot.autoconfigure.admin.SpringApplicationAdminJmxAutoConfiguration'
DEBUG 25-09-03 19:50:35[restartedMain] [DefaultListableBeanFactory:308] - Creating shared instance of singleton bean 'springApplicationAdminRegistrar'
DEBUG 25-09-03 19:50:35[restartedMain] [DefaultListableBeanFactory:954] - Autowiring by type from bean name 'springApplicationAdminRegistrar' via factory method to bean named 'environment'
DEBUG 25-09-03 19:50:35[restartedMain] [SpringApplicationAdminMXBeanRegistrar$SpringApplicationAdmin:131] - Application Admin MBean registered with name 'org.springframework.boot:type=Admin,name=SpringApplication'
DEBUG 25-09-03 19:50:35[restartedMain] [DefaultListableBeanFactory:308] - Creating shared instance of singleton bean 'org.springframework.boot.autoconfigure.aop.AopAutoConfiguration$AspectJAutoProxyingConfiguration$CglibAutoProxyConfiguration'
DEBUG 25-09-03 19:50:35[restartedMain] [DefaultListableBeanFactory:308] - Creating shared instance of singleton bean 'org.springframework.boot.autoconfigure.aop.AopAutoConfiguration$AspectJAutoProxyingConfiguration'
DEBUG 25-09-03 19:50:35[restartedMain] [DefaultListableBeanFactory:308] - Creating shared instance of singleton bean 'org.springframework.boot.autoconfigure.aop.AopAutoConfiguration'
DEBUG 25-09-03 19:50:35[restartedMain] [DefaultListableBeanFactory:308] - Creating shared instance of singleton bean 'org.springframework.boot.autoconfigure.availability.ApplicationAvailabilityAutoConfiguration'
DEBUG 25-09-03 19:50:35[restartedMain] [DefaultListableBeanFactory:308] - Creating shared instance of singleton bean 'applicationAvailability'
DEBUG 25-09-03 19:50:35[restartedMain] [DefaultListableBeanFactory:308] - Creating shared instance of singleton bean 'org.springframework.boot.autoconfigure.transaction.TransactionManagerCustomizationAutoConfiguration'
DEBUG 25-09-03 19:50:35[restartedMain] [DefaultListableBeanFactory:308] - Creating shared instance of singleton bean 'platformTransactionManagerCustomizers'
DEBUG 25-09-03 19:50:35[restartedMain] [DefaultListableBeanFactory:308] - Creating shared instance of singleton bean 'transactionExecutionListeners'
DEBUG 25-09-03 19:50:35[restartedMain] [DefaultListableBeanFactory:308] - Creating shared instance of singleton bean 'spring.transaction-org.springframework.boot.autoconfigure.transaction.TransactionProperties'
DEBUG 25-09-03 19:50:35[restartedMain] [DefaultListableBeanFactory:308] - Creating shared instance of singleton bean 'org.springframework.boot.autoconfigure.orm.jpa.JpaBaseConfiguration$PersistenceManagedTypesConfiguration'
DEBUG 25-09-03 19:50:35[restartedMain] [DefaultListableBeanFactory:308] - Creating shared instance of singleton bean 'transactionManager'
DEBUG 25-09-03 19:50:35[restartedMain] [DefaultListableBeanFactory:308] - Creating shared instance of singleton bean 'org.springframework.boot.autoconfigure.orm.jpa.HibernateJpaAutoConfiguration'
DEBUG 25-09-03 19:50:35[restartedMain] [DefaultListableBeanFactory:308] - Creating shared instance of singleton bean 'org.springframework.boot.autoconfigure.context.ConfigurationPropertiesAutoConfiguration'
DEBUG 25-09-03 19:50:35[restartedMain] [DefaultListableBeanFactory:308] - Creating shared instance of singleton bean 'org.springframework.boot.autoconfigure.context.LifecycleAutoConfiguration'
DEBUG 25-09-03 19:50:35[restartedMain] [DefaultListableBeanFactory:308] - Creating shared instance of singleton bean 'lifecycleProcessor'
DEBUG 25-09-03 19:50:35[restartedMain] [DefaultListableBeanFactory:308] - Creating shared instance of singleton bean 'spring.lifecycle-org.springframework.boot.autoconfigure.context.LifecycleProperties'
DEBUG 25-09-03 19:50:35[restartedMain] [DefaultListableBeanFactory:954] - Autowiring by type from bean name 'lifecycleProcessor' via factory method to bean named 'spring.lifecycle-org.springframework.boot.autoconfigure.context.LifecycleProperties'
DEBUG 25-09-03 19:50:35[restartedMain] [DefaultListableBeanFactory:308] - Creating shared instance of singleton bean 'org.springframework.boot.autoconfigure.dao.PersistenceExceptionTranslationAutoConfiguration'
DEBUG 25-09-03 19:50:35[restartedMain] [DefaultListableBeanFactory:308] - Creating shared instance of singleton bean 'org.springframework.boot.autoconfigure.data.jpa.JpaRepositoriesAutoConfiguration'
DEBUG 25-09-03 19:50:35[restartedMain] [DefaultListableBeanFactory:308] - Creating shared instance of singleton bean 'org.springframework.data.jpa.util.JpaMetamodelCacheCleanup'
DEBUG 25-09-03 19:50:35[restartedMain] [DefaultListableBeanFactory:308] - Creating shared instance of singleton bean 'org.springframework.data.jpa.repository.support.JpaEvaluationContextExtension'
DEBUG 25-09-03 19:50:35[restartedMain] [DefaultListableBeanFactory:308] - Creating shared instance of singleton bean 'data-jpa.repository-aot-processor#0'
DEBUG 25-09-03 19:50:35[restartedMain] [DefaultListableBeanFactory:308] - Creating shared instance of singleton bean 'org.springframework.boot.autoconfigure.http.JacksonHttpMessageConvertersConfiguration'
DEBUG 25-09-03 19:50:35[restartedMain] [DefaultListableBeanFactory:308] - Creating shared instance of singleton bean 'org.springframework.data.web.config.ProjectingArgumentResolverRegistrar'
DEBUG 25-09-03 19:50:35[restartedMain] [DefaultListableBeanFactory:308] - Creating shared instance of singleton bean 'offsetResolver'
DEBUG 25-09-03 19:50:35[restartedMain] [DefaultListableBeanFactory:308] - Creating shared instance of singleton bean 'org.springframework.boot.autoconfigure.http.client.HttpClientAutoConfiguration'
DEBUG 25-09-03 19:50:35[restartedMain] [DefaultListableBeanFactory:308] - Creating shared instance of singleton bean 'spring.http.client-org.springframework.boot.autoconfigure.http.client.HttpClientProperties'
DEBUG 25-09-03 19:50:35[restartedMain] [DefaultListableBeanFactory:954] - Autowiring by type from bean name 'org.springframework.boot.autoconfigure.http.client.HttpClientAutoConfiguration' via constructor to bean named 'spring.http.client-org.springframework.boot.autoconfigure.http.client.HttpClientProperties'
DEBUG 25-09-03 19:50:35[restartedMain] [DefaultListableBeanFactory:308] - Creating shared instance of singleton bean 'clientHttpRequestFactoryBuilder'
DEBUG 25-09-03 19:50:35[restartedMain] [DefaultListableBeanFactory:308] - Creating shared instance of singleton bean 'clientHttpRequestFactorySettings'
DEBUG 25-09-03 19:50:35[restartedMain] [DefaultListableBeanFactory:308] - Creating shared instance of singleton bean 'org.springframework.boot.autoconfigure.info.ProjectInfoAutoConfiguration'
DEBUG 25-09-03 19:50:35[restartedMain] [DefaultListableBeanFactory:308] - Creating shared instance of singleton bean 'spring.info-org.springframework.boot.autoconfigure.info.ProjectInfoProperties'
DEBUG 25-09-03 19:50:35[restartedMain] [DefaultListableBeanFactory:954] - Autowiring by type from bean name 'org.springframework.boot.autoconfigure.info.ProjectInfoAutoConfiguration' via constructor to bean named 'spring.info-org.springframework.boot.autoconfigure.info.ProjectInfoProperties'
DEBUG 25-09-03 19:50:35[restartedMain] [DefaultListableBeanFactory:308] - Creating shared instance of singleton bean 'org.springframework.boot.autoconfigure.jdbc.JdbcTemplateConfiguration'
DEBUG 25-09-03 19:50:35[restartedMain] [DefaultListableBeanFactory:308] - Creating shared instance of singleton bean 'jdbcTemplate'
DEBUG 25-09-03 19:50:35[restartedMain] [DefaultListableBeanFactory:308] - Creating shared instance of singleton bean 'spring.jdbc-org.springframework.boot.autoconfigure.jdbc.JdbcProperties'
DEBUG 25-09-03 19:50:35[restartedMain] [DefaultListableBeanFactory:954] - Autowiring by type from bean name 'jdbcTemplate' via factory method to bean named 'dataSource'
DEBUG 25-09-03 19:50:35[restartedMain] [DefaultListableBeanFactory:954] - Autowiring by type from bean name 'jdbcTemplate' via factory method to bean named 'spring.jdbc-org.springframework.boot.autoconfigure.jdbc.JdbcProperties'
DEBUG 25-09-03 19:50:35[restartedMain] [DefaultListableBeanFactory:308] - Creating shared instance of singleton bean 'org.springframework.boot.autoconfigure.jdbc.NamedParameterJdbcTemplateConfiguration'
DEBUG 25-09-03 19:50:35[restartedMain] [DefaultListableBeanFactory:308] - Creating shared instance of singleton bean 'namedParameterJdbcTemplate'
DEBUG 25-09-03 19:50:35[restartedMain] [DefaultListableBeanFactory:954] - Autowiring by type from bean name 'namedParameterJdbcTemplate' via factory method to bean named 'jdbcTemplate'
DEBUG 25-09-03 19:50:35[restartedMain] [DefaultListableBeanFactory:308] - Creating shared instance of singleton bean 'org.springframework.boot.autoconfigure.jdbc.JdbcTemplateAutoConfiguration'
DEBUG 25-09-03 19:50:35[restartedMain] [DefaultListableBeanFactory:308] - Creating shared instance of singleton bean 'org.springframework.boot.autoconfigure.jdbc.JdbcClientAutoConfiguration'
DEBUG 25-09-03 19:50:35[restartedMain] [DefaultListableBeanFactory:308] - Creating shared instance of singleton bean 'jdbcClient'
DEBUG 25-09-03 19:50:35[restartedMain] [DefaultListableBeanFactory:954] - Autowiring by type from bean name 'jdbcClient' via factory method to bean named 'namedParameterJdbcTemplate'
DEBUG 25-09-03 19:50:35[restartedMain] [DefaultListableBeanFactory:308] - Creating shared instance of singleton bean 'org.springframework.boot.autoconfigure.mail.MailSenderAutoConfiguration'
DEBUG 25-09-03 19:50:35[restartedMain] [DefaultListableBeanFactory:308] - Creating shared instance of singleton bean 'org.springframework.boot.autoconfigure.security.servlet.SpringBootWebSecurityConfiguration'
DEBUG 25-09-03 19:50:35[restartedMain] [DefaultListableBeanFactory:308] - Creating shared instance of singleton bean 'org.springframework.boot.autoconfigure.sql.init.SqlInitializationAutoConfiguration'
DEBUG 25-09-03 19:50:35[restartedMain] [DefaultListableBeanFactory:308] - Creating shared instance of singleton bean 'org.springframework.boot.autoconfigure.task.TaskSchedulingConfigurations$ThreadPoolTaskSchedulerBuilderConfiguration'
DEBUG 25-09-03 19:50:35[restartedMain] [DefaultListableBeanFactory:308] - Creating shared instance of singleton bean 'threadPoolTaskSchedulerBuilder'
DEBUG 25-09-03 19:50:35[restartedMain] [DefaultListableBeanFactory:308] - Creating shared instance of singleton bean 'spring.task.scheduling-org.springframework.boot.autoconfigure.task.TaskSchedulingProperties'
DEBUG 25-09-03 19:50:35[restartedMain] [DefaultListableBeanFactory:954] - Autowiring by type from bean name 'threadPoolTaskSchedulerBuilder' via factory method to bean named 'spring.task.scheduling-org.springframework.boot.autoconfigure.task.TaskSchedulingProperties'
DEBUG 25-09-03 19:50:35[restartedMain] [DefaultListableBeanFactory:308] - Creating shared instance of singleton bean 'org.springframework.boot.autoconfigure.task.TaskSchedulingConfigurations$SimpleAsyncTaskSchedulerBuilderConfiguration'
DEBUG 25-09-03 19:50:35[restartedMain] [DefaultListableBeanFactory:954] - Autowiring by type from bean name 'org.springframework.boot.autoconfigure.task.TaskSchedulingConfigurations$SimpleAsyncTaskSchedulerBuilderConfiguration' via constructor to bean named 'spring.task.scheduling-org.springframework.boot.autoconfigure.task.TaskSchedulingProperties'
DEBUG 25-09-03 19:50:35[restartedMain] [DefaultListableBeanFactory:308] - Creating shared instance of singleton bean 'simpleAsyncTaskSchedulerBuilder'
DEBUG 25-09-03 19:50:35[restartedMain] [DefaultListableBeanFactory:308] - Creating shared instance of singleton bean 'org.springframework.boot.autoconfigure.task.TaskSchedulingAutoConfiguration'
DEBUG 25-09-03 19:50:35[restartedMain] [DefaultListableBeanFactory:308] - Creating shared instance of singleton bean 'org.springframework.boot.autoconfigure.jdbc.DataSourceTransactionManagerAutoConfiguration$JdbcTransactionManagerConfiguration'
DEBUG 25-09-03 19:50:35[restartedMain] [DefaultListableBeanFactory:308] - Creating shared instance of singleton bean 'org.springframework.boot.autoconfigure.jdbc.DataSourceTransactionManagerAutoConfiguration'
DEBUG 25-09-03 19:50:35[restartedMain] [DefaultListableBeanFactory:308] - Creating shared instance of singleton bean 'org.springframework.boot.autoconfigure.transaction.TransactionAutoConfiguration$EnableTransactionManagementConfiguration$CglibAutoProxyConfiguration'
DEBUG 25-09-03 19:50:35[restartedMain] [DefaultListableBeanFactory:308] - Creating shared instance of singleton bean 'org.springframework.boot.autoconfigure.transaction.TransactionAutoConfiguration$EnableTransactionManagementConfiguration'
DEBUG 25-09-03 19:50:35[restartedMain] [DefaultListableBeanFactory:308] - Creating shared instance of singleton bean 'org.springframework.boot.autoconfigure.transaction.TransactionAutoConfiguration$TransactionTemplateConfiguration'
DEBUG 25-09-03 19:50:35[restartedMain] [DefaultListableBeanFactory:308] - Creating shared instance of singleton bean 'transactionTemplate'
DEBUG 25-09-03 19:50:35[restartedMain] [DefaultListableBeanFactory:954] - Autowiring by type from bean name 'transactionTemplate' via factory method to bean named 'transactionManager'
DEBUG 25-09-03 19:50:35[restartedMain] [DefaultListableBeanFactory:308] - Creating shared instance of singleton bean 'org.springframework.boot.autoconfigure.transaction.TransactionAutoConfiguration'
DEBUG 25-09-03 19:50:35[restartedMain] [DefaultListableBeanFactory:308] - Creating shared instance of singleton bean 'org.springframework.boot.autoconfigure.web.client.RestClientAutoConfiguration'
DEBUG 25-09-03 19:50:35[restartedMain] [DefaultListableBeanFactory:308] - Creating shared instance of singleton bean 'httpMessageConvertersRestClientCustomizer'
DEBUG 25-09-03 19:50:35[restartedMain] [DefaultListableBeanFactory:308] - Creating shared instance of singleton bean 'restClientSsl'
DEBUG 25-09-03 19:50:35[restartedMain] [DefaultListableBeanFactory:954] - Autowiring by type from bean name 'restClientSsl' via factory method to bean named 'sslBundleRegistry'
DEBUG 25-09-03 19:50:35[restartedMain] [DefaultListableBeanFactory:308] - Creating shared instance of singleton bean 'restClientBuilderConfigurer'
DEBUG 25-09-03 19:50:35[restartedMain] [DefaultListableBeanFactory:308] - Creating shared instance of singleton bean 'org.springframework.boot.autoconfigure.web.client.RestTemplateAutoConfiguration'
DEBUG 25-09-03 19:50:35[restartedMain] [DefaultListableBeanFactory:308] - Creating shared instance of singleton bean 'org.springframework.boot.autoconfigure.web.embedded.EmbeddedWebServerFactoryCustomizerAutoConfiguration'
DEBUG 25-09-03 19:50:35[restartedMain] [DefaultListableBeanFactory:308] - Creating shared instance of singleton bean 'multipartResolver'
DEBUG 25-09-03 19:50:35[restartedMain] [DefaultListableBeanFactory:308] - Creating shared instance of singleton bean 'org.springframework.boot.devtools.autoconfigure.LocalDevToolsAutoConfiguration$RestartConfiguration'
DEBUG 25-09-03 19:50:35[restartedMain] [DefaultListableBeanFactory:308] - Creating shared instance of singleton bean 'spring.devtools-org.springframework.boot.devtools.autoconfigure.DevToolsProperties'
DEBUG 25-09-03 19:50:35[restartedMain] [DefaultListableBeanFactory:954] - Autowiring by type from bean name 'org.springframework.boot.devtools.autoconfigure.LocalDevToolsAutoConfiguration$RestartConfiguration' via constructor to bean named 'spring.devtools-org.springframework.boot.devtools.autoconfigure.DevToolsProperties'
DEBUG 25-09-03 19:50:35[restartedMain] [DefaultListableBeanFactory:308] - Creating shared instance of singleton bean 'restartingClassPathChangedEventListener'
DEBUG 25-09-03 19:50:35[restartedMain] [DefaultListableBeanFactory:308] - Creating shared instance of singleton bean 'fileSystemWatcherFactory'
DEBUG 25-09-03 19:50:35[restartedMain] [DefaultListableBeanFactory:954] - Autowiring by type from bean name 'restartingClassPathChangedEventListener' via factory method to bean named 'fileSystemWatcherFactory'
DEBUG 25-09-03 19:50:35[restartedMain] [DefaultListableBeanFactory:308] - Creating shared instance of singleton bean 'classPathFileSystemWatcher'
DEBUG 25-09-03 19:50:35[restartedMain] [DefaultListableBeanFactory:308] - Creating shared instance of singleton bean 'classPathRestartStrategy'
DEBUG 25-09-03 19:50:35[restartedMain] [DefaultListableBeanFactory:954] - Autowiring by type from bean name 'classPathFileSystemWatcher' via factory method to bean named 'fileSystemWatcherFactory'
DEBUG 25-09-03 19:50:35[restartedMain] [DefaultListableBeanFactory:954] - Autowiring by type from bean name 'classPathFileSystemWatcher' via factory method to bean named 'classPathRestartStrategy'
DEBUG 25-09-03 19:50:35[restartedMain] [DefaultListableBeanFactory:308] - Creating shared instance of singleton bean 'conditionEvaluationDeltaLoggingListener'
DEBUG 25-09-03 19:50:35[restartedMain] [DefaultListableBeanFactory:308] - Creating shared instance of singleton bean 'org.springframework.boot.devtools.autoconfigure.LocalDevToolsAutoConfiguration$LiveReloadConfiguration'
DEBUG 25-09-03 19:50:35[restartedMain] [DefaultListableBeanFactory:308] - Creating shared instance of singleton bean 'optionalLiveReloadServer'
DEBUG 25-09-03 19:50:35[restartedMain] [DefaultListableBeanFactory:954] - Autowiring by type from bean name 'liveReloadServer' via factory method to bean named 'spring.devtools-org.springframework.boot.devtools.autoconfigure.DevToolsProperties'
DEBUG 25-09-03 19:50:35[restartedMain] [DefaultListableBeanFactory:954] - Autowiring by type from bean name 'optionalLiveReloadServer' via factory method to bean named 'liveReloadServer'
DEBUG 25-09-03 19:50:35[restartedMain] [LiveReloadServer:113] - Starting live reload server on port 35729
INFO  25-09-03 19:50:35[restartedMain] [OptionalLiveReloadServer:59] - LiveReload server is running on port 35729
DEBUG 25-09-03 19:50:35[restartedMain] [DefaultListableBeanFactory:308] - Creating shared instance of singleton bean 'liveReloadServerEventListener'
DEBUG 25-09-03 19:50:35[restartedMain] [DefaultListableBeanFactory:954] - Autowiring by type from bean name 'liveReloadServerEventListener' via factory method to bean named 'optionalLiveReloadServer'
DEBUG 25-09-03 19:50:35[restartedMain] [DefaultListableBeanFactory:308] - Creating shared instance of singleton bean 'org.springframework.boot.devtools.autoconfigure.LocalDevToolsAutoConfiguration'
DEBUG 25-09-03 19:50:35[restartedMain] [AnnotationMBeanExporter:449] - Registering beans for JMX exposure on startup
DEBUG 25-09-03 19:50:35[restartedMain] [AnnotationMBeanExporter:556] - Auto-detecting user-defined JMX MBeans
DEBUG 25-09-03 19:50:35[restartedMain] [AnnotationMBeanExporter:910] - Bean with name 'dataSource' has been autodetected for JMX exposure
DEBUG 25-09-03 19:50:35[restartedMain] [AnnotationMBeanExporter:683] - Located MBean 'dataSource': registering with JMX server as MBean [com.zaxxer.hikari:name=dataSource,type=HikariDataSource]
DEBUG 25-09-03 19:50:35[restartedMain] [DefaultLifecycleProcessor:581] - Starting beans in phase -2147483647
DEBUG 25-09-03 19:50:35[restartedMain] [DefaultLifecycleProcessor:411] - Successfully started bean 'springBootLoggingLifecycle'
DEBUG 25-09-03 19:50:35[restartedMain] [DefaultLifecycleProcessor:581] - Starting beans in phase 1073741823
DEBUG 25-09-03 19:50:35[restartedMain] [DefaultLifecycleProcessor:581] - Starting beans in phase 2147481599
INFO  25-09-03 19:50:35[restartedMain] [Http11NioProtocol:168] - Starting ProtocolHandler ["http-nio-8866"]
INFO  25-09-03 19:50:35[restartedMain] [TomcatWebServer:243] - Tomcat started on port 8866 (http) with context path '/'
DEBUG 25-09-03 19:50:35[restartedMain] [DefaultLifecycleProcessor:411] - Successfully started bean 'webServerStartStop'
DEBUG 25-09-03 19:50:35[restartedMain] [DefaultLifecycleProcessor:581] - Starting beans in phase 2147482623
DEBUG 25-09-03 19:50:35[restartedMain] [DefaultLifecycleProcessor:411] - Successfully started bean 'webServerGracefulShutdown'
DEBUG 25-09-03 19:50:35[restartedMain] [ConditionEvaluationReportLogger:72] - 


============================
CONDITIONS EVALUATION REPORT
============================


Positive matches:
-----------------

   AopAutoConfiguration matched:
      - @ConditionalOnBooleanProperty (spring.aop.auto=true) matched (OnPropertyCondition)

   AopAutoConfiguration.AspectJAutoProxyingConfiguration matched:
      - @ConditionalOnClass found required class 'org.aspectj.weaver.Advice' (OnClassCondition)

   AopAutoConfiguration.AspectJAutoProxyingConfiguration.CglibAutoProxyConfiguration matched:
      - @ConditionalOnBooleanProperty (spring.aop.proxy-target-class=true) matched (OnPropertyCondition)

   ApplicationAvailabilityAutoConfiguration#applicationAvailability matched:
      - @ConditionalOnMissingBean (types: org.springframework.boot.availability.ApplicationAvailability; SearchStrategy: all) did not find any beans (OnBeanCondition)

   DataSourceAutoConfiguration matched:
      - @ConditionalOnClass found required classes 'javax.sql.DataSource', 'org.springframework.jdbc.datasource.embedded.EmbeddedDatabaseType' (OnClassCondition)
      - @ConditionalOnMissingBean (types: ?; SearchStrategy: all) did not find any beans (OnBeanCondition)

   DataSourceAutoConfiguration.PooledDataSourceConfiguration matched:
      - AnyNestedCondition 1 matched 1 did not; NestedCondition on DataSourceAutoConfiguration.PooledDataSourceCondition.PooledDataSourceAvailable PooledDataSource found supported DataSource; NestedCondition on DataSourceAutoConfiguration.PooledDataSourceCondition.ExplicitType @ConditionalOnProperty (spring.datasource.type) did not find property 'spring.datasource.type' (DataSourceAutoConfiguration.PooledDataSourceCondition)
      - @ConditionalOnMissingBean (types: javax.sql.DataSource,javax.sql.XADataSource; SearchStrategy: all) did not find any beans (OnBeanCondition)

   DataSourceAutoConfiguration.PooledDataSourceConfiguration#jdbcConnectionDetails matched:
      - @ConditionalOnMissingBean (types: org.springframework.boot.autoconfigure.jdbc.JdbcConnectionDetails; SearchStrategy: all) did not find any beans (OnBeanCondition)

   DataSourceConfiguration.Hikari matched:
      - @ConditionalOnClass found required class 'com.zaxxer.hikari.HikariDataSource' (OnClassCondition)
      - @ConditionalOnProperty (spring.datasource.type=com.zaxxer.hikari.HikariDataSource) matched (OnPropertyCondition)
      - @ConditionalOnMissingBean (types: javax.sql.DataSource; SearchStrategy: all) did not find any beans (OnBeanCondition)

   DataSourceInitializationConfiguration matched:
      - @ConditionalOnClass found required class 'org.springframework.jdbc.datasource.init.DatabasePopulator' (OnClassCondition)
      - @ConditionalOnSingleCandidate (types: javax.sql.DataSource; SearchStrategy: all) found a single bean 'dataSource'; @ConditionalOnMissingBean (types: org.springframework.boot.autoconfigure.sql.init.SqlDataSourceScriptDatabaseInitializer,org.springframework.boot.autoconfigure.sql.init.SqlR2dbcScriptDatabaseInitializer; SearchStrategy: all) did not find any beans (OnBeanCondition)

   DataSourceJmxConfiguration matched:
      - @ConditionalOnBooleanProperty (spring.jmx.enabled=true) matched (OnPropertyCondition)

   DataSourceJmxConfiguration.Hikari matched:
      - @ConditionalOnClass found required class 'com.zaxxer.hikari.HikariDataSource' (OnClassCondition)
      - @ConditionalOnSingleCandidate (types: javax.sql.DataSource; SearchStrategy: all) found a single bean 'dataSource' (OnBeanCondition)

   DataSourcePoolMetadataProvidersConfiguration.HikariPoolDataSourceMetadataProviderConfiguration matched:
      - @ConditionalOnClass found required class 'com.zaxxer.hikari.HikariDataSource' (OnClassCondition)

   DataSourceTransactionManagerAutoConfiguration matched:
      - @ConditionalOnClass found required classes 'javax.sql.DataSource', 'org.springframework.jdbc.core.JdbcTemplate', 'org.springframework.transaction.TransactionManager' (OnClassCondition)

   DataSourceTransactionManagerAutoConfiguration.JdbcTransactionManagerConfiguration matched:
      - @ConditionalOnSingleCandidate (types: javax.sql.DataSource; SearchStrategy: all) found a single bean 'dataSource' (OnBeanCondition)

   DevToolsDataSourceAutoConfiguration matched:
      - @ConditionalOnClass found required class 'javax.sql.DataSource' (OnClassCondition)
      - Devtools devtools enabled. (OnEnabledDevToolsCondition)
      - DevTools DataSource Condition found auto-configured DataSource (DevToolsDataSourceAutoConfiguration.DevToolsDataSourceCondition)

   DevToolsDataSourceAutoConfiguration.DatabaseShutdownExecutorEntityManagerFactoryDependsOnPostProcessor matched:
      - @ConditionalOnClass found required class 'org.springframework.orm.jpa.LocalContainerEntityManagerFactoryBean' (OnClassCondition)
      - @ConditionalOnBean (types: org.springframework.orm.jpa.AbstractEntityManagerFactoryBean; SearchStrategy: all) found bean '&entityManagerFactory' (OnBeanCondition)

   DispatcherServletAutoConfiguration matched:
      - @ConditionalOnClass found required class 'org.springframework.web.servlet.DispatcherServlet' (OnClassCondition)
      - found 'session' scope (OnWebApplicationCondition)

   DispatcherServletAutoConfiguration.DispatcherServletConfiguration matched:
      - @ConditionalOnClass found required class 'jakarta.servlet.ServletRegistration' (OnClassCondition)
      - Default DispatcherServlet did not find dispatcher servlet beans (DispatcherServletAutoConfiguration.DefaultDispatcherServletCondition)

   DispatcherServletAutoConfiguration.DispatcherServletRegistrationConfiguration matched:
      - @ConditionalOnClass found required class 'jakarta.servlet.ServletRegistration' (OnClassCondition)
      - DispatcherServlet Registration did not find servlet registration bean (DispatcherServletAutoConfiguration.DispatcherServletRegistrationCondition)

   DispatcherServletAutoConfiguration.DispatcherServletRegistrationConfiguration#dispatcherServletRegistration matched:
      - @ConditionalOnBean (names: dispatcherServlet types: org.springframework.web.servlet.DispatcherServlet; SearchStrategy: all) found bean 'dispatcherServlet' (OnBeanCondition)

   EmbeddedWebServerFactoryCustomizerAutoConfiguration matched:
      - @ConditionalOnWebApplication (required) found 'session' scope (OnWebApplicationCondition)
      - @ConditionalOnWarDeployment the application is not deployed as a WAR file. (OnWarDeploymentCondition)

   EmbeddedWebServerFactoryCustomizerAutoConfiguration.TomcatWebServerFactoryCustomizerConfiguration matched:
      - @ConditionalOnClass found required classes 'org.apache.catalina.startup.Tomcat', 'org.apache.coyote.UpgradeProtocol' (OnClassCondition)

   ErrorMvcAutoConfiguration matched:
      - @ConditionalOnClass found required classes 'jakarta.servlet.Servlet', 'org.springframework.web.servlet.DispatcherServlet' (OnClassCondition)
      - found 'session' scope (OnWebApplicationCondition)

   ErrorMvcAutoConfiguration#basicErrorController matched:
      - @ConditionalOnMissingBean (types: org.springframework.boot.web.servlet.error.ErrorController; SearchStrategy: current) did not find any beans (OnBeanCondition)

   ErrorMvcAutoConfiguration#errorAttributes matched:
      - @ConditionalOnMissingBean (types: org.springframework.boot.web.servlet.error.ErrorAttributes; SearchStrategy: current) did not find any beans (OnBeanCondition)

   ErrorMvcAutoConfiguration.DefaultErrorViewResolverConfiguration#conventionErrorViewResolver matched:
      - @ConditionalOnBean (types: org.springframework.web.servlet.DispatcherServlet; SearchStrategy: all) found bean 'dispatcherServlet'; @ConditionalOnMissingBean (types: org.springframework.boot.autoconfigure.web.servlet.error.ErrorViewResolver; SearchStrategy: all) did not find any beans (OnBeanCondition)

   ErrorMvcAutoConfiguration.WhitelabelErrorViewConfiguration matched:
      - @ConditionalOnBooleanProperty (server.error.whitelabel.enabled=true) matched (OnPropertyCondition)
      - ErrorTemplate Missing did not find error template view (ErrorMvcAutoConfiguration.ErrorTemplateMissingCondition)

   ErrorMvcAutoConfiguration.WhitelabelErrorViewConfiguration#beanNameViewResolver matched:
      - @ConditionalOnMissingBean (types: org.springframework.web.servlet.view.BeanNameViewResolver; SearchStrategy: all) did not find any beans (OnBeanCondition)

   ErrorMvcAutoConfiguration.WhitelabelErrorViewConfiguration#defaultErrorView matched:
      - @ConditionalOnMissingBean (names: error; SearchStrategy: all) did not find any beans (OnBeanCondition)

   GenericCacheConfiguration matched:
      - Cache org.springframework.boot.autoconfigure.cache.GenericCacheConfiguration automatic cache type (CacheCondition)

   HibernateJpaAutoConfiguration matched:
      - @ConditionalOnClass found required classes 'org.springframework.orm.jpa.LocalContainerEntityManagerFactoryBean', 'jakarta.persistence.EntityManager', 'org.hibernate.engine.spi.SessionImplementor' (OnClassCondition)

   HibernateJpaConfiguration matched:
      - @ConditionalOnSingleCandidate (types: javax.sql.DataSource; SearchStrategy: all) found a single bean 'dataSource' (OnBeanCondition)

   HttpClientAutoConfiguration matched:
      - @ConditionalOnClass found required class 'org.springframework.http.client.ClientHttpRequestFactory' (OnClassCondition)
      - NoneNestedConditions 0 matched 1 did not; NestedCondition on NotReactiveWebApplicationCondition.ReactiveWebApplication did not find reactive web application classes (NotReactiveWebApplicationCondition)

   HttpClientAutoConfiguration#clientHttpRequestFactoryBuilder matched:
      - @ConditionalOnMissingBean (types: org.springframework.boot.http.client.ClientHttpRequestFactoryBuilder<?>; SearchStrategy: all) did not find any beans (OnBeanCondition)

   HttpClientAutoConfiguration#clientHttpRequestFactorySettings matched:
      - @ConditionalOnMissingBean (types: org.springframework.boot.http.client.ClientHttpRequestFactorySettings; SearchStrategy: all) did not find any beans (OnBeanCondition)

   HttpEncodingAutoConfiguration matched:
      - @ConditionalOnClass found required class 'org.springframework.web.filter.CharacterEncodingFilter' (OnClassCondition)
      - found 'session' scope (OnWebApplicationCondition)
      - @ConditionalOnBooleanProperty (server.servlet.encoding.enabled=true) matched (OnPropertyCondition)

   HttpEncodingAutoConfiguration#characterEncodingFilter matched:
      - @ConditionalOnMissingBean (types: org.springframework.web.filter.CharacterEncodingFilter; SearchStrategy: all) did not find any beans (OnBeanCondition)

   HttpMessageConvertersAutoConfiguration matched:
      - @ConditionalOnClass found required class 'org.springframework.http.converter.HttpMessageConverter' (OnClassCondition)
      - NoneNestedConditions 0 matched 1 did not; NestedCondition on HttpMessageConvertersAutoConfiguration.NotReactiveWebApplicationCondition.ReactiveWebApplication did not find reactive web application classes (HttpMessageConvertersAutoConfiguration.NotReactiveWebApplicationCondition)

   HttpMessageConvertersAutoConfiguration#messageConverters matched:
      - @ConditionalOnMissingBean (types: org.springframework.boot.autoconfigure.http.HttpMessageConverters; SearchStrategy: all) did not find any beans (OnBeanCondition)

   HttpMessageConvertersAutoConfiguration.StringHttpMessageConverterConfiguration matched:
      - @ConditionalOnClass found required class 'org.springframework.http.converter.StringHttpMessageConverter' (OnClassCondition)

   HttpMessageConvertersAutoConfiguration.StringHttpMessageConverterConfiguration#stringHttpMessageConverter matched:
      - @ConditionalOnMissingBean (types: org.springframework.http.converter.StringHttpMessageConverter; SearchStrategy: all) did not find any beans (OnBeanCondition)

   JacksonAutoConfiguration matched:
      - @ConditionalOnClass found required class 'com.fasterxml.jackson.databind.ObjectMapper' (OnClassCondition)

   JacksonAutoConfiguration.Jackson2ObjectMapperBuilderCustomizerConfiguration matched:
      - @ConditionalOnClass found required class 'org.springframework.http.converter.json.Jackson2ObjectMapperBuilder' (OnClassCondition)

   JacksonAutoConfiguration.JacksonObjectMapperBuilderConfiguration matched:
      - @ConditionalOnClass found required class 'org.springframework.http.converter.json.Jackson2ObjectMapperBuilder' (OnClassCondition)

   JacksonAutoConfiguration.JacksonObjectMapperBuilderConfiguration#jacksonObjectMapperBuilder matched:
      - @ConditionalOnMissingBean (types: org.springframework.http.converter.json.Jackson2ObjectMapperBuilder; SearchStrategy: all) did not find any beans (OnBeanCondition)

   JacksonAutoConfiguration.JacksonObjectMapperConfiguration matched:
      - @ConditionalOnClass found required class 'org.springframework.http.converter.json.Jackson2ObjectMapperBuilder' (OnClassCondition)

   JacksonAutoConfiguration.JacksonObjectMapperConfiguration#jacksonObjectMapper matched:
      - @ConditionalOnMissingBean (types: com.fasterxml.jackson.databind.ObjectMapper; SearchStrategy: all) did not find any beans (OnBeanCondition)

   JacksonAutoConfiguration.ParameterNamesModuleConfiguration matched:
      - @ConditionalOnClass found required class 'com.fasterxml.jackson.module.paramnames.ParameterNamesModule' (OnClassCondition)

   JacksonAutoConfiguration.ParameterNamesModuleConfiguration#parameterNamesModule matched:
      - @ConditionalOnMissingBean (types: com.fasterxml.jackson.module.paramnames.ParameterNamesModule; SearchStrategy: all) did not find any beans (OnBeanCondition)

   JacksonHttpMessageConvertersConfiguration.MappingJackson2HttpMessageConverterConfiguration matched:
      - @ConditionalOnClass found required class 'com.fasterxml.jackson.databind.ObjectMapper' (OnClassCondition)
      - @ConditionalOnPreferredJsonMapper JACKSON no property was configured and Jackson is the default (OnPreferredJsonMapperCondition)
      - @ConditionalOnBean (types: com.fasterxml.jackson.databind.ObjectMapper; SearchStrategy: all) found bean 'jacksonObjectMapper' (OnBeanCondition)

   JacksonHttpMessageConvertersConfiguration.MappingJackson2HttpMessageConverterConfiguration#mappingJackson2HttpMessageConverter matched:
      - @ConditionalOnMissingBean (types: org.springframework.http.converter.json.MappingJackson2HttpMessageConverter ignored: ?; SearchStrategy: all) did not find any beans (OnBeanCondition)

   JdbcClientAutoConfiguration matched:
      - @ConditionalOnSingleCandidate (types: org.springframework.jdbc.core.namedparam.NamedParameterJdbcTemplate; SearchStrategy: all) found a single bean 'namedParameterJdbcTemplate'; @ConditionalOnMissingBean (types: org.springframework.jdbc.core.simple.JdbcClient; SearchStrategy: all) did not find any beans (OnBeanCondition)

   JdbcTemplateAutoConfiguration matched:
      - @ConditionalOnClass found required classes 'javax.sql.DataSource', 'org.springframework.jdbc.core.JdbcTemplate' (OnClassCondition)
      - @ConditionalOnSingleCandidate (types: javax.sql.DataSource; SearchStrategy: all) found a single bean 'dataSource' (OnBeanCondition)

   JdbcTemplateConfiguration matched:
      - @ConditionalOnMissingBean (types: org.springframework.jdbc.core.JdbcOperations; SearchStrategy: all) did not find any beans (OnBeanCondition)

   JmxAutoConfiguration matched:
      - @ConditionalOnClass found required class 'org.springframework.jmx.export.MBeanExporter' (OnClassCondition)
      - @ConditionalOnBooleanProperty (spring.jmx.enabled=true) matched (OnPropertyCondition)

   JmxAutoConfiguration#mbeanExporter matched:
      - @ConditionalOnMissingBean (types: org.springframework.jmx.export.MBeanExporter; SearchStrategy: current) did not find any beans (OnBeanCondition)

   JmxAutoConfiguration#mbeanServer matched:
      - @ConditionalOnMissingBean (types: javax.management.MBeanServer; SearchStrategy: all) did not find any beans (OnBeanCondition)

   JmxAutoConfiguration#objectNamingStrategy matched:
      - @ConditionalOnMissingBean (types: org.springframework.jmx.export.naming.ObjectNamingStrategy; SearchStrategy: current) did not find any beans (OnBeanCondition)

   JpaBaseConfiguration#entityManagerFactory matched:
      - @ConditionalOnMissingBean (types: org.springframework.orm.jpa.LocalContainerEntityManagerFactoryBean,jakarta.persistence.EntityManagerFactory; SearchStrategy: all) did not find any beans (OnBeanCondition)

   JpaBaseConfiguration#entityManagerFactoryBuilder matched:
      - @ConditionalOnMissingBean (types: org.springframework.boot.orm.jpa.EntityManagerFactoryBuilder; SearchStrategy: all) did not find any beans (OnBeanCondition)

   JpaBaseConfiguration#jpaVendorAdapter matched:
      - @ConditionalOnMissingBean (types: org.springframework.orm.jpa.JpaVendorAdapter; SearchStrategy: all) did not find any beans (OnBeanCondition)

   JpaBaseConfiguration#transactionManager matched:
      - @ConditionalOnMissingBean (types: org.springframework.transaction.TransactionManager; SearchStrategy: all) did not find any beans (OnBeanCondition)

   JpaBaseConfiguration.JpaWebConfiguration matched:
      - @ConditionalOnClass found required class 'org.springframework.web.servlet.config.annotation.WebMvcConfigurer' (OnClassCondition)
      - found 'session' scope (OnWebApplicationCondition)
      - @ConditionalOnBooleanProperty (spring.jpa.open-in-view=true) matched (OnPropertyCondition)
      - @ConditionalOnMissingBean (types: org.springframework.orm.jpa.support.OpenEntityManagerInViewInterceptor,org.springframework.orm.jpa.support.OpenEntityManagerInViewFilter; SearchStrategy: all) did not find any beans (OnBeanCondition)

   JpaBaseConfiguration.PersistenceManagedTypesConfiguration matched:
      - @ConditionalOnMissingBean (types: org.springframework.orm.jpa.LocalContainerEntityManagerFactoryBean,jakarta.persistence.EntityManagerFactory; SearchStrategy: all) did not find any beans (OnBeanCondition)

   JpaBaseConfiguration.PersistenceManagedTypesConfiguration#persistenceManagedTypes matched:
      - @ConditionalOnMissingBean (types: org.springframework.orm.jpa.persistenceunit.PersistenceManagedTypes; SearchStrategy: all) did not find any beans (OnBeanCondition)

   JpaRepositoriesAutoConfiguration matched:
      - @ConditionalOnClass found required class 'org.springframework.data.jpa.repository.JpaRepository' (OnClassCondition)
      - @ConditionalOnBooleanProperty (spring.data.jpa.repositories.enabled=true) matched (OnPropertyCondition)
      - @ConditionalOnBean (types: javax.sql.DataSource; SearchStrategy: all) found bean 'dataSource'; @ConditionalOnMissingBean (types: org.springframework.data.jpa.repository.support.JpaRepositoryFactoryBean,org.springframework.data.jpa.repository.config.JpaRepositoryConfigExtension; SearchStrategy: all) did not find any beans (OnBeanCondition)

   JtaAutoConfiguration matched:
      - @ConditionalOnClass found required class 'jakarta.transaction.Transaction' (OnClassCondition)
      - @ConditionalOnBooleanProperty (spring.jta.enabled=true) matched (OnPropertyCondition)

   LifecycleAutoConfiguration#defaultLifecycleProcessor matched:
      - @ConditionalOnMissingBean (names: lifecycleProcessor; SearchStrategy: current) did not find any beans (OnBeanCondition)

   LocalDevToolsAutoConfiguration matched:
      - Initialized Restarter Condition available and initialized (OnInitializedRestarterCondition)

   LocalDevToolsAutoConfiguration.LiveReloadConfiguration matched:
      - @ConditionalOnBooleanProperty (spring.devtools.livereload.enabled=true) matched (OnPropertyCondition)

   LocalDevToolsAutoConfiguration.LiveReloadConfiguration#liveReloadServer matched:
      - @ConditionalOnMissingBean (types: org.springframework.boot.devtools.livereload.LiveReloadServer; SearchStrategy: all) did not find any beans (OnBeanCondition)

   LocalDevToolsAutoConfiguration.RestartConfiguration matched:
      - @ConditionalOnBooleanProperty (spring.devtools.restart.enabled=true) matched (OnPropertyCondition)

   LocalDevToolsAutoConfiguration.RestartConfiguration#classPathFileSystemWatcher matched:
      - @ConditionalOnMissingBean (types: org.springframework.boot.devtools.classpath.ClassPathFileSystemWatcher; SearchStrategy: all) did not find any beans (OnBeanCondition)

   LocalDevToolsAutoConfiguration.RestartConfiguration#classPathRestartStrategy matched:
      - @ConditionalOnMissingBean (types: org.springframework.boot.devtools.classpath.ClassPathRestartStrategy; SearchStrategy: all) did not find any beans (OnBeanCondition)

   LocalDevToolsAutoConfiguration.RestartConfiguration#conditionEvaluationDeltaLoggingListener matched:
      - @ConditionalOnBooleanProperty (spring.devtools.restart.log-condition-evaluation-delta=true) matched (OnPropertyCondition)

   MailSenderAutoConfiguration matched:
      - @ConditionalOnClass found required classes 'jakarta.mail.internet.MimeMessage', 'jakarta.activation.MimeType', 'org.springframework.mail.MailSender' (OnClassCondition)
      - AnyNestedCondition 1 matched 1 did not; NestedCondition on MailSenderAutoConfiguration.MailSenderCondition.JndiNameProperty @ConditionalOnProperty (spring.mail.jndi-name) did not find property 'spring.mail.jndi-name'; NestedCondition on MailSenderAutoConfiguration.MailSenderCondition.HostProperty @ConditionalOnProperty (spring.mail.host) matched (MailSenderAutoConfiguration.MailSenderCondition)
      - @ConditionalOnMissingBean (types: org.springframework.mail.MailSender; SearchStrategy: all) did not find any beans (OnBeanCondition)

   MailSenderPropertiesConfiguration matched:
      - @ConditionalOnProperty (spring.mail.host) matched (OnPropertyCondition)

   MailSenderPropertiesConfiguration#mailSender matched:
      - @ConditionalOnMissingBean (types: org.springframework.mail.javamail.JavaMailSender; SearchStrategy: all) did not find any beans (OnBeanCondition)

   MultipartAutoConfiguration matched:
      - @ConditionalOnClass found required classes 'jakarta.servlet.Servlet', 'org.springframework.web.multipart.support.StandardServletMultipartResolver', 'jakarta.servlet.MultipartConfigElement' (OnClassCondition)
      - found 'session' scope (OnWebApplicationCondition)
      - @ConditionalOnBooleanProperty (spring.servlet.multipart.enabled=true) matched (OnPropertyCondition)

   MultipartAutoConfiguration#multipartConfigElement matched:
      - @ConditionalOnMissingBean (types: jakarta.servlet.MultipartConfigElement; SearchStrategy: all) did not find any beans (OnBeanCondition)

   MultipartAutoConfiguration#multipartResolver matched:
      - @ConditionalOnMissingBean (types: org.springframework.web.multipart.MultipartResolver; SearchStrategy: all) did not find any beans (OnBeanCondition)

   MustacheAutoConfiguration matched:
      - @ConditionalOnClass found required class 'com.samskivert.mustache.Mustache' (OnClassCondition)

   MustacheAutoConfiguration#mustacheCompiler matched:
      - @ConditionalOnMissingBean (types: com.samskivert.mustache.Mustache$Compiler; SearchStrategy: all) did not find any beans (OnBeanCondition)

   MustacheAutoConfiguration#mustacheTemplateLoader matched:
      - @ConditionalOnMissingBean (types: com.samskivert.mustache.Mustache$TemplateLoader; SearchStrategy: all) did not find any beans (OnBeanCondition)

   MustacheServletWebConfiguration matched:
      - @ConditionalOnClass found required class 'org.springframework.boot.web.servlet.view.MustacheViewResolver' (OnClassCondition)
      - found 'session' scope (OnWebApplicationCondition)

   MustacheServletWebConfiguration#mustacheViewResolver matched:
      - @ConditionalOnBooleanProperty (spring.mustache.enabled=true) matched (OnPropertyCondition)
      - @ConditionalOnMissingBean (types: org.springframework.boot.web.servlet.view.MustacheViewResolver; SearchStrategy: all) did not find any beans (OnBeanCondition)

   MybatisAutoConfiguration matched:
      - @ConditionalOnClass found required classes 'org.apache.ibatis.session.SqlSessionFactory', 'org.mybatis.spring.SqlSessionFactoryBean' (OnClassCondition)
      - @ConditionalOnSingleCandidate (types: javax.sql.DataSource; SearchStrategy: all) found a single bean 'dataSource' (OnBeanCondition)

   MybatisAutoConfiguration#sqlSessionFactory matched:
      - @ConditionalOnMissingBean (types: org.apache.ibatis.session.SqlSessionFactory; SearchStrategy: all) did not find any beans (OnBeanCondition)

   MybatisAutoConfiguration#sqlSessionTemplate matched:
      - @ConditionalOnMissingBean (types: org.mybatis.spring.SqlSessionTemplate; SearchStrategy: all) did not find any beans (OnBeanCondition)

   MybatisAutoConfiguration.MapperScannerRegistrarNotFoundConfiguration matched:
      - @ConditionalOnMissingBean (types: org.mybatis.spring.mapper.MapperFactoryBean,org.mybatis.spring.mapper.MapperScannerConfigurer; SearchStrategy: all) did not find any beans (OnBeanCondition)

   MybatisLanguageDriverAutoConfiguration matched:
      - @ConditionalOnClass found required class 'org.apache.ibatis.scripting.LanguageDriver' (OnClassCondition)

   NamedParameterJdbcTemplateConfiguration matched:
      - @ConditionalOnSingleCandidate (types: org.springframework.jdbc.core.JdbcTemplate; SearchStrategy: all) found a single bean 'jdbcTemplate'; @ConditionalOnMissingBean (types: org.springframework.jdbc.core.namedparam.NamedParameterJdbcOperations; SearchStrategy: all) did not find any beans (OnBeanCondition)

   NoOpCacheConfiguration matched:
      - Cache org.springframework.boot.autoconfigure.cache.NoOpCacheConfiguration automatic cache type (CacheCondition)

   PersistenceExceptionTranslationAutoConfiguration matched:
      - @ConditionalOnClass found required class 'org.springframework.dao.annotation.PersistenceExceptionTranslationPostProcessor' (OnClassCondition)

   PersistenceExceptionTranslationAutoConfiguration#persistenceExceptionTranslationPostProcessor matched:
      - @ConditionalOnBooleanProperty (spring.dao.exceptiontranslation.enabled=true) matched (OnPropertyCondition)
      - @ConditionalOnMissingBean (types: org.springframework.dao.annotation.PersistenceExceptionTranslationPostProcessor; SearchStrategy: all) did not find any beans (OnBeanCondition)

   PropertyPlaceholderAutoConfiguration#propertySourcesPlaceholderConfigurer matched:
      - @ConditionalOnMissingBean (types: org.springframework.context.support.PropertySourcesPlaceholderConfigurer; SearchStrategy: current) did not find any beans (OnBeanCondition)

   RestClientAutoConfiguration matched:
      - @ConditionalOnClass found required class 'org.springframework.web.client.RestClient' (OnClassCondition)
      - AnyNestedCondition 1 matched 1 did not; NestedCondition on NotReactiveWebApplicationOrVirtualThreadsExecutorEnabledCondition.VirtualThreadsExecutorEnabled found non-matching nested conditions @ConditionalOnThreading did not find VIRTUAL; NestedCondition on NotReactiveWebApplicationOrVirtualThreadsExecutorEnabledCondition.NotReactiveWebApplication NoneNestedConditions 0 matched 1 did not; NestedCondition on NotReactiveWebApplicationCondition.ReactiveWebApplication did not find reactive web application classes (NotReactiveWebApplicationOrVirtualThreadsExecutorEnabledCondition)

   RestClientAutoConfiguration#httpMessageConvertersRestClientCustomizer matched:
      - @ConditionalOnMissingBean (types: org.springframework.boot.autoconfigure.web.client.HttpMessageConvertersRestClientCustomizer; SearchStrategy: all) did not find any beans (OnBeanCondition)

   RestClientAutoConfiguration#restClientBuilder matched:
      - @ConditionalOnMissingBean (types: org.springframework.web.client.RestClient$Builder; SearchStrategy: all) did not find any beans (OnBeanCondition)

   RestClientAutoConfiguration#restClientBuilderConfigurer matched:
      - @ConditionalOnMissingBean (types: org.springframework.boot.autoconfigure.web.client.RestClientBuilderConfigurer; SearchStrategy: all) did not find any beans (OnBeanCondition)

   RestClientAutoConfiguration#restClientSsl matched:
      - @ConditionalOnBean (types: org.springframework.boot.ssl.SslBundles; SearchStrategy: all) found bean 'sslBundleRegistry'; @ConditionalOnMissingBean (types: org.springframework.boot.autoconfigure.web.client.RestClientSsl; SearchStrategy: all) did not find any beans (OnBeanCondition)

   RestTemplateAutoConfiguration matched:
      - @ConditionalOnClass found required class 'org.springframework.web.client.RestTemplate' (OnClassCondition)
      - NoneNestedConditions 0 matched 1 did not; NestedCondition on NotReactiveWebApplicationCondition.ReactiveWebApplication did not find reactive web application classes (NotReactiveWebApplicationCondition)

   RestTemplateAutoConfiguration#restTemplateBuilder matched:
      - @ConditionalOnMissingBean (types: org.springframework.boot.web.client.RestTemplateBuilder; SearchStrategy: all) did not find any beans (OnBeanCondition)

   SecurityAutoConfiguration matched:
      - @ConditionalOnClass found required class 'org.springframework.security.authentication.DefaultAuthenticationEventPublisher' (OnClassCondition)

   SecurityAutoConfiguration#authenticationEventPublisher matched:
      - @ConditionalOnMissingBean (types: org.springframework.security.authentication.AuthenticationEventPublisher; SearchStrategy: all) did not find any beans (OnBeanCondition)

   SecurityFilterAutoConfiguration matched:
      - @ConditionalOnClass found required classes 'org.springframework.security.web.context.AbstractSecurityWebApplicationInitializer', 'org.springframework.security.config.http.SessionCreationPolicy' (OnClassCondition)
      - found 'session' scope (OnWebApplicationCondition)

   SecurityFilterAutoConfiguration#securityFilterChainRegistration matched:
      - @ConditionalOnBean (names: springSecurityFilterChain; SearchStrategy: all) found bean 'springSecurityFilterChain' (OnBeanCondition)

   ServletWebServerFactoryAutoConfiguration matched:
      - @ConditionalOnClass found required class 'jakarta.servlet.ServletRequest' (OnClassCondition)
      - found 'session' scope (OnWebApplicationCondition)

   ServletWebServerFactoryAutoConfiguration#tomcatServletWebServerFactoryCustomizer matched:
      - @ConditionalOnClass found required class 'org.apache.catalina.startup.Tomcat' (OnClassCondition)

   ServletWebServerFactoryConfiguration.EmbeddedTomcat matched:
      - @ConditionalOnClass found required classes 'jakarta.servlet.Servlet', 'org.apache.catalina.startup.Tomcat', 'org.apache.coyote.UpgradeProtocol' (OnClassCondition)
      - @ConditionalOnMissingBean (types: org.springframework.boot.web.servlet.server.ServletWebServerFactory; SearchStrategy: current) did not find any beans (OnBeanCondition)

   SimpleCacheConfiguration matched:
      - Cache org.springframework.boot.autoconfigure.cache.SimpleCacheConfiguration automatic cache type (CacheCondition)

   SpringApplicationAdminJmxAutoConfiguration matched:
      - @ConditionalOnBooleanProperty (spring.application.admin.enabled=true) matched (OnPropertyCondition)

   SpringApplicationAdminJmxAutoConfiguration#springApplicationAdminRegistrar matched:
      - @ConditionalOnMissingBean (types: org.springframework.boot.admin.SpringApplicationAdminMXBeanRegistrar; SearchStrategy: all) did not find any beans (OnBeanCondition)

   SpringBootWebSecurityConfiguration matched:
      - found 'session' scope (OnWebApplicationCondition)

   SpringDataWebAutoConfiguration matched:
      - @ConditionalOnClass found required classes 'org.springframework.data.web.PageableHandlerMethodArgumentResolver', 'org.springframework.web.servlet.config.annotation.WebMvcConfigurer' (OnClassCondition)
      - found 'session' scope (OnWebApplicationCondition)
      - @ConditionalOnMissingBean (types: org.springframework.data.web.PageableHandlerMethodArgumentResolver; SearchStrategy: all) did not find any beans (OnBeanCondition)

   SpringDataWebAutoConfiguration#pageableCustomizer matched:
      - @ConditionalOnMissingBean (types: org.springframework.data.web.config.PageableHandlerMethodArgumentResolverCustomizer; SearchStrategy: all) did not find any beans (OnBeanCondition)

   SpringDataWebAutoConfiguration#sortCustomizer matched:
      - @ConditionalOnMissingBean (types: org.springframework.data.web.config.SortHandlerMethodArgumentResolverCustomizer; SearchStrategy: all) did not find any beans (OnBeanCondition)

   SpringDataWebAutoConfiguration#springDataWebSettings matched:
      - @ConditionalOnMissingBean (types: org.springframework.data.web.config.SpringDataWebSettings; SearchStrategy: all) did not find any beans (OnBeanCondition)

   SqlInitializationAutoConfiguration matched:
      - @ConditionalOnBooleanProperty (spring.sql.init.enabled=true) matched (OnPropertyCondition)
      - NoneNestedConditions 0 matched 1 did not; NestedCondition on SqlInitializationAutoConfiguration.SqlInitializationModeCondition.ModeIsNever @ConditionalOnProperty (spring.sql.init.mode=never) did not find property 'spring.sql.init.mode' (SqlInitializationAutoConfiguration.SqlInitializationModeCondition)

   SslAutoConfiguration#sslBundleRegistry matched:
      - @ConditionalOnMissingBean (types: org.springframework.boot.ssl.SslBundleRegistry,org.springframework.boot.ssl.SslBundles; SearchStrategy: all) did not find any beans (OnBeanCondition)

   TaskExecutionAutoConfiguration matched:
      - @ConditionalOnClass found required class 'org.springframework.scheduling.concurrent.ThreadPoolTaskExecutor' (OnClassCondition)

   TaskExecutorConfigurations.AsyncConfigurerConfiguration matched:
      - @ConditionalOnMissingBean (types: org.springframework.scheduling.annotation.AsyncConfigurer; SearchStrategy: all) did not find any beans (OnBeanCondition)

   TaskExecutorConfigurations.AsyncConfigurerConfiguration#applicationTaskExecutorAsyncConfigurer matched:
      - @ConditionalOnMissingBean (types: org.springframework.scheduling.annotation.AsyncConfigurer; SearchStrategy: all) did not find any beans (OnBeanCondition)

   TaskExecutorConfigurations.SimpleAsyncTaskExecutorBuilderConfiguration#simpleAsyncTaskExecutorBuilder matched:
      - @ConditionalOnMissingBean (types: org.springframework.boot.task.SimpleAsyncTaskExecutorBuilder; SearchStrategy: all) did not find any beans (OnBeanCondition)
      - @ConditionalOnThreading found PLATFORM (OnThreadingCondition)

   TaskExecutorConfigurations.TaskExecutorConfiguration matched:
      - AnyNestedCondition 1 matched 1 did not; NestedCondition on TaskExecutorConfigurations.OnExecutorCondition.ModelCondition @ConditionalOnProperty (spring.task.execution.mode=force) did not find property 'spring.task.execution.mode'; NestedCondition on TaskExecutorConfigurations.OnExecutorCondition.ExecutorBeanCondition @ConditionalOnMissingBean (types: java.util.concurrent.Executor; SearchStrategy: all) did not find any beans (TaskExecutorConfigurations.OnExecutorCondition)

   TaskExecutorConfigurations.TaskExecutorConfiguration#applicationTaskExecutor matched:
      - @ConditionalOnThreading found PLATFORM (OnThreadingCondition)

   TaskExecutorConfigurations.ThreadPoolTaskExecutorBuilderConfiguration#threadPoolTaskExecutorBuilder matched:
      - @ConditionalOnMissingBean (types: org.springframework.boot.task.ThreadPoolTaskExecutorBuilder; SearchStrategy: all) did not find any beans (OnBeanCondition)

   TaskSchedulingAutoConfiguration matched:
      - @ConditionalOnClass found required class 'org.springframework.scheduling.concurrent.ThreadPoolTaskScheduler' (OnClassCondition)

   TaskSchedulingConfigurations.SimpleAsyncTaskSchedulerBuilderConfiguration#simpleAsyncTaskSchedulerBuilder matched:
      - @ConditionalOnMissingBean (types: org.springframework.boot.task.SimpleAsyncTaskSchedulerBuilder; SearchStrategy: all) did not find any beans (OnBeanCondition)
      - @ConditionalOnThreading found PLATFORM (OnThreadingCondition)

   TaskSchedulingConfigurations.ThreadPoolTaskSchedulerBuilderConfiguration#threadPoolTaskSchedulerBuilder matched:
      - @ConditionalOnMissingBean (types: org.springframework.boot.task.ThreadPoolTaskSchedulerBuilder; SearchStrategy: all) did not find any beans (OnBeanCondition)

   TransactionAutoConfiguration matched:
      - @ConditionalOnClass found required class 'org.springframework.transaction.PlatformTransactionManager' (OnClassCondition)

   TransactionAutoConfiguration.EnableTransactionManagementConfiguration matched:
      - @ConditionalOnBean (types: org.springframework.transaction.TransactionManager; SearchStrategy: all) found bean 'transactionManager'; @ConditionalOnMissingBean (types: org.springframework.transaction.annotation.AbstractTransactionManagementConfiguration; SearchStrategy: all) did not find any beans (OnBeanCondition)

   TransactionAutoConfiguration.EnableTransactionManagementConfiguration.CglibAutoProxyConfiguration matched:
      - @ConditionalOnBooleanProperty (spring.aop.proxy-target-class=true) matched (OnPropertyCondition)

   TransactionAutoConfiguration.TransactionTemplateConfiguration matched:
      - @ConditionalOnSingleCandidate (types: org.springframework.transaction.PlatformTransactionManager; SearchStrategy: all) found a single bean 'transactionManager' (OnBeanCondition)

   TransactionAutoConfiguration.TransactionTemplateConfiguration#transactionTemplate matched:
      - @ConditionalOnMissingBean (types: org.springframework.transaction.support.TransactionOperations; SearchStrategy: all) did not find any beans (OnBeanCondition)

   TransactionManagerCustomizationAutoConfiguration matched:
      - @ConditionalOnClass found required class 'org.springframework.transaction.PlatformTransactionManager' (OnClassCondition)

   TransactionManagerCustomizationAutoConfiguration#platformTransactionManagerCustomizers matched:
      - @ConditionalOnMissingBean (types: org.springframework.boot.autoconfigure.transaction.TransactionManagerCustomizers; SearchStrategy: all) did not find any beans (OnBeanCondition)

   ValidationAutoConfiguration matched:
      - @ConditionalOnClass found required class 'jakarta.validation.executable.ExecutableValidator' (OnClassCondition)
      - @ConditionalOnResource found location classpath:META-INF/services/jakarta.validation.spi.ValidationProvider (OnResourceCondition)

   ValidationAutoConfiguration#defaultValidator matched:
      - @ConditionalOnMissingBean (types: jakarta.validation.Validator; SearchStrategy: all) did not find any beans (OnBeanCondition)

   ValidationAutoConfiguration#methodValidationPostProcessor matched:
      - @ConditionalOnMissingBean (types: org.springframework.validation.beanvalidation.MethodValidationPostProcessor; SearchStrategy: current) did not find any beans (OnBeanCondition)

   WebMvcAutoConfiguration matched:
      - @ConditionalOnClass found required classes 'jakarta.servlet.Servlet', 'org.springframework.web.servlet.DispatcherServlet', 'org.springframework.web.servlet.config.annotation.WebMvcConfigurer' (OnClassCondition)
      - found 'session' scope (OnWebApplicationCondition)
      - @ConditionalOnMissingBean (types: org.springframework.web.servlet.config.annotation.WebMvcConfigurationSupport; SearchStrategy: all) did not find any beans (OnBeanCondition)

   WebMvcAutoConfiguration#formContentFilter matched:
      - @ConditionalOnBooleanProperty (spring.mvc.formcontent.filter.enabled=true) matched (OnPropertyCondition)
      - @ConditionalOnMissingBean (types: org.springframework.web.filter.FormContentFilter; SearchStrategy: all) did not find any beans (OnBeanCondition)

   WebMvcAutoConfiguration.EnableWebMvcConfiguration#flashMapManager matched:
      - @ConditionalOnMissingBean (names: flashMapManager; SearchStrategy: all) did not find any beans (OnBeanCondition)

   WebMvcAutoConfiguration.EnableWebMvcConfiguration#localeResolver matched:
      - @ConditionalOnMissingBean (names: localeResolver; SearchStrategy: all) did not find any beans (OnBeanCondition)

   WebMvcAutoConfiguration.EnableWebMvcConfiguration#themeResolver matched:
      - @ConditionalOnMissingBean (names: themeResolver; SearchStrategy: all) did not find any beans (OnBeanCondition)

   WebMvcAutoConfiguration.EnableWebMvcConfiguration#viewNameTranslator matched:
      - @ConditionalOnMissingBean (names: viewNameTranslator; SearchStrategy: all) did not find any beans (OnBeanCondition)

   WebMvcAutoConfiguration.WebMvcAutoConfigurationAdapter#defaultViewResolver matched:
      - @ConditionalOnMissingBean (types: org.springframework.web.servlet.view.InternalResourceViewResolver; SearchStrategy: all) did not find any beans (OnBeanCondition)

   WebMvcAutoConfiguration.WebMvcAutoConfigurationAdapter#requestContextFilter matched:
      - @ConditionalOnMissingBean (types: org.springframework.web.context.request.RequestContextListener,org.springframework.web.filter.RequestContextFilter; SearchStrategy: all) did not find any beans (OnBeanCondition)

   WebMvcAutoConfiguration.WebMvcAutoConfigurationAdapter#viewResolver matched:
      - @ConditionalOnBean (types: org.springframework.web.servlet.ViewResolver; SearchStrategy: all) found beans 'defaultViewResolver', 'beanNameViewResolver', 'mvcViewResolver'; @ConditionalOnMissingBean (names: viewResolver types: org.springframework.web.servlet.view.ContentNegotiatingViewResolver; SearchStrategy: all) did not find any beans (OnBeanCondition)

   WebSocketServletAutoConfiguration matched:
      - @ConditionalOnClass found required classes 'jakarta.servlet.Servlet', 'jakarta.websocket.server.ServerContainer' (OnClassCondition)
      - found 'session' scope (OnWebApplicationCondition)

   WebSocketServletAutoConfiguration.TomcatWebSocketConfiguration matched:
      - @ConditionalOnClass found required classes 'org.apache.catalina.startup.Tomcat', 'org.apache.tomcat.websocket.server.WsSci' (OnClassCondition)

   WebSocketServletAutoConfiguration.TomcatWebSocketConfiguration#websocketServletWebServerCustomizer matched:
      - @ConditionalOnMissingBean (names: websocketServletWebServerCustomizer; SearchStrategy: all) did not find any beans (OnBeanCondition)


Negative matches:
-----------------

   ActiveMQAutoConfiguration:
      Did not match:
         - @ConditionalOnClass did not find required class 'jakarta.jms.ConnectionFactory' (OnClassCondition)

   AopAutoConfiguration.AspectJAutoProxyingConfiguration.JdkDynamicAutoProxyConfiguration:
      Did not match:
         - @ConditionalOnBooleanProperty (spring.aop.proxy-target-class=false) did not find property 'spring.aop.proxy-target-class' (OnPropertyCondition)

   AopAutoConfiguration.ClassProxyingConfiguration:
      Did not match:
         - @ConditionalOnMissingClass found unwanted class 'org.aspectj.weaver.Advice' (OnClassCondition)

   ArtemisAutoConfiguration:
      Did not match:
         - @ConditionalOnClass did not find required class 'jakarta.jms.ConnectionFactory' (OnClassCondition)

   BatchAutoConfiguration:
      Did not match:
         - @ConditionalOnClass did not find required class 'org.springframework.batch.core.launch.JobLauncher' (OnClassCondition)

   Cache2kCacheConfiguration:
      Did not match:
         - @ConditionalOnClass did not find required class 'org.cache2k.Cache2kBuilder' (OnClassCondition)

   CacheAutoConfiguration:
      Did not match:
         - @ConditionalOnBean (types: org.springframework.cache.interceptor.CacheAspectSupport; SearchStrategy: all) did not find any beans of type org.springframework.cache.interceptor.CacheAspectSupport (OnBeanCondition)
      Matched:
         - @ConditionalOnClass found required class 'org.springframework.cache.CacheManager' (OnClassCondition)

   CacheAutoConfiguration.CacheManagerEntityManagerFactoryDependsOnPostProcessor:
      Did not match:
         - Ancestor org.springframework.boot.autoconfigure.cache.CacheAutoConfiguration did not match (ConditionEvaluationReport.AncestorsMatchedCondition)
      Matched:
         - @ConditionalOnClass found required class 'org.springframework.orm.jpa.LocalContainerEntityManagerFactoryBean' (OnClassCondition)

   CaffeineCacheConfiguration:
      Did not match:
         - @ConditionalOnClass did not find required class 'com.github.benmanes.caffeine.cache.Caffeine' (OnClassCondition)

   CassandraAutoConfiguration:
      Did not match:
         - @ConditionalOnClass did not find required class 'com.datastax.oss.driver.api.core.CqlSession' (OnClassCondition)

   CassandraDataAutoConfiguration:
      Did not match:
         - @ConditionalOnClass did not find required class 'com.datastax.oss.driver.api.core.CqlSession' (OnClassCondition)

   CassandraReactiveDataAutoConfiguration:
      Did not match:
         - @ConditionalOnClass did not find required class 'com.datastax.oss.driver.api.core.CqlSession' (OnClassCondition)

   CassandraReactiveRepositoriesAutoConfiguration:
      Did not match:
         - @ConditionalOnClass did not find required class 'org.springframework.data.cassandra.ReactiveSession' (OnClassCondition)

   CassandraRepositoriesAutoConfiguration:
      Did not match:
         - @ConditionalOnClass did not find required class 'com.datastax.oss.driver.api.core.CqlSession' (OnClassCondition)

   org.springframework.boot.autoconfigure.http.client.reactive.ClientHttpConnectorAutoConfiguration:
      Did not match:
         - @ConditionalOnClass did not find required class 'reactor.core.publisher.Mono' (OnClassCondition)

   org.springframework.boot.autoconfigure.web.reactive.function.client.ClientHttpConnectorAutoConfiguration:
      Did not match:
         - @ConditionalOnClass did not find required class 'org.springframework.web.reactive.function.client.WebClient' (OnClassCondition)

   CodecsAutoConfiguration:
      Did not match:
         - @ConditionalOnClass did not find required class 'org.springframework.web.reactive.function.client.WebClient' (OnClassCondition)

   CouchbaseAutoConfiguration:
      Did not match:
         - @ConditionalOnClass did not find required class 'com.couchbase.client.java.Cluster' (OnClassCondition)

   CouchbaseCacheConfiguration:
      Did not match:
         - @ConditionalOnClass did not find required class 'com.couchbase.client.java.Cluster' (OnClassCondition)

   CouchbaseDataAutoConfiguration:
      Did not match:
         - @ConditionalOnClass did not find required class 'com.couchbase.client.java.Bucket' (OnClassCondition)

   CouchbaseReactiveDataAutoConfiguration:
      Did not match:
         - @ConditionalOnClass did not find required class 'com.couchbase.client.java.Cluster' (OnClassCondition)

   CouchbaseReactiveRepositoriesAutoConfiguration:
      Did not match:
         - @ConditionalOnClass did not find required class 'com.couchbase.client.java.Cluster' (OnClassCondition)

   CouchbaseRepositoriesAutoConfiguration:
      Did not match:
         - @ConditionalOnClass did not find required class 'com.couchbase.client.java.Bucket' (OnClassCondition)

   DataSourceAutoConfiguration.EmbeddedDatabaseConfiguration:
      Did not match:
         - EmbeddedDataSource spring.datasource.url is set (DataSourceAutoConfiguration.EmbeddedDatabaseCondition)

   DataSourceCheckpointRestoreConfiguration:
      Did not match:
         - @ConditionalOnClass did not find required class 'org.crac.Resource' (OnClassCondition)

   DataSourceConfiguration.Dbcp2:
      Did not match:
         - @ConditionalOnClass did not find required class 'org.apache.commons.dbcp2.BasicDataSource' (OnClassCondition)

   DataSourceConfiguration.Generic:
      Did not match:
         - @ConditionalOnProperty (spring.datasource.type) did not find property 'spring.datasource.type' (OnPropertyCondition)

   DataSourceConfiguration.OracleUcp:
      Did not match:
         - @ConditionalOnClass did not find required classes 'oracle.ucp.jdbc.PoolDataSourceImpl', 'oracle.jdbc.OracleConnection' (OnClassCondition)

   DataSourceConfiguration.Tomcat:
      Did not match:
         - @ConditionalOnClass did not find required class 'org.apache.tomcat.jdbc.pool.DataSource' (OnClassCondition)

   DataSourceJmxConfiguration.TomcatDataSourceJmxConfiguration:
      Did not match:
         - @ConditionalOnClass did not find required class 'org.apache.tomcat.jdbc.pool.DataSourceProxy' (OnClassCondition)

   DataSourcePoolMetadataProvidersConfiguration.CommonsDbcp2PoolDataSourceMetadataProviderConfiguration:
      Did not match:
         - @ConditionalOnClass did not find required class 'org.apache.commons.dbcp2.BasicDataSource' (OnClassCondition)

   DataSourcePoolMetadataProvidersConfiguration.OracleUcpPoolDataSourceMetadataProviderConfiguration:
      Did not match:
         - @ConditionalOnClass did not find required classes 'oracle.ucp.jdbc.PoolDataSource', 'oracle.jdbc.OracleConnection' (OnClassCondition)

   DataSourcePoolMetadataProvidersConfiguration.TomcatDataSourcePoolMetadataProviderConfiguration:
      Did not match:
         - @ConditionalOnClass did not find required class 'org.apache.tomcat.jdbc.pool.DataSource' (OnClassCondition)

   DataSourceTransactionManagerAutoConfiguration.JdbcTransactionManagerConfiguration#transactionManager:
      Did not match:
         - @ConditionalOnMissingBean (types: org.springframework.transaction.TransactionManager; SearchStrategy: all) found beans of type 'org.springframework.transaction.TransactionManager' transactionManager (OnBeanCondition)

   DevToolsR2dbcAutoConfiguration:
      Did not match:
         - @ConditionalOnClass did not find required class 'io.r2dbc.spi.ConnectionFactory' (OnClassCondition)

   DispatcherServletAutoConfiguration.DispatcherServletConfiguration#multipartResolver:
      Did not match:
         - @ConditionalOnBean (types: org.springframework.web.multipart.MultipartResolver; SearchStrategy: all) did not find any beans of type org.springframework.web.multipart.MultipartResolver (OnBeanCondition)

   ElasticsearchClientAutoConfiguration:
      Did not match:
         - @ConditionalOnClass did not find required class 'co.elastic.clients.elasticsearch.ElasticsearchClient' (OnClassCondition)

   ElasticsearchDataAutoConfiguration:
      Did not match:
         - @ConditionalOnClass did not find required class 'org.springframework.data.elasticsearch.client.elc.ElasticsearchTemplate' (OnClassCondition)

   ElasticsearchRepositoriesAutoConfiguration:
      Did not match:
         - @ConditionalOnClass did not find required class 'org.springframework.data.elasticsearch.repository.ElasticsearchRepository' (OnClassCondition)

   ElasticsearchRestClientAutoConfiguration:
      Did not match:
         - @ConditionalOnClass did not find required class 'org.elasticsearch.client.RestClientBuilder' (OnClassCondition)

   EmbeddedLdapAutoConfiguration:
      Did not match:
         - @ConditionalOnClass did not find required class 'com.unboundid.ldap.listener.InMemoryDirectoryServer' (OnClassCondition)

   EmbeddedWebServerFactoryCustomizerAutoConfiguration.JettyWebServerFactoryCustomizerConfiguration:
      Did not match:
         - @ConditionalOnClass did not find required classes 'org.eclipse.jetty.server.Server', 'org.eclipse.jetty.util.Loader', 'org.eclipse.jetty.ee10.webapp.WebAppContext' (OnClassCondition)

   EmbeddedWebServerFactoryCustomizerAutoConfiguration.NettyWebServerFactoryCustomizerConfiguration:
      Did not match:
         - @ConditionalOnClass did not find required class 'reactor.netty.http.server.HttpServer' (OnClassCondition)

   EmbeddedWebServerFactoryCustomizerAutoConfiguration.TomcatWebServerFactoryCustomizerConfiguration#tomcatVirtualThreadsProtocolHandlerCustomizer:
      Did not match:
         - @ConditionalOnThreading did not find VIRTUAL (OnThreadingCondition)

   EmbeddedWebServerFactoryCustomizerAutoConfiguration.UndertowWebServerFactoryCustomizerConfiguration:
      Did not match:
         - @ConditionalOnClass did not find required classes 'io.undertow.Undertow', 'org.xnio.SslClientAuthMode' (OnClassCondition)

   ErrorWebFluxAutoConfiguration:
      Did not match:
         - @ConditionalOnClass did not find required class 'org.springframework.web.reactive.config.WebFluxConfigurer' (OnClassCondition)

   FlywayAutoConfiguration:
      Did not match:
         - @ConditionalOnClass did not find required class 'org.flywaydb.core.Flyway' (OnClassCondition)

   FreeMarkerAutoConfiguration:
      Did not match:
         - @ConditionalOnClass did not find required class 'freemarker.template.Configuration' (OnClassCondition)

   GraphQlAutoConfiguration:
      Did not match:
         - @ConditionalOnClass did not find required class 'graphql.GraphQL' (OnClassCondition)

   GraphQlQueryByExampleAutoConfiguration:
      Did not match:
         - @ConditionalOnClass did not find required class 'graphql.GraphQL' (OnClassCondition)

   GraphQlQuerydslAutoConfiguration:
      Did not match:
         - @ConditionalOnClass did not find required class 'com.querydsl.core.Query' (OnClassCondition)

   GraphQlRSocketAutoConfiguration:
      Did not match:
         - @ConditionalOnClass did not find required class 'graphql.GraphQL' (OnClassCondition)

   GraphQlReactiveQueryByExampleAutoConfiguration:
      Did not match:
         - @ConditionalOnClass did not find required class 'graphql.GraphQL' (OnClassCondition)

   GraphQlReactiveQuerydslAutoConfiguration:
      Did not match:
         - @ConditionalOnClass did not find required class 'com.querydsl.core.Query' (OnClassCondition)

   GraphQlWebFluxAutoConfiguration:
      Did not match:
         - @ConditionalOnClass did not find required class 'graphql.GraphQL' (OnClassCondition)

   GraphQlWebFluxSecurityAutoConfiguration:
      Did not match:
         - @ConditionalOnClass did not find required class 'graphql.GraphQL' (OnClassCondition)

   GraphQlWebMvcAutoConfiguration:
      Did not match:
         - @ConditionalOnClass did not find required class 'graphql.GraphQL' (OnClassCondition)

   GraphQlWebMvcSecurityAutoConfiguration:
      Did not match:
         - @ConditionalOnClass did not find required class 'graphql.GraphQL' (OnClassCondition)

   GroovyTemplateAutoConfiguration:
      Did not match:
         - @ConditionalOnClass did not find required class 'groovy.text.markup.MarkupTemplateEngine' (OnClassCondition)

   GsonAutoConfiguration:
      Did not match:
         - @ConditionalOnClass did not find required class 'com.google.gson.Gson' (OnClassCondition)

   GsonHttpMessageConvertersConfiguration:
      Did not match:
         - @ConditionalOnClass did not find required class 'com.google.gson.Gson' (OnClassCondition)

   H2ConsoleAutoConfiguration:
      Did not match:
         - @ConditionalOnClass did not find required class 'org.h2.server.web.JakartaWebServlet' (OnClassCondition)

   HazelcastAutoConfiguration:
      Did not match:
         - @ConditionalOnClass did not find required class 'com.hazelcast.core.HazelcastInstance' (OnClassCondition)

   HazelcastCacheConfiguration:
      Did not match:
         - @ConditionalOnClass did not find required class 'com.hazelcast.core.HazelcastInstance' (OnClassCondition)

   HazelcastJpaDependencyAutoConfiguration:
      Did not match:
         - @ConditionalOnClass did not find required class 'com.hazelcast.core.HazelcastInstance' (OnClassCondition)

   HttpHandlerAutoConfiguration:
      Did not match:
         - @ConditionalOnClass did not find required class 'org.springframework.web.reactive.DispatcherHandler' (OnClassCondition)

   HypermediaAutoConfiguration:
      Did not match:
         - @ConditionalOnClass did not find required class 'org.springframework.hateoas.EntityModel' (OnClassCondition)

   InfinispanCacheConfiguration:
      Did not match:
         - @ConditionalOnClass did not find required class 'org.infinispan.spring.embedded.provider.SpringEmbeddedCacheManager' (OnClassCondition)

   IntegrationAutoConfiguration:
      Did not match:
         - @ConditionalOnClass did not find required class 'org.springframework.integration.config.EnableIntegration' (OnClassCondition)

   JCacheCacheConfiguration:
      Did not match:
         - @ConditionalOnClass did not find required class 'javax.cache.Caching' (OnClassCondition)

   JacksonHttpMessageConvertersConfiguration.MappingJackson2XmlHttpMessageConverterConfiguration:
      Did not match:
         - @ConditionalOnClass did not find required class 'com.fasterxml.jackson.dataformat.xml.XmlMapper' (OnClassCondition)

   JdbcRepositoriesAutoConfiguration:
      Did not match:
         - @ConditionalOnClass did not find required class 'org.springframework.data.jdbc.repository.config.AbstractJdbcConfiguration' (OnClassCondition)

   JerseyAutoConfiguration:
      Did not match:
         - @ConditionalOnClass did not find required class 'org.glassfish.jersey.server.spring.SpringComponentProvider' (OnClassCondition)

   JmsAutoConfiguration:
      Did not match:
         - @ConditionalOnClass did not find required class 'jakarta.jms.Message' (OnClassCondition)

   JndiConnectionFactoryAutoConfiguration:
      Did not match:
         - @ConditionalOnClass did not find required class 'org.springframework.jms.core.JmsTemplate' (OnClassCondition)

   JndiDataSourceAutoConfiguration:
      Did not match:
         - @ConditionalOnProperty (spring.datasource.jndi-name) did not find property 'spring.datasource.jndi-name' (OnPropertyCondition)
      Matched:
         - @ConditionalOnClass found required classes 'javax.sql.DataSource', 'org.springframework.jdbc.datasource.embedded.EmbeddedDatabaseType' (OnClassCondition)

   JndiJtaConfiguration:
      Did not match:
         - @ConditionalOnJndi JNDI environment is not available (OnJndiCondition)
      Matched:
         - @ConditionalOnClass found required class 'org.springframework.transaction.jta.JtaTransactionManager' (OnClassCondition)

   JooqAutoConfiguration:
      Did not match:
         - @ConditionalOnClass did not find required class 'org.jooq.DSLContext' (OnClassCondition)

   JpaRepositoriesAutoConfiguration#entityManagerFactoryBootstrapExecutorCustomizer:
      Did not match:
         - AnyNestedCondition 0 matched 2 did not; NestedCondition on JpaRepositoriesAutoConfiguration.BootstrapExecutorCondition.LazyBootstrapMode @ConditionalOnProperty (spring.data.jpa.repositories.bootstrap-mode=lazy) did not find property 'spring.data.jpa.repositories.bootstrap-mode'; NestedCondition on JpaRepositoriesAutoConfiguration.BootstrapExecutorCondition.DeferredBootstrapMode @ConditionalOnProperty (spring.data.jpa.repositories.bootstrap-mode=deferred) did not find property 'spring.data.jpa.repositories.bootstrap-mode' (JpaRepositoriesAutoConfiguration.BootstrapExecutorCondition)

   JsonbAutoConfiguration:
      Did not match:
         - @ConditionalOnClass did not find required class 'jakarta.json.bind.Jsonb' (OnClassCondition)

   JsonbHttpMessageConvertersConfiguration:
      Did not match:
         - @ConditionalOnClass did not find required class 'jakarta.json.bind.Jsonb' (OnClassCondition)

   KafkaAutoConfiguration:
      Did not match:
         - @ConditionalOnClass did not find required class 'org.springframework.kafka.core.KafkaTemplate' (OnClassCondition)

   LdapAutoConfiguration:
      Did not match:
         - @ConditionalOnClass did not find required class 'org.springframework.ldap.core.ContextSource' (OnClassCondition)

   LdapRepositoriesAutoConfiguration:
      Did not match:
         - @ConditionalOnClass did not find required class 'org.springframework.data.ldap.repository.LdapRepository' (OnClassCondition)

   LiquibaseAutoConfiguration:
      Did not match:
         - @ConditionalOnClass did not find required class 'liquibase.change.DatabaseChange' (OnClassCondition)

   MailSenderJndiConfiguration:
      Did not match:
         - @ConditionalOnProperty (spring.mail.jndi-name) did not find property 'spring.mail.jndi-name' (OnPropertyCondition)
      Matched:
         - @ConditionalOnClass found required class 'jakarta.mail.Session' (OnClassCondition)

   MailSenderValidatorAutoConfiguration:
      Did not match:
         - @ConditionalOnBooleanProperty (spring.mail.test-connection=true) did not find property 'spring.mail.test-connection' (OnPropertyCondition)

   MessageSourceAutoConfiguration:
      Did not match:
         - ResourceBundle did not find bundle with basename messages (MessageSourceAutoConfiguration.ResourceBundleCondition)

   MongoAutoConfiguration:
      Did not match:
         - @ConditionalOnClass did not find required class 'com.mongodb.client.MongoClient' (OnClassCondition)

   MongoDataAutoConfiguration:
      Did not match:
         - @ConditionalOnClass did not find required class 'com.mongodb.client.MongoClient' (OnClassCondition)

   MongoReactiveAutoConfiguration:
      Did not match:
         - @ConditionalOnClass did not find required class 'com.mongodb.reactivestreams.client.MongoClient' (OnClassCondition)

   MongoReactiveDataAutoConfiguration:
      Did not match:
         - @ConditionalOnClass did not find required class 'com.mongodb.reactivestreams.client.MongoClient' (OnClassCondition)

   MongoReactiveRepositoriesAutoConfiguration:
      Did not match:
         - @ConditionalOnClass did not find required class 'com.mongodb.reactivestreams.client.MongoClient' (OnClassCondition)

   MongoRepositoriesAutoConfiguration:
      Did not match:
         - @ConditionalOnClass did not find required class 'com.mongodb.client.MongoClient' (OnClassCondition)

   MustacheReactiveWebConfiguration:
      Did not match:
         - did not find reactive web application classes (OnWebApplicationCondition)

   MybatisLanguageDriverAutoConfiguration.FreeMarkerConfiguration:
      Did not match:
         - @ConditionalOnClass did not find required classes 'org.mybatis.scripting.freemarker.FreeMarkerLanguageDriver', 'org.mybatis.scripting.freemarker.FreeMarkerLanguageDriverConfig' (OnClassCondition)

   MybatisLanguageDriverAutoConfiguration.LegacyFreeMarkerConfiguration:
      Did not match:
         - @ConditionalOnClass did not find required class 'org.mybatis.scripting.freemarker.FreeMarkerLanguageDriver' (OnClassCondition)

   MybatisLanguageDriverAutoConfiguration.LegacyVelocityConfiguration:
      Did not match:
         - @ConditionalOnClass did not find required class 'org.mybatis.scripting.velocity.Driver' (OnClassCondition)

   MybatisLanguageDriverAutoConfiguration.ThymeleafConfiguration:
      Did not match:
         - @ConditionalOnClass did not find required class 'org.mybatis.scripting.thymeleaf.ThymeleafLanguageDriver' (OnClassCondition)

   MybatisLanguageDriverAutoConfiguration.VelocityConfiguration:
      Did not match:
         - @ConditionalOnClass did not find required classes 'org.mybatis.scripting.velocity.VelocityLanguageDriver', 'org.mybatis.scripting.velocity.VelocityLanguageDriverConfig' (OnClassCondition)

   Neo4jAutoConfiguration:
      Did not match:
         - @ConditionalOnClass did not find required class 'org.neo4j.driver.Driver' (OnClassCondition)

   Neo4jDataAutoConfiguration:
      Did not match:
         - @ConditionalOnClass did not find required class 'org.neo4j.driver.Driver' (OnClassCondition)

   Neo4jReactiveDataAutoConfiguration:
      Did not match:
         - @ConditionalOnClass did not find required class 'org.neo4j.driver.Driver' (OnClassCondition)

   Neo4jReactiveRepositoriesAutoConfiguration:
      Did not match:
         - @ConditionalOnClass did not find required class 'org.neo4j.driver.Driver' (OnClassCondition)

   Neo4jRepositoriesAutoConfiguration:
      Did not match:
         - @ConditionalOnClass did not find required class 'org.neo4j.driver.Driver' (OnClassCondition)

   NettyAutoConfiguration:
      Did not match:
         - @ConditionalOnClass did not find required class 'io.netty.util.NettyRuntime' (OnClassCondition)

   OAuth2AuthorizationServerAutoConfiguration:
      Did not match:
         - @ConditionalOnClass did not find required class 'org.springframework.security.oauth2.server.authorization.OAuth2Authorization' (OnClassCondition)

   OAuth2AuthorizationServerJwtAutoConfiguration:
      Did not match:
         - @ConditionalOnClass did not find required class 'com.nimbusds.jose.jwk.source.JWKSource' (OnClassCondition)

   OAuth2ClientAutoConfiguration:
      Did not match:
         - @ConditionalOnClass did not find required class 'org.springframework.security.oauth2.client.registration.ClientRegistration' (OnClassCondition)

   OAuth2ClientWebSecurityAutoConfiguration:
      Did not match:
         - @ConditionalOnClass did not find required class 'org.springframework.security.oauth2.client.web.OAuth2AuthorizedClientRepository' (OnClassCondition)

   OAuth2ResourceServerAutoConfiguration:
      Did not match:
         - @ConditionalOnClass did not find required class 'org.springframework.security.oauth2.server.resource.authentication.BearerTokenAuthenticationToken' (OnClassCondition)

   ProjectInfoAutoConfiguration#buildProperties:
      Did not match:
         - @ConditionalOnResource did not find resource '${spring.info.build.location:classpath:META-INF/build-info.properties}' (OnResourceCondition)

   ProjectInfoAutoConfiguration#gitProperties:
      Did not match:
         - GitResource did not find git info at classpath:git.properties (ProjectInfoAutoConfiguration.GitResourceAvailableCondition)

   PulsarAutoConfiguration:
      Did not match:
         - @ConditionalOnClass did not find required class 'org.apache.pulsar.client.api.PulsarClient' (OnClassCondition)

   PulsarReactiveAutoConfiguration:
      Did not match:
         - @ConditionalOnClass did not find required class 'org.apache.pulsar.client.api.PulsarClient' (OnClassCondition)

   QuartzAutoConfiguration:
      Did not match:
         - @ConditionalOnClass did not find required class 'org.quartz.Scheduler' (OnClassCondition)

   R2dbcAutoConfiguration:
      Did not match:
         - @ConditionalOnClass did not find required class 'io.r2dbc.spi.ConnectionFactory' (OnClassCondition)

   R2dbcDataAutoConfiguration:
      Did not match:
         - @ConditionalOnClass did not find required class 'org.springframework.data.r2dbc.core.R2dbcEntityTemplate' (OnClassCondition)

   R2dbcInitializationConfiguration:
      Did not match:
         - @ConditionalOnClass did not find required classes 'io.r2dbc.spi.ConnectionFactory', 'org.springframework.r2dbc.connection.init.DatabasePopulator' (OnClassCondition)

   R2dbcProxyAutoConfiguration:
      Did not match:
         - @ConditionalOnClass did not find required class 'io.r2dbc.proxy.ProxyConnectionFactory' (OnClassCondition)

   R2dbcRepositoriesAutoConfiguration:
      Did not match:
         - @ConditionalOnClass did not find required class 'io.r2dbc.spi.ConnectionFactory' (OnClassCondition)

   R2dbcTransactionManagerAutoConfiguration:
      Did not match:
         - @ConditionalOnClass did not find required class 'org.springframework.r2dbc.connection.R2dbcTransactionManager' (OnClassCondition)

   RSocketGraphQlClientAutoConfiguration:
      Did not match:
         - @ConditionalOnClass did not find required class 'graphql.GraphQL' (OnClassCondition)

   RSocketMessagingAutoConfiguration:
      Did not match:
         - @ConditionalOnClass did not find required class 'io.rsocket.RSocket' (OnClassCondition)

   RSocketRequesterAutoConfiguration:
      Did not match:
         - @ConditionalOnClass did not find required class 'io.rsocket.RSocket' (OnClassCondition)

   RSocketSecurityAutoConfiguration:
      Did not match:
         - @ConditionalOnClass did not find required class 'org.springframework.security.rsocket.core.SecuritySocketAcceptorInterceptor' (OnClassCondition)

   RSocketServerAutoConfiguration:
      Did not match:
         - @ConditionalOnClass did not find required class 'io.rsocket.core.RSocketServer' (OnClassCondition)

   RSocketStrategiesAutoConfiguration:
      Did not match:
         - @ConditionalOnClass did not find required class 'io.netty.buffer.PooledByteBufAllocator' (OnClassCondition)

   RabbitAutoConfiguration:
      Did not match:
         - @ConditionalOnClass did not find required class 'com.rabbitmq.client.Channel' (OnClassCondition)

   ReactiveElasticsearchClientAutoConfiguration:
      Did not match:
         - @ConditionalOnClass did not find required class 'co.elastic.clients.transport.ElasticsearchTransport' (OnClassCondition)

   ReactiveElasticsearchRepositoriesAutoConfiguration:
      Did not match:
         - @ConditionalOnClass did not find required class 'reactor.core.publisher.Mono' (OnClassCondition)

   ReactiveMultipartAutoConfiguration:
      Did not match:
         - @ConditionalOnClass did not find required class 'org.springframework.web.reactive.config.WebFluxConfigurer' (OnClassCondition)

   ReactiveOAuth2ClientAutoConfiguration:
      Did not match:
         - @ConditionalOnClass did not find required class 'reactor.core.publisher.Flux' (OnClassCondition)

   ReactiveOAuth2ClientWebSecurityAutoConfiguration:
      Did not match:
         - @ConditionalOnClass did not find required class 'reactor.core.publisher.Flux' (OnClassCondition)

   ReactiveOAuth2ResourceServerAutoConfiguration:
      Did not match:
         - @ConditionalOnWebApplication did not find reactive web application classes (OnWebApplicationCondition)

   ReactiveSecurityAutoConfiguration:
      Did not match:
         - @ConditionalOnClass did not find required class 'reactor.core.publisher.Flux' (OnClassCondition)

   ReactiveUserDetailsServiceAutoConfiguration:
      Did not match:
         - AnyNestedCondition 0 matched 2 did not; NestedCondition on ReactiveUserDetailsServiceAutoConfiguration.RSocketEnabledOrReactiveWebApplication.ReactiveWebApplicationCondition did not find reactive web application classes; NestedCondition on ReactiveUserDetailsServiceAutoConfiguration.RSocketEnabledOrReactiveWebApplication.RSocketSecurityEnabledCondition @ConditionalOnBean (types: ?; SearchStrategy: all) did not find any beans of type ? (ReactiveUserDetailsServiceAutoConfiguration.RSocketEnabledOrReactiveWebApplication)
      Matched:
         - @ConditionalOnClass found required class 'org.springframework.security.authentication.ReactiveAuthenticationManager' (OnClassCondition)
         - AnyNestedCondition 1 matched 2 did not; NestedCondition on ReactiveUserDetailsServiceAutoConfiguration.MissingAlternativeOrUserPropertiesConfigured.PasswordConfigured @ConditionalOnProperty (spring.security.user.password) did not find property 'spring.security.user.password'; NestedCondition on ReactiveUserDetailsServiceAutoConfiguration.MissingAlternativeOrUserPropertiesConfigured.NameConfigured @ConditionalOnProperty (spring.security.user.name) did not find property 'spring.security.user.name'; NestedCondition on ReactiveUserDetailsServiceAutoConfiguration.MissingAlternativeOrUserPropertiesConfigured.MissingAlternative @ConditionalOnMissingClass did not find unwanted classes 'org.springframework.security.oauth2.client.registration.ClientRegistrationRepository', 'org.springframework.security.oauth2.server.resource.introspection.ReactiveOpaqueTokenIntrospector' (ReactiveUserDetailsServiceAutoConfiguration.MissingAlternativeOrUserPropertiesConfigured)

   ReactiveWebServerFactoryAutoConfiguration:
      Did not match:
         - @ConditionalOnWebApplication did not find reactive web application classes (OnWebApplicationCondition)

   ReactorAutoConfiguration:
      Did not match:
         - @ConditionalOnClass did not find required class 'reactor.core.publisher.Hooks' (OnClassCondition)

   RedisAutoConfiguration:
      Did not match:
         - @ConditionalOnClass did not find required class 'org.springframework.data.redis.core.RedisOperations' (OnClassCondition)

   RedisCacheConfiguration:
      Did not match:
         - @ConditionalOnClass did not find required class 'org.springframework.data.redis.connection.RedisConnectionFactory' (OnClassCondition)

   RedisReactiveAutoConfiguration:
      Did not match:
         - @ConditionalOnClass did not find required class 'reactor.core.publisher.Flux' (OnClassCondition)

   RedisRepositoriesAutoConfiguration:
      Did not match:
         - @ConditionalOnClass did not find required class 'org.springframework.data.redis.repository.configuration.EnableRedisRepositories' (OnClassCondition)

   RemoteDevToolsAutoConfiguration:
      Did not match:
         - @ConditionalOnProperty (spring.devtools.remote.secret) did not find property 'spring.devtools.remote.secret' (OnPropertyCondition)
      Matched:
         - @ConditionalOnClass found required classes 'jakarta.servlet.Filter', 'org.springframework.http.server.ServerHttpRequest' (OnClassCondition)

   RepositoryRestMvcAutoConfiguration:
      Did not match:
         - @ConditionalOnClass did not find required class 'org.springframework.data.rest.webmvc.config.RepositoryRestMvcConfiguration' (OnClassCondition)

   Saml2RelyingPartyAutoConfiguration:
      Did not match:
         - @ConditionalOnClass did not find required class 'org.springframework.security.saml2.provider.service.registration.RelyingPartyRegistrationRepository' (OnClassCondition)

   SecurityDataConfiguration:
      Did not match:
         - @ConditionalOnClass did not find required class 'org.springframework.security.data.repository.query.SecurityEvaluationContextExtension' (OnClassCondition)

   SendGridAutoConfiguration:
      Did not match:
         - @ConditionalOnClass did not find required class 'com.sendgrid.SendGrid' (OnClassCondition)

   ServletWebServerFactoryAutoConfiguration.ForwardedHeaderFilterConfiguration:
      Did not match:
         - @ConditionalOnProperty (server.forward-headers-strategy=framework) did not find property 'server.forward-headers-strategy' (OnPropertyCondition)

   ServletWebServerFactoryConfiguration.EmbeddedJetty:
      Did not match:
         - @ConditionalOnClass did not find required classes 'org.eclipse.jetty.server.Server', 'org.eclipse.jetty.util.Loader', 'org.eclipse.jetty.ee10.webapp.WebAppContext' (OnClassCondition)

   ServletWebServerFactoryConfiguration.EmbeddedUndertow:
      Did not match:
         - @ConditionalOnClass did not find required classes 'io.undertow.Undertow', 'org.xnio.SslClientAuthMode' (OnClassCondition)

   SessionAutoConfiguration:
      Did not match:
         - @ConditionalOnClass did not find required class 'org.springframework.session.Session' (OnClassCondition)

   SpringBootWebSecurityConfiguration.SecurityFilterChainConfiguration:
      Did not match:
         - AllNestedConditions 1 matched 1 did not; NestedCondition on DefaultWebSecurityCondition.Beans @ConditionalOnMissingBean (types: org.springframework.security.web.SecurityFilterChain; SearchStrategy: all) found beans of type 'org.springframework.security.web.SecurityFilterChain' filterChain; NestedCondition on DefaultWebSecurityCondition.Classes @ConditionalOnClass found required classes 'org.springframework.security.web.SecurityFilterChain', 'org.springframework.security.config.annotation.web.builders.HttpSecurity' (DefaultWebSecurityCondition)

   SpringBootWebSecurityConfiguration.WebSecurityEnablerConfiguration:
      Did not match:
         - @ConditionalOnMissingBean (names: springSecurityFilterChain; SearchStrategy: all) found beans named springSecurityFilterChain (OnBeanCondition)
      Matched:
         - @ConditionalOnClass found required class 'org.springframework.security.config.annotation.web.configuration.EnableWebSecurity' (OnClassCondition)

   TaskExecutorConfigurations.SimpleAsyncTaskExecutorBuilderConfiguration#simpleAsyncTaskExecutorBuilderVirtualThreads:
      Did not match:
         - @ConditionalOnMissingBean (types: org.springframework.boot.task.SimpleAsyncTaskExecutorBuilder; SearchStrategy: all) found beans of type 'org.springframework.boot.task.SimpleAsyncTaskExecutorBuilder' simpleAsyncTaskExecutorBuilder (OnBeanCondition)

   TaskExecutorConfigurations.TaskExecutorConfiguration#applicationTaskExecutorVirtualThreads:
      Did not match:
         - @ConditionalOnThreading did not find VIRTUAL (OnThreadingCondition)

   TaskSchedulingAutoConfiguration#scheduledBeanLazyInitializationExcludeFilter:
      Did not match:
         - @ConditionalOnBean (names: org.springframework.context.annotation.internalScheduledAnnotationProcessor; SearchStrategy: all) did not find any beans named org.springframework.context.annotation.internalScheduledAnnotationProcessor (OnBeanCondition)

   TaskSchedulingConfigurations.SimpleAsyncTaskSchedulerBuilderConfiguration#simpleAsyncTaskSchedulerBuilderVirtualThreads:
      Did not match:
         - @ConditionalOnMissingBean (types: org.springframework.boot.task.SimpleAsyncTaskSchedulerBuilder; SearchStrategy: all) found beans of type 'org.springframework.boot.task.SimpleAsyncTaskSchedulerBuilder' simpleAsyncTaskSchedulerBuilder (OnBeanCondition)

   TaskSchedulingConfigurations.TaskSchedulerConfiguration:
      Did not match:
         - @ConditionalOnBean (names: org.springframework.context.annotation.internalScheduledAnnotationProcessor; SearchStrategy: all) did not find any beans named org.springframework.context.annotation.internalScheduledAnnotationProcessor (OnBeanCondition)

   ThymeleafAutoConfiguration:
      Did not match:
         - @ConditionalOnClass did not find required class 'org.thymeleaf.spring6.SpringTemplateEngine' (OnClassCondition)

   TransactionAutoConfiguration#transactionalOperator:
      Did not match:
         - @ConditionalOnSingleCandidate (types: org.springframework.transaction.ReactiveTransactionManager; SearchStrategy: all) did not find any beans (OnBeanCondition)

   TransactionAutoConfiguration.AspectJTransactionManagementConfiguration:
      Did not match:
         - @ConditionalOnBean (types: org.springframework.transaction.aspectj.AbstractTransactionAspect; SearchStrategy: all) did not find any beans of type org.springframework.transaction.aspectj.AbstractTransactionAspect (OnBeanCondition)

   TransactionAutoConfiguration.EnableTransactionManagementConfiguration.JdkDynamicAutoProxyConfiguration:
      Did not match:
         - @ConditionalOnBooleanProperty (spring.aop.proxy-target-class=false) did not find property 'spring.aop.proxy-target-class' (OnPropertyCondition)

   UserDetailsServiceAutoConfiguration:
      Did not match:
         - @ConditionalOnMissingBean (types: org.springframework.security.authentication.AuthenticationManager,org.springframework.security.authentication.AuthenticationProvider,org.springframework.security.core.userdetails.UserDetailsService,org.springframework.security.authentication.AuthenticationManagerResolver,?; SearchStrategy: all) found beans of type 'org.springframework.security.authentication.AuthenticationManager' authenticationManager and found beans of type 'org.springframework.security.core.userdetails.UserDetailsService' memberService and found beans of type 'org.springframework.security.authentication.AuthenticationProvider' authenticationProvider (OnBeanCondition)
      Matched:
         - @ConditionalOnClass found required class 'org.springframework.security.authentication.AuthenticationManager' (OnClassCondition)
         - found 'session' scope (OnWebApplicationCondition)
         - AnyNestedCondition 1 matched 2 did not; NestedCondition on UserDetailsServiceAutoConfiguration.MissingAlternativeOrUserPropertiesConfigured.PasswordConfigured @ConditionalOnProperty (spring.security.user.password) did not find property 'spring.security.user.password'; NestedCondition on UserDetailsServiceAutoConfiguration.MissingAlternativeOrUserPropertiesConfigured.NameConfigured @ConditionalOnProperty (spring.security.user.name) did not find property 'spring.security.user.name'; NestedCondition on UserDetailsServiceAutoConfiguration.MissingAlternativeOrUserPropertiesConfigured.MissingAlternative @ConditionalOnMissingClass did not find unwanted classes 'org.springframework.security.oauth2.client.registration.ClientRegistrationRepository', 'org.springframework.security.oauth2.server.resource.introspection.OpaqueTokenIntrospector', 'org.springframework.security.saml2.provider.service.registration.RelyingPartyRegistrationRepository' (UserDetailsServiceAutoConfiguration.MissingAlternativeOrUserPropertiesConfigured)

   WebClientAutoConfiguration:
      Did not match:
         - @ConditionalOnClass did not find required class 'org.springframework.web.reactive.function.client.WebClient' (OnClassCondition)

   WebFluxAutoConfiguration:
      Did not match:
         - @ConditionalOnClass did not find required class 'org.springframework.web.reactive.config.WebFluxConfigurer' (OnClassCondition)

   WebMvcAutoConfiguration#hiddenHttpMethodFilter:
      Did not match:
         - @ConditionalOnBooleanProperty (spring.mvc.hiddenmethod.filter.enabled=true) did not find property 'spring.mvc.hiddenmethod.filter.enabled' (OnPropertyCondition)

   WebMvcAutoConfiguration.ProblemDetailsErrorHandlingConfiguration:
      Did not match:
         - @ConditionalOnBooleanProperty (spring.mvc.problemdetails.enabled=true) did not find property 'spring.mvc.problemdetails.enabled' (OnPropertyCondition)

   WebMvcAutoConfiguration.ResourceChainCustomizerConfiguration:
      Did not match:
         - @ConditionalOnEnabledResourceChain did not find class org.webjars.WebJarVersionLocator (OnEnabledResourceChainCondition)

   WebMvcAutoConfiguration.WebMvcAutoConfigurationAdapter#beanNameViewResolver:
      Did not match:
         - @ConditionalOnMissingBean (types: org.springframework.web.servlet.view.BeanNameViewResolver; SearchStrategy: all) found beans of type 'org.springframework.web.servlet.view.BeanNameViewResolver' beanNameViewResolver (OnBeanCondition)

   WebServiceTemplateAutoConfiguration:
      Did not match:
         - @ConditionalOnClass did not find required class 'org.springframework.oxm.Marshaller' (OnClassCondition)

   WebServicesAutoConfiguration:
      Did not match:
         - @ConditionalOnClass did not find required class 'org.springframework.ws.transport.http.MessageDispatcherServlet' (OnClassCondition)

   WebSessionIdResolverAutoConfiguration:
      Did not match:
         - @ConditionalOnClass did not find required class 'reactor.core.publisher.Mono' (OnClassCondition)

   WebSocketMessagingAutoConfiguration:
      Did not match:
         - @ConditionalOnClass did not find required class 'org.springframework.web.socket.config.annotation.WebSocketMessageBrokerConfigurer' (OnClassCondition)

   WebSocketReactiveAutoConfiguration:
      Did not match:
         - @ConditionalOnWebApplication did not find reactive web application classes (OnWebApplicationCondition)

   WebSocketServletAutoConfiguration.JettyWebSocketConfiguration:
      Did not match:
         - @ConditionalOnClass did not find required class 'org.eclipse.jetty.ee10.websocket.jakarta.server.config.JakartaWebSocketServletContainerInitializer' (OnClassCondition)

   WebSocketServletAutoConfiguration.UndertowWebSocketConfiguration:
      Did not match:
         - @ConditionalOnClass did not find required class 'io.undertow.websockets.jsr.Bootstrap' (OnClassCondition)

   XADataSourceAutoConfiguration:
      Did not match:
         - @ConditionalOnBean (types: org.springframework.boot.jdbc.XADataSourceWrapper; SearchStrategy: all) did not find any beans of type org.springframework.boot.jdbc.XADataSourceWrapper (OnBeanCondition)
      Matched:
         - @ConditionalOnClass found required classes 'javax.sql.DataSource', 'jakarta.transaction.TransactionManager', 'org.springframework.jdbc.datasource.embedded.EmbeddedDatabaseType' (OnClassCondition)


Exclusions:
-----------

    None


Unconditional classes:
----------------------

    org.springframework.boot.autoconfigure.context.ConfigurationPropertiesAutoConfiguration

    org.springframework.boot.autoconfigure.ssl.SslAutoConfiguration

    org.springframework.boot.autoconfigure.context.PropertyPlaceholderAutoConfiguration

    org.springframework.boot.autoconfigure.context.LifecycleAutoConfiguration

    org.springframework.boot.autoconfigure.availability.ApplicationAvailabilityAutoConfiguration

    org.springframework.boot.autoconfigure.info.ProjectInfoAutoConfiguration



INFO  25-09-03 19:50:35[restartedMain] [FoodWebApplication:59] - Started FoodWebApplication in 7.392 seconds (process running for 8.346)
DEBUG 25-09-03 19:50:35[restartedMain] [ApplicationAvailabilityBean:77] - Application availability state LivenessState changed to CORRECT
DEBUG 25-09-03 19:50:35[restartedMain] [Restarter:251] - Creating new Restarter for thread Thread[#3,main,5,main]
DEBUG 25-09-03 19:50:35[restartedMain] [Restarter:251] - Immediately restarting application
DEBUG 25-09-03 19:50:35[restartedMain] [Restarter:251] - Starting application com.mjc813.food_web.FoodWebApplication with URLs [file:/C:/Users/eyese/lys_mjc813Exam/food_web/target/classes/]
DEBUG 25-09-03 19:50:35[restartedMain] [ApplicationAvailabilityBean:77] - Application availability state ReadinessState changed to ACCEPTING_TRAFFIC
INFO  25-09-03 19:50:42[http-nio-8866-exec-1] [[/]:168] - Initializing Spring DispatcherServlet 'dispatcherServlet'
INFO  25-09-03 19:50:42[http-nio-8866-exec-1] [DispatcherServlet:532] - Initializing Servlet 'dispatcherServlet'
DEBUG 25-09-03 19:50:42[http-nio-8866-exec-1] [DispatcherServlet:533] - Detected StandardServletMultipartResolver
DEBUG 25-09-03 19:50:42[http-nio-8866-exec-1] [DispatcherServlet:557] - Detected AcceptHeaderLocaleResolver
DEBUG 25-09-03 19:50:42[http-nio-8866-exec-1] [DispatcherServlet:583] - Detected FixedThemeResolver
DEBUG 25-09-03 19:50:42[http-nio-8866-exec-1] [DispatcherServlet:733] - Detected org.springframework.web.servlet.view.DefaultRequestToViewNameTranslator@1c38f546
DEBUG 25-09-03 19:50:42[http-nio-8866-exec-1] [DispatcherServlet:797] - Detected org.springframework.web.servlet.support.SessionFlashMapManager@1bce2673
DEBUG 25-09-03 19:50:42[http-nio-8866-exec-1] [DispatcherServlet:549] - enableLoggingRequestDetails='false': request parameters and headers will be masked to prevent unsafe logging of potentially sensitive data
INFO  25-09-03 19:50:42[http-nio-8866-exec-1] [DispatcherServlet:554] - Completed initialization in 2 ms
DEBUG 25-09-03 19:50:42[http-nio-8866-exec-1] [FilterChainProxy:223] - Securing GET /
DEBUG 25-09-03 19:50:42[http-nio-8866-exec-1] [FilterChainProxy:227] - Secured GET /
DEBUG 25-09-03 19:50:42[http-nio-8866-exec-1] [DispatcherServlet:120] - GET "/", parameters={}
DEBUG 25-09-03 19:50:42[http-nio-8866-exec-1] [WelcomePageHandlerMapping:533] - Mapped to ParameterizableViewController [view="index"]
DEBUG 25-09-03 19:50:42[http-nio-8866-exec-1] [OpenEntityManagerInViewInterceptor:86] - Opening JPA EntityManager in OpenEntityManagerInViewInterceptor
DEBUG 25-09-03 19:50:42[http-nio-8866-exec-1] [ContentNegotiatingViewResolver:354] - Selected 'text/html' given [text/html, application/xhtml+xml, image/avif, image/webp, image/apng, application/xml;q=0.9, */*;q=0.8, application/signed-exchange;v=b3;q=0.7]
DEBUG 25-09-03 19:50:42[http-nio-8866-exec-1] [MustacheView:307] - View name [index], model {}
DEBUG 25-09-03 19:50:42[http-nio-8866-exec-1] [MustacheView:178] - Rendering [classpath:/templates/index.html]
DEBUG 25-09-03 19:50:42[http-nio-8866-exec-1] [OpenEntityManagerInViewInterceptor:111] - Closing JPA EntityManager in OpenEntityManagerInViewInterceptor
DEBUG 25-09-03 19:50:42[http-nio-8866-exec-1] [DispatcherServlet:1138] - Completed 200 OK
DEBUG 25-09-03 19:50:42[http-nio-8866-exec-1] [AnonymousAuthenticationFilter:119] - Set SecurityContextHolder to anonymous SecurityContext
DEBUG 25-09-03 19:50:48[http-nio-8866-exec-6] [FilterChainProxy:223] - Securing GET /api/v1/ingredient_category
DEBUG 25-09-03 19:50:48[http-nio-8866-exec-6] [AnonymousAuthenticationFilter:119] - Set SecurityContextHolder to anonymous SecurityContext
DEBUG 25-09-03 19:50:48[http-nio-8866-exec-6] [HttpSessionRequestCache:80] - Saved request http://localhost:8866/api/v1/ingredient_category?continue to session
DEBUG 25-09-03 19:50:48[http-nio-8866-exec-6] [Http403ForbiddenEntryPoint:58] - Pre-authenticated entry point called. Rejecting access
DEBUG 25-09-03 19:50:48[http-nio-8866-exec-6] [FilterChainProxy:223] - Securing GET /error
DEBUG 25-09-03 19:50:48[http-nio-8866-exec-6] [FilterChainProxy:227] - Secured GET /error
DEBUG 25-09-03 19:50:48[http-nio-8866-exec-6] [DispatcherServlet:120] - "ERROR" dispatch for GET "/error", parameters={}
DEBUG 25-09-03 19:50:48[http-nio-8866-exec-6] [RequestMappingHandlerMapping:533] - Mapped to org.springframework.boot.autoconfigure.web.servlet.error.BasicErrorController#errorHtml(HttpServletRequest, HttpServletResponse)
DEBUG 25-09-03 19:50:48[http-nio-8866-exec-6] [OpenEntityManagerInViewInterceptor:86] - Opening JPA EntityManager in OpenEntityManagerInViewInterceptor
DEBUG 25-09-03 19:50:48[http-nio-8866-exec-6] [ContentNegotiatingViewResolver:354] - Selected 'text/html' given [text/html, text/html;q=0.8]
DEBUG 25-09-03 19:50:48[http-nio-8866-exec-6] [MustacheView:307] - View name [error/403], model {timestamp=Wed Sep 03 19:50:48 KST 2025, status=403, error=Forbidden, message=Forbidden, path=/api/v1/ingredient_category}
DEBUG 25-09-03 19:50:48[http-nio-8866-exec-6] [MustacheView:178] - Rendering [classpath:/templates/error/403.html]
DEBUG 25-09-03 19:50:48[http-nio-8866-exec-6] [OpenEntityManagerInViewInterceptor:111] - Closing JPA EntityManager in OpenEntityManagerInViewInterceptor
DEBUG 25-09-03 19:50:48[http-nio-8866-exec-6] [DispatcherServlet:1135] - Exiting from "ERROR" dispatch, status 403
DEBUG 25-09-03 19:50:48[http-nio-8866-exec-6] [AnonymousAuthenticationFilter:119] - Set SecurityContextHolder to anonymous SecurityContext
DEBUG 25-09-03 19:50:49[http-nio-8866-exec-4] [FilterChainProxy:223] - Securing GET /bootswatch/brite/css/bootstrap.min.css
DEBUG 25-09-03 19:50:49[http-nio-8866-exec-4] [FilterChainProxy:227] - Secured GET /bootswatch/brite/css/bootstrap.min.css
DEBUG 25-09-03 19:50:49[http-nio-8866-exec-4] [DispatcherServlet:120] - GET "/bootswatch/brite/css/bootstrap.min.css", parameters={}
DEBUG 25-09-03 19:50:49[http-nio-8866-exec-4] [SimpleUrlHandlerMapping:533] - Mapped to ResourceHttpRequestHandler [classpath [META-INF/resources/], classpath [resources/], classpath [static/], classpath [public/], ServletContext [/]]
DEBUG 25-09-03 19:50:49[http-nio-8866-exec-4] [OpenEntityManagerInViewInterceptor:86] - Opening JPA EntityManager in OpenEntityManagerInViewInterceptor
DEBUG 25-09-03 19:50:49[http-nio-8866-exec-10] [FilterChainProxy:223] - Securing GET /bootswatch/brite/css/bootstrap-icons.min.css
DEBUG 25-09-03 19:50:49[http-nio-8866-exec-8] [FilterChainProxy:223] - Securing GET /bootswatch/brite/js/bootstrap.bundle.min.js
DEBUG 25-09-03 19:50:49[http-nio-8866-exec-2] [FilterChainProxy:223] - Securing GET /bootswatch/brite/css/custom.min.css
DEBUG 25-09-03 19:50:49[http-nio-8866-exec-5] [FilterChainProxy:223] - Securing GET /bootswatch/brite/css/prism-okaidia.css
DEBUG 25-09-03 19:50:49[http-nio-8866-exec-7] [DispatcherServlet:120] - GET "/css/food_style.css", parameters={}
DEBUG 25-09-03 19:50:49[http-nio-8866-exec-2] [FilterChainProxy:227] - Secured GET /bootswatch/brite/css/custom.min.css
DEBUG 25-09-03 19:50:49[http-nio-8866-exec-8] [FilterChainProxy:227] - Secured GET /bootswatch/brite/js/bootstrap.bundle.min.js
DEBUG 25-09-03 19:50:49[http-nio-8866-exec-5] [FilterChainProxy:227] - Secured GET /bootswatch/brite/css/prism-okaidia.css
DEBUG 25-09-03 19:50:49[http-nio-8866-exec-10] [FilterChainProxy:227] - Secured GET /bootswatch/brite/css/bootstrap-icons.min.css
DEBUG 25-09-03 19:50:49[http-nio-8866-exec-2] [DispatcherServlet:120] - GET "/bootswatch/brite/css/custom.min.css", parameters={}
DEBUG 25-09-03 19:50:49[http-nio-8866-exec-5] [DispatcherServlet:120] - GET "/bootswatch/brite/css/prism-okaidia.css", parameters={}
DEBUG 25-09-03 19:50:49[http-nio-8866-exec-8] [DispatcherServlet:120] - GET "/bootswatch/brite/js/bootstrap.bundle.min.js", parameters={}
DEBUG 25-09-03 19:50:49[http-nio-8866-exec-10] [DispatcherServlet:120] - GET "/bootswatch/brite/css/bootstrap-icons.min.css", parameters={}
DEBUG 25-09-03 19:50:49[http-nio-8866-exec-7] [SimpleUrlHandlerMapping:533] - Mapped to ResourceHttpRequestHandler [classpath [META-INF/resources/], classpath [resources/], classpath [static/], classpath [public/], ServletContext [/]]
DEBUG 25-09-03 19:50:49[http-nio-8866-exec-5] [SimpleUrlHandlerMapping:533] - Mapped to ResourceHttpRequestHandler [classpath [META-INF/resources/], classpath [resources/], classpath [static/], classpath [public/], ServletContext [/]]
DEBUG 25-09-03 19:50:49[http-nio-8866-exec-10] [SimpleUrlHandlerMapping:533] - Mapped to ResourceHttpRequestHandler [classpath [META-INF/resources/], classpath [resources/], classpath [static/], classpath [public/], ServletContext [/]]
DEBUG 25-09-03 19:50:49[http-nio-8866-exec-7] [OpenEntityManagerInViewInterceptor:86] - Opening JPA EntityManager in OpenEntityManagerInViewInterceptor
DEBUG 25-09-03 19:50:49[http-nio-8866-exec-5] [OpenEntityManagerInViewInterceptor:86] - Opening JPA EntityManager in OpenEntityManagerInViewInterceptor
DEBUG 25-09-03 19:50:49[http-nio-8866-exec-8] [SimpleUrlHandlerMapping:533] - Mapped to ResourceHttpRequestHandler [classpath [META-INF/resources/], classpath [resources/], classpath [static/], classpath [public/], ServletContext [/]]
DEBUG 25-09-03 19:50:49[http-nio-8866-exec-2] [SimpleUrlHandlerMapping:533] - Mapped to ResourceHttpRequestHandler [classpath [META-INF/resources/], classpath [resources/], classpath [static/], classpath [public/], ServletContext [/]]
DEBUG 25-09-03 19:50:49[http-nio-8866-exec-10] [OpenEntityManagerInViewInterceptor:86] - Opening JPA EntityManager in OpenEntityManagerInViewInterceptor
DEBUG 25-09-03 19:50:49[http-nio-8866-exec-2] [OpenEntityManagerInViewInterceptor:86] - Opening JPA EntityManager in OpenEntityManagerInViewInterceptor
DEBUG 25-09-03 19:50:49[http-nio-8866-exec-8] [OpenEntityManagerInViewInterceptor:86] - Opening JPA EntityManager in OpenEntityManagerInViewInterceptor
DEBUG 25-09-03 19:50:49[http-nio-8866-exec-2] [OpenEntityManagerInViewInterceptor:111] - Closing JPA EntityManager in OpenEntityManagerInViewInterceptor
DEBUG 25-09-03 19:50:49[http-nio-8866-exec-7] [OpenEntityManagerInViewInterceptor:111] - Closing JPA EntityManager in OpenEntityManagerInViewInterceptor
DEBUG 25-09-03 19:50:49[http-nio-8866-exec-8] [OpenEntityManagerInViewInterceptor:111] - Closing JPA EntityManager in OpenEntityManagerInViewInterceptor
DEBUG 25-09-03 19:50:49[http-nio-8866-exec-5] [OpenEntityManagerInViewInterceptor:111] - Closing JPA EntityManager in OpenEntityManagerInViewInterceptor
DEBUG 25-09-03 19:50:49[http-nio-8866-exec-7] [DispatcherServlet:1138] - Completed 200 OK
DEBUG 25-09-03 19:50:49[http-nio-8866-exec-2] [DispatcherServlet:1138] - Completed 200 OK
DEBUG 25-09-03 19:50:49[http-nio-8866-exec-10] [OpenEntityManagerInViewInterceptor:111] - Closing JPA EntityManager in OpenEntityManagerInViewInterceptor
DEBUG 25-09-03 19:50:49[http-nio-8866-exec-5] [DispatcherServlet:1138] - Completed 200 OK
DEBUG 25-09-03 19:50:49[http-nio-8866-exec-8] [DispatcherServlet:1138] - Completed 200 OK
DEBUG 25-09-03 19:50:49[http-nio-8866-exec-2] [AnonymousAuthenticationFilter:119] - Set SecurityContextHolder to anonymous SecurityContext
DEBUG 25-09-03 19:50:49[http-nio-8866-exec-10] [DispatcherServlet:1138] - Completed 200 OK
DEBUG 25-09-03 19:50:49[http-nio-8866-exec-5] [AnonymousAuthenticationFilter:119] - Set SecurityContextHolder to anonymous SecurityContext
DEBUG 25-09-03 19:50:49[http-nio-8866-exec-8] [AnonymousAuthenticationFilter:119] - Set SecurityContextHolder to anonymous SecurityContext
DEBUG 25-09-03 19:50:49[http-nio-8866-exec-10] [AnonymousAuthenticationFilter:119] - Set SecurityContextHolder to anonymous SecurityContext
DEBUG 25-09-03 19:50:49[http-nio-8866-exec-4] [OpenEntityManagerInViewInterceptor:111] - Closing JPA EntityManager in OpenEntityManagerInViewInterceptor
DEBUG 25-09-03 19:50:49[http-nio-8866-exec-9] [FilterChainProxy:223] - Securing GET /bootswatch/brite/js/prism.js
DEBUG 25-09-03 19:50:49[http-nio-8866-exec-4] [DispatcherServlet:1138] - Completed 200 OK
DEBUG 25-09-03 19:50:49[http-nio-8866-exec-3] [FilterChainProxy:223] - Securing GET /bootswatch/brite/js/custom.js
DEBUG 25-09-03 19:50:49[http-nio-8866-exec-1] [DispatcherServlet:120] - GET "/js/jquery-3.7.1.min.js", parameters={}
DEBUG 25-09-03 19:50:49[http-nio-8866-exec-4] [AnonymousAuthenticationFilter:119] - Set SecurityContextHolder to anonymous SecurityContext
DEBUG 25-09-03 19:50:49[http-nio-8866-exec-9] [FilterChainProxy:227] - Secured GET /bootswatch/brite/js/prism.js
DEBUG 25-09-03 19:50:49[http-nio-8866-exec-3] [FilterChainProxy:227] - Secured GET /bootswatch/brite/js/custom.js
DEBUG 25-09-03 19:50:49[http-nio-8866-exec-1] [SimpleUrlHandlerMapping:533] - Mapped to ResourceHttpRequestHandler [classpath [META-INF/resources/], classpath [resources/], classpath [static/], classpath [public/], ServletContext [/]]
DEBUG 25-09-03 19:50:49[http-nio-8866-exec-9] [DispatcherServlet:120] - GET "/bootswatch/brite/js/prism.js", parameters={}
DEBUG 25-09-03 19:50:49[http-nio-8866-exec-1] [OpenEntityManagerInViewInterceptor:86] - Opening JPA EntityManager in OpenEntityManagerInViewInterceptor
DEBUG 25-09-03 19:50:49[http-nio-8866-exec-3] [DispatcherServlet:120] - GET "/bootswatch/brite/js/custom.js", parameters={}
DEBUG 25-09-03 19:50:49[http-nio-8866-exec-9] [SimpleUrlHandlerMapping:533] - Mapped to ResourceHttpRequestHandler [classpath [META-INF/resources/], classpath [resources/], classpath [static/], classpath [public/], ServletContext [/]]
DEBUG 25-09-03 19:50:49[http-nio-8866-exec-3] [SimpleUrlHandlerMapping:533] - Mapped to ResourceHttpRequestHandler [classpath [META-INF/resources/], classpath [resources/], classpath [static/], classpath [public/], ServletContext [/]]
DEBUG 25-09-03 19:50:49[http-nio-8866-exec-9] [OpenEntityManagerInViewInterceptor:86] - Opening JPA EntityManager in OpenEntityManagerInViewInterceptor
DEBUG 25-09-03 19:50:49[http-nio-8866-exec-3] [OpenEntityManagerInViewInterceptor:86] - Opening JPA EntityManager in OpenEntityManagerInViewInterceptor
DEBUG 25-09-03 19:50:49[http-nio-8866-exec-9] [OpenEntityManagerInViewInterceptor:111] - Closing JPA EntityManager in OpenEntityManagerInViewInterceptor
DEBUG 25-09-03 19:50:49[http-nio-8866-exec-3] [OpenEntityManagerInViewInterceptor:111] - Closing JPA EntityManager in OpenEntityManagerInViewInterceptor
DEBUG 25-09-03 19:50:49[http-nio-8866-exec-9] [DispatcherServlet:1138] - Completed 200 OK
DEBUG 25-09-03 19:50:49[http-nio-8866-exec-1] [OpenEntityManagerInViewInterceptor:111] - Closing JPA EntityManager in OpenEntityManagerInViewInterceptor
DEBUG 25-09-03 19:50:49[http-nio-8866-exec-3] [DispatcherServlet:1138] - Completed 200 OK
DEBUG 25-09-03 19:50:49[http-nio-8866-exec-9] [AnonymousAuthenticationFilter:119] - Set SecurityContextHolder to anonymous SecurityContext
DEBUG 25-09-03 19:50:49[http-nio-8866-exec-1] [DispatcherServlet:1138] - Completed 200 OK
DEBUG 25-09-03 19:50:49[http-nio-8866-exec-3] [AnonymousAuthenticationFilter:119] - Set SecurityContextHolder to anonymous SecurityContext
DEBUG 25-09-03 19:50:49[http-nio-8866-exec-6] [FilterChainProxy:223] - Securing GET /bootswatch/brite/css/fonts/bootstrap-icons.woff2?e34853135f9e39acf64315236852cd5a
DEBUG 25-09-03 19:50:49[http-nio-8866-exec-6] [FilterChainProxy:227] - Secured GET /bootswatch/brite/css/fonts/bootstrap-icons.woff2?e34853135f9e39acf64315236852cd5a
DEBUG 25-09-03 19:50:49[http-nio-8866-exec-6] [DispatcherServlet:120] - GET "/bootswatch/brite/css/fonts/bootstrap-icons.woff2?e34853135f9e39acf64315236852cd5a", parameters={masked}
DEBUG 25-09-03 19:50:49[http-nio-8866-exec-6] [SimpleUrlHandlerMapping:533] - Mapped to ResourceHttpRequestHandler [classpath [META-INF/resources/], classpath [resources/], classpath [static/], classpath [public/], ServletContext [/]]
DEBUG 25-09-03 19:50:49[http-nio-8866-exec-6] [OpenEntityManagerInViewInterceptor:86] - Opening JPA EntityManager in OpenEntityManagerInViewInterceptor
DEBUG 25-09-03 19:50:49[http-nio-8866-exec-6] [ResourceHttpRequestHandler:584] - Resource not found
DEBUG 25-09-03 19:50:49[http-nio-8866-exec-6] [DefaultHandlerExceptionResolver:702] - Resolved [org.springframework.web.servlet.resource.NoResourceFoundException: No static resource bootswatch/brite/css/fonts/bootstrap-icons.woff2.]
DEBUG 25-09-03 19:50:49[http-nio-8866-exec-6] [OpenEntityManagerInViewInterceptor:111] - Closing JPA EntityManager in OpenEntityManagerInViewInterceptor
DEBUG 25-09-03 19:50:49[http-nio-8866-exec-6] [DispatcherServlet:1138] - Completed 404 NOT_FOUND
DEBUG 25-09-03 19:50:49[http-nio-8866-exec-6] [AnonymousAuthenticationFilter:119] - Set SecurityContextHolder to anonymous SecurityContext
DEBUG 25-09-03 19:50:49[http-nio-8866-exec-6] [FilterChainProxy:223] - Securing GET /error?e34853135f9e39acf64315236852cd5a
DEBUG 25-09-03 19:50:49[http-nio-8866-exec-6] [FilterChainProxy:227] - Secured GET /error?e34853135f9e39acf64315236852cd5a
DEBUG 25-09-03 19:50:49[http-nio-8866-exec-6] [DispatcherServlet:120] - "ERROR" dispatch for GET "/error?e34853135f9e39acf64315236852cd5a", parameters={masked}
DEBUG 25-09-03 19:50:49[http-nio-8866-exec-6] [RequestMappingHandlerMapping:533] - Mapped to org.springframework.boot.autoconfigure.web.servlet.error.BasicErrorController#error(HttpServletRequest)
DEBUG 25-09-03 19:50:49[http-nio-8866-exec-6] [OpenEntityManagerInViewInterceptor:86] - Opening JPA EntityManager in OpenEntityManagerInViewInterceptor
DEBUG 25-09-03 19:50:49[http-nio-8866-exec-6] [HttpEntityMethodProcessor:310] - Using 'application/json', given [*/*] and supported [application/json, application/*+json]
DEBUG 25-09-03 19:50:49[http-nio-8866-exec-6] [HttpEntityMethodProcessor:120] - Writing [{timestamp=Wed Sep 03 19:50:49 KST 2025, status=404, error=Not Found, trace=org.springframework.web. (truncated)...]
DEBUG 25-09-03 19:50:49[http-nio-8866-exec-6] [OpenEntityManagerInViewInterceptor:111] - Closing JPA EntityManager in OpenEntityManagerInViewInterceptor
DEBUG 25-09-03 19:50:49[http-nio-8866-exec-6] [DispatcherServlet:1135] - Exiting from "ERROR" dispatch, status 404
DEBUG 25-09-03 19:50:49[http-nio-8866-exec-6] [AnonymousAuthenticationFilter:119] - Set SecurityContextHolder to anonymous SecurityContext
DEBUG 25-09-03 19:50:49[http-nio-8866-exec-7] [FilterChainProxy:223] - Securing GET /bootswatch/brite/css/fonts/bootstrap-icons.woff?e34853135f9e39acf64315236852cd5a
DEBUG 25-09-03 19:50:49[http-nio-8866-exec-7] [FilterChainProxy:227] - Secured GET /bootswatch/brite/css/fonts/bootstrap-icons.woff?e34853135f9e39acf64315236852cd5a
DEBUG 25-09-03 19:50:49[http-nio-8866-exec-7] [DispatcherServlet:120] - GET "/bootswatch/brite/css/fonts/bootstrap-icons.woff?e34853135f9e39acf64315236852cd5a", parameters={masked}
DEBUG 25-09-03 19:50:49[http-nio-8866-exec-7] [SimpleUrlHandlerMapping:533] - Mapped to ResourceHttpRequestHandler [classpath [META-INF/resources/], classpath [resources/], classpath [static/], classpath [public/], ServletContext [/]]
DEBUG 25-09-03 19:50:49[http-nio-8866-exec-7] [OpenEntityManagerInViewInterceptor:86] - Opening JPA EntityManager in OpenEntityManagerInViewInterceptor
DEBUG 25-09-03 19:50:49[http-nio-8866-exec-7] [ResourceHttpRequestHandler:584] - Resource not found
DEBUG 25-09-03 19:50:49[http-nio-8866-exec-7] [DefaultHandlerExceptionResolver:702] - Resolved [org.springframework.web.servlet.resource.NoResourceFoundException: No static resource bootswatch/brite/css/fonts/bootstrap-icons.woff.]
DEBUG 25-09-03 19:50:49[http-nio-8866-exec-7] [OpenEntityManagerInViewInterceptor:111] - Closing JPA EntityManager in OpenEntityManagerInViewInterceptor
DEBUG 25-09-03 19:50:49[http-nio-8866-exec-7] [DispatcherServlet:1138] - Completed 404 NOT_FOUND
DEBUG 25-09-03 19:50:49[http-nio-8866-exec-7] [AnonymousAuthenticationFilter:119] - Set SecurityContextHolder to anonymous SecurityContext
DEBUG 25-09-03 19:50:49[http-nio-8866-exec-7] [FilterChainProxy:223] - Securing GET /error?e34853135f9e39acf64315236852cd5a
DEBUG 25-09-03 19:50:49[http-nio-8866-exec-7] [FilterChainProxy:227] - Secured GET /error?e34853135f9e39acf64315236852cd5a
DEBUG 25-09-03 19:50:49[http-nio-8866-exec-7] [DispatcherServlet:120] - "ERROR" dispatch for GET "/error?e34853135f9e39acf64315236852cd5a", parameters={masked}
DEBUG 25-09-03 19:50:49[http-nio-8866-exec-7] [RequestMappingHandlerMapping:533] - Mapped to org.springframework.boot.autoconfigure.web.servlet.error.BasicErrorController#error(HttpServletRequest)
DEBUG 25-09-03 19:50:49[http-nio-8866-exec-7] [OpenEntityManagerInViewInterceptor:86] - Opening JPA EntityManager in OpenEntityManagerInViewInterceptor
DEBUG 25-09-03 19:50:49[http-nio-8866-exec-7] [HttpEntityMethodProcessor:310] - Using 'application/json', given [*/*] and supported [application/json, application/*+json]
DEBUG 25-09-03 19:50:49[http-nio-8866-exec-7] [HttpEntityMethodProcessor:120] - Writing [{timestamp=Wed Sep 03 19:50:49 KST 2025, status=404, error=Not Found, trace=org.springframework.web. (truncated)...]
DEBUG 25-09-03 19:50:49[http-nio-8866-exec-7] [OpenEntityManagerInViewInterceptor:111] - Closing JPA EntityManager in OpenEntityManagerInViewInterceptor
DEBUG 25-09-03 19:50:49[http-nio-8866-exec-7] [DispatcherServlet:1135] - Exiting from "ERROR" dispatch, status 404
DEBUG 25-09-03 19:50:49[http-nio-8866-exec-7] [AnonymousAuthenticationFilter:119] - Set SecurityContextHolder to anonymous SecurityContext
DEBUG 25-09-03 19:50:50[http-nio-8866-exec-5] [FilterChainProxy:223] - Securing GET /api/
DEBUG 25-09-03 19:50:50[http-nio-8866-exec-5] [AnonymousAuthenticationFilter:119] - Set SecurityContextHolder to anonymous SecurityContext
DEBUG 25-09-03 19:50:50[http-nio-8866-exec-5] [HttpSessionRequestCache:80] - Saved request http://localhost:8866/api/?continue to session
DEBUG 25-09-03 19:50:50[http-nio-8866-exec-5] [Http403ForbiddenEntryPoint:58] - Pre-authenticated entry point called. Rejecting access
DEBUG 25-09-03 19:50:50[http-nio-8866-exec-5] [FilterChainProxy:223] - Securing GET /error
DEBUG 25-09-03 19:50:50[http-nio-8866-exec-5] [FilterChainProxy:227] - Secured GET /error
DEBUG 25-09-03 19:50:50[http-nio-8866-exec-5] [DispatcherServlet:120] - "ERROR" dispatch for GET "/error", parameters={}
DEBUG 25-09-03 19:50:50[http-nio-8866-exec-5] [RequestMappingHandlerMapping:533] - Mapped to org.springframework.boot.autoconfigure.web.servlet.error.BasicErrorController#errorHtml(HttpServletRequest, HttpServletResponse)
DEBUG 25-09-03 19:50:50[http-nio-8866-exec-5] [OpenEntityManagerInViewInterceptor:86] - Opening JPA EntityManager in OpenEntityManagerInViewInterceptor
DEBUG 25-09-03 19:50:50[http-nio-8866-exec-5] [ContentNegotiatingViewResolver:354] - Selected 'text/html' given [text/html, text/html;q=0.8]
DEBUG 25-09-03 19:50:50[http-nio-8866-exec-5] [MustacheView:307] - View name [error/403], model {timestamp=Wed Sep 03 19:50:50 KST 2025, status=403, error=Forbidden, message=Forbidden, path=/api/}
DEBUG 25-09-03 19:50:50[http-nio-8866-exec-5] [MustacheView:178] - Rendering [classpath:/templates/error/403.html]
DEBUG 25-09-03 19:50:50[http-nio-8866-exec-5] [OpenEntityManagerInViewInterceptor:111] - Closing JPA EntityManager in OpenEntityManagerInViewInterceptor
DEBUG 25-09-03 19:50:50[http-nio-8866-exec-5] [DispatcherServlet:1135] - Exiting from "ERROR" dispatch, status 403
DEBUG 25-09-03 19:50:50[http-nio-8866-exec-5] [AnonymousAuthenticationFilter:119] - Set SecurityContextHolder to anonymous SecurityContext
DEBUG 25-09-03 19:50:50[http-nio-8866-exec-2] [FilterChainProxy:223] - Securing GET /bootswatch/brite/css/bootstrap.min.css
DEBUG 25-09-03 19:50:50[http-nio-8866-exec-2] [FilterChainProxy:227] - Secured GET /bootswatch/brite/css/bootstrap.min.css
DEBUG 25-09-03 19:50:50[http-nio-8866-exec-2] [DispatcherServlet:120] - GET "/bootswatch/brite/css/bootstrap.min.css", parameters={}
DEBUG 25-09-03 19:50:50[http-nio-8866-exec-2] [SimpleUrlHandlerMapping:533] - Mapped to ResourceHttpRequestHandler [classpath [META-INF/resources/], classpath [resources/], classpath [static/], classpath [public/], ServletContext [/]]
DEBUG 25-09-03 19:50:50[http-nio-8866-exec-2] [OpenEntityManagerInViewInterceptor:86] - Opening JPA EntityManager in OpenEntityManagerInViewInterceptor
DEBUG 25-09-03 19:50:50[http-nio-8866-exec-4] [FilterChainProxy:223] - Securing GET /bootswatch/brite/css/custom.min.css
DEBUG 25-09-03 19:50:50[http-nio-8866-exec-10] [FilterChainProxy:223] - Securing GET /bootswatch/brite/css/prism-okaidia.css
DEBUG 25-09-03 19:50:50[http-nio-8866-exec-3] [DispatcherServlet:120] - GET "/css/food_style.css", parameters={}
DEBUG 25-09-03 19:50:50[http-nio-8866-exec-1] [FilterChainProxy:223] - Securing GET /bootswatch/brite/js/bootstrap.bundle.min.js
DEBUG 25-09-03 19:50:50[http-nio-8866-exec-10] [FilterChainProxy:227] - Secured GET /bootswatch/brite/css/prism-okaidia.css
DEBUG 25-09-03 19:50:50[http-nio-8866-exec-8] [FilterChainProxy:223] - Securing GET /bootswatch/brite/css/bootstrap-icons.min.css
DEBUG 25-09-03 19:50:50[http-nio-8866-exec-4] [FilterChainProxy:227] - Secured GET /bootswatch/brite/css/custom.min.css
DEBUG 25-09-03 19:50:50[http-nio-8866-exec-1] [FilterChainProxy:227] - Secured GET /bootswatch/brite/js/bootstrap.bundle.min.js
DEBUG 25-09-03 19:50:50[http-nio-8866-exec-8] [FilterChainProxy:227] - Secured GET /bootswatch/brite/css/bootstrap-icons.min.css
DEBUG 25-09-03 19:50:50[http-nio-8866-exec-10] [DispatcherServlet:120] - GET "/bootswatch/brite/css/prism-okaidia.css", parameters={}
DEBUG 25-09-03 19:50:50[http-nio-8866-exec-4] [DispatcherServlet:120] - GET "/bootswatch/brite/css/custom.min.css", parameters={}
DEBUG 25-09-03 19:50:50[http-nio-8866-exec-3] [SimpleUrlHandlerMapping:533] - Mapped to ResourceHttpRequestHandler [classpath [META-INF/resources/], classpath [resources/], classpath [static/], classpath [public/], ServletContext [/]]
DEBUG 25-09-03 19:50:50[http-nio-8866-exec-1] [DispatcherServlet:120] - GET "/bootswatch/brite/js/bootstrap.bundle.min.js", parameters={}
DEBUG 25-09-03 19:50:50[http-nio-8866-exec-8] [DispatcherServlet:120] - GET "/bootswatch/brite/css/bootstrap-icons.min.css", parameters={}
DEBUG 25-09-03 19:50:50[http-nio-8866-exec-10] [SimpleUrlHandlerMapping:533] - Mapped to ResourceHttpRequestHandler [classpath [META-INF/resources/], classpath [resources/], classpath [static/], classpath [public/], ServletContext [/]]
DEBUG 25-09-03 19:50:50[http-nio-8866-exec-4] [SimpleUrlHandlerMapping:533] - Mapped to ResourceHttpRequestHandler [classpath [META-INF/resources/], classpath [resources/], classpath [static/], classpath [public/], ServletContext [/]]
DEBUG 25-09-03 19:50:50[http-nio-8866-exec-3] [OpenEntityManagerInViewInterceptor:86] - Opening JPA EntityManager in OpenEntityManagerInViewInterceptor
DEBUG 25-09-03 19:50:50[http-nio-8866-exec-1] [SimpleUrlHandlerMapping:533] - Mapped to ResourceHttpRequestHandler [classpath [META-INF/resources/], classpath [resources/], classpath [static/], classpath [public/], ServletContext [/]]
DEBUG 25-09-03 19:50:50[http-nio-8866-exec-8] [SimpleUrlHandlerMapping:533] - Mapped to ResourceHttpRequestHandler [classpath [META-INF/resources/], classpath [resources/], classpath [static/], classpath [public/], ServletContext [/]]
DEBUG 25-09-03 19:50:50[http-nio-8866-exec-10] [OpenEntityManagerInViewInterceptor:86] - Opening JPA EntityManager in OpenEntityManagerInViewInterceptor
DEBUG 25-09-03 19:50:50[http-nio-8866-exec-4] [OpenEntityManagerInViewInterceptor:86] - Opening JPA EntityManager in OpenEntityManagerInViewInterceptor
DEBUG 25-09-03 19:50:50[http-nio-8866-exec-1] [OpenEntityManagerInViewInterceptor:86] - Opening JPA EntityManager in OpenEntityManagerInViewInterceptor
DEBUG 25-09-03 19:50:50[http-nio-8866-exec-8] [OpenEntityManagerInViewInterceptor:86] - Opening JPA EntityManager in OpenEntityManagerInViewInterceptor
DEBUG 25-09-03 19:50:50[http-nio-8866-exec-3] [OpenEntityManagerInViewInterceptor:111] - Closing JPA EntityManager in OpenEntityManagerInViewInterceptor
DEBUG 25-09-03 19:50:50[http-nio-8866-exec-10] [OpenEntityManagerInViewInterceptor:111] - Closing JPA EntityManager in OpenEntityManagerInViewInterceptor
DEBUG 25-09-03 19:50:50[http-nio-8866-exec-2] [OpenEntityManagerInViewInterceptor:111] - Closing JPA EntityManager in OpenEntityManagerInViewInterceptor
DEBUG 25-09-03 19:50:50[http-nio-8866-exec-10] [DispatcherServlet:1138] - Completed 200 OK
DEBUG 25-09-03 19:50:50[http-nio-8866-exec-3] [DispatcherServlet:1138] - Completed 200 OK
DEBUG 25-09-03 19:50:50[http-nio-8866-exec-10] [AnonymousAuthenticationFilter:119] - Set SecurityContextHolder to anonymous SecurityContext
DEBUG 25-09-03 19:50:50[http-nio-8866-exec-2] [DispatcherServlet:1138] - Completed 200 OK
DEBUG 25-09-03 19:50:50[http-nio-8866-exec-2] [AnonymousAuthenticationFilter:119] - Set SecurityContextHolder to anonymous SecurityContext
DEBUG 25-09-03 19:50:50[http-nio-8866-exec-4] [OpenEntityManagerInViewInterceptor:111] - Closing JPA EntityManager in OpenEntityManagerInViewInterceptor
DEBUG 25-09-03 19:50:50[http-nio-8866-exec-8] [OpenEntityManagerInViewInterceptor:111] - Closing JPA EntityManager in OpenEntityManagerInViewInterceptor
DEBUG 25-09-03 19:50:50[http-nio-8866-exec-1] [OpenEntityManagerInViewInterceptor:111] - Closing JPA EntityManager in OpenEntityManagerInViewInterceptor
DEBUG 25-09-03 19:50:50[http-nio-8866-exec-4] [DispatcherServlet:1138] - Completed 200 OK
DEBUG 25-09-03 19:50:50[http-nio-8866-exec-8] [DispatcherServlet:1138] - Completed 200 OK
DEBUG 25-09-03 19:50:50[http-nio-8866-exec-1] [DispatcherServlet:1138] - Completed 200 OK
DEBUG 25-09-03 19:50:50[http-nio-8866-exec-4] [AnonymousAuthenticationFilter:119] - Set SecurityContextHolder to anonymous SecurityContext
DEBUG 25-09-03 19:50:50[http-nio-8866-exec-6] [DispatcherServlet:120] - GET "/js/jquery-3.7.1.min.js", parameters={}
DEBUG 25-09-03 19:50:50[http-nio-8866-exec-9] [FilterChainProxy:223] - Securing GET /bootswatch/brite/js/custom.js
DEBUG 25-09-03 19:50:50[http-nio-8866-exec-2] [FilterChainProxy:223] - Securing GET /bootswatch/brite/js/prism.js
DEBUG 25-09-03 19:50:50[http-nio-8866-exec-8] [AnonymousAuthenticationFilter:119] - Set SecurityContextHolder to anonymous SecurityContext
DEBUG 25-09-03 19:50:50[http-nio-8866-exec-1] [AnonymousAuthenticationFilter:119] - Set SecurityContextHolder to anonymous SecurityContext
DEBUG 25-09-03 19:50:50[http-nio-8866-exec-6] [SimpleUrlHandlerMapping:533] - Mapped to ResourceHttpRequestHandler [classpath [META-INF/resources/], classpath [resources/], classpath [static/], classpath [public/], ServletContext [/]]
DEBUG 25-09-03 19:50:50[http-nio-8866-exec-2] [FilterChainProxy:227] - Secured GET /bootswatch/brite/js/prism.js
DEBUG 25-09-03 19:50:50[http-nio-8866-exec-9] [FilterChainProxy:227] - Secured GET /bootswatch/brite/js/custom.js
DEBUG 25-09-03 19:50:50[http-nio-8866-exec-2] [DispatcherServlet:120] - GET "/bootswatch/brite/js/prism.js", parameters={}
DEBUG 25-09-03 19:50:50[http-nio-8866-exec-9] [DispatcherServlet:120] - GET "/bootswatch/brite/js/custom.js", parameters={}
DEBUG 25-09-03 19:50:50[http-nio-8866-exec-6] [OpenEntityManagerInViewInterceptor:86] - Opening JPA EntityManager in OpenEntityManagerInViewInterceptor
DEBUG 25-09-03 19:50:50[http-nio-8866-exec-9] [SimpleUrlHandlerMapping:533] - Mapped to ResourceHttpRequestHandler [classpath [META-INF/resources/], classpath [resources/], classpath [static/], classpath [public/], ServletContext [/]]
DEBUG 25-09-03 19:50:50[http-nio-8866-exec-2] [SimpleUrlHandlerMapping:533] - Mapped to ResourceHttpRequestHandler [classpath [META-INF/resources/], classpath [resources/], classpath [static/], classpath [public/], ServletContext [/]]
DEBUG 25-09-03 19:50:50[http-nio-8866-exec-2] [OpenEntityManagerInViewInterceptor:86] - Opening JPA EntityManager in OpenEntityManagerInViewInterceptor
DEBUG 25-09-03 19:50:50[http-nio-8866-exec-9] [OpenEntityManagerInViewInterceptor:86] - Opening JPA EntityManager in OpenEntityManagerInViewInterceptor
DEBUG 25-09-03 19:50:50[http-nio-8866-exec-6] [OpenEntityManagerInViewInterceptor:111] - Closing JPA EntityManager in OpenEntityManagerInViewInterceptor
DEBUG 25-09-03 19:50:50[http-nio-8866-exec-9] [OpenEntityManagerInViewInterceptor:111] - Closing JPA EntityManager in OpenEntityManagerInViewInterceptor
DEBUG 25-09-03 19:50:50[http-nio-8866-exec-6] [DispatcherServlet:1138] - Completed 200 OK
DEBUG 25-09-03 19:50:50[http-nio-8866-exec-9] [DispatcherServlet:1138] - Completed 200 OK
DEBUG 25-09-03 19:50:50[http-nio-8866-exec-9] [AnonymousAuthenticationFilter:119] - Set SecurityContextHolder to anonymous SecurityContext
DEBUG 25-09-03 19:50:50[http-nio-8866-exec-2] [OpenEntityManagerInViewInterceptor:111] - Closing JPA EntityManager in OpenEntityManagerInViewInterceptor
DEBUG 25-09-03 19:50:50[http-nio-8866-exec-2] [DispatcherServlet:1138] - Completed 200 OK
DEBUG 25-09-03 19:50:50[http-nio-8866-exec-2] [AnonymousAuthenticationFilter:119] - Set SecurityContextHolder to anonymous SecurityContext
DEBUG 25-09-03 19:50:50[http-nio-8866-exec-7] [FilterChainProxy:223] - Securing GET /bootswatch/brite/css/fonts/bootstrap-icons.woff2?e34853135f9e39acf64315236852cd5a
DEBUG 25-09-03 19:50:50[http-nio-8866-exec-7] [FilterChainProxy:227] - Secured GET /bootswatch/brite/css/fonts/bootstrap-icons.woff2?e34853135f9e39acf64315236852cd5a
DEBUG 25-09-03 19:50:50[http-nio-8866-exec-7] [DispatcherServlet:120] - GET "/bootswatch/brite/css/fonts/bootstrap-icons.woff2?e34853135f9e39acf64315236852cd5a", parameters={masked}
DEBUG 25-09-03 19:50:50[http-nio-8866-exec-7] [SimpleUrlHandlerMapping:533] - Mapped to ResourceHttpRequestHandler [classpath [META-INF/resources/], classpath [resources/], classpath [static/], classpath [public/], ServletContext [/]]
DEBUG 25-09-03 19:50:50[http-nio-8866-exec-7] [OpenEntityManagerInViewInterceptor:86] - Opening JPA EntityManager in OpenEntityManagerInViewInterceptor
DEBUG 25-09-03 19:50:50[http-nio-8866-exec-7] [ResourceHttpRequestHandler:584] - Resource not found
DEBUG 25-09-03 19:50:50[http-nio-8866-exec-7] [DefaultHandlerExceptionResolver:702] - Resolved [org.springframework.web.servlet.resource.NoResourceFoundException: No static resource bootswatch/brite/css/fonts/bootstrap-icons.woff2.]
DEBUG 25-09-03 19:50:50[http-nio-8866-exec-7] [OpenEntityManagerInViewInterceptor:111] - Closing JPA EntityManager in OpenEntityManagerInViewInterceptor
DEBUG 25-09-03 19:50:50[http-nio-8866-exec-7] [DispatcherServlet:1138] - Completed 404 NOT_FOUND
DEBUG 25-09-03 19:50:50[http-nio-8866-exec-7] [AnonymousAuthenticationFilter:119] - Set SecurityContextHolder to anonymous SecurityContext
DEBUG 25-09-03 19:50:50[http-nio-8866-exec-7] [FilterChainProxy:223] - Securing GET /error?e34853135f9e39acf64315236852cd5a
DEBUG 25-09-03 19:50:50[http-nio-8866-exec-7] [FilterChainProxy:227] - Secured GET /error?e34853135f9e39acf64315236852cd5a
DEBUG 25-09-03 19:50:50[http-nio-8866-exec-7] [DispatcherServlet:120] - "ERROR" dispatch for GET "/error?e34853135f9e39acf64315236852cd5a", parameters={masked}
DEBUG 25-09-03 19:50:50[http-nio-8866-exec-7] [RequestMappingHandlerMapping:533] - Mapped to org.springframework.boot.autoconfigure.web.servlet.error.BasicErrorController#error(HttpServletRequest)
DEBUG 25-09-03 19:50:50[http-nio-8866-exec-7] [OpenEntityManagerInViewInterceptor:86] - Opening JPA EntityManager in OpenEntityManagerInViewInterceptor
DEBUG 25-09-03 19:50:50[http-nio-8866-exec-7] [HttpEntityMethodProcessor:310] - Using 'application/json', given [*/*] and supported [application/json, application/*+json]
DEBUG 25-09-03 19:50:50[http-nio-8866-exec-7] [HttpEntityMethodProcessor:120] - Writing [{timestamp=Wed Sep 03 19:50:50 KST 2025, status=404, error=Not Found, trace=org.springframework.web. (truncated)...]
DEBUG 25-09-03 19:50:50[http-nio-8866-exec-7] [OpenEntityManagerInViewInterceptor:111] - Closing JPA EntityManager in OpenEntityManagerInViewInterceptor
DEBUG 25-09-03 19:50:50[http-nio-8866-exec-7] [DispatcherServlet:1135] - Exiting from "ERROR" dispatch, status 404
DEBUG 25-09-03 19:50:50[http-nio-8866-exec-7] [AnonymousAuthenticationFilter:119] - Set SecurityContextHolder to anonymous SecurityContext
DEBUG 25-09-03 19:50:50[http-nio-8866-exec-5] [FilterChainProxy:223] - Securing GET /bootswatch/brite/css/fonts/bootstrap-icons.woff?e34853135f9e39acf64315236852cd5a
DEBUG 25-09-03 19:50:50[http-nio-8866-exec-5] [FilterChainProxy:227] - Secured GET /bootswatch/brite/css/fonts/bootstrap-icons.woff?e34853135f9e39acf64315236852cd5a
DEBUG 25-09-03 19:50:50[http-nio-8866-exec-5] [DispatcherServlet:120] - GET "/bootswatch/brite/css/fonts/bootstrap-icons.woff?e34853135f9e39acf64315236852cd5a", parameters={masked}
DEBUG 25-09-03 19:50:50[http-nio-8866-exec-5] [SimpleUrlHandlerMapping:533] - Mapped to ResourceHttpRequestHandler [classpath [META-INF/resources/], classpath [resources/], classpath [static/], classpath [public/], ServletContext [/]]
DEBUG 25-09-03 19:50:50[http-nio-8866-exec-5] [OpenEntityManagerInViewInterceptor:86] - Opening JPA EntityManager in OpenEntityManagerInViewInterceptor
DEBUG 25-09-03 19:50:50[http-nio-8866-exec-5] [ResourceHttpRequestHandler:584] - Resource not found
DEBUG 25-09-03 19:50:50[http-nio-8866-exec-5] [DefaultHandlerExceptionResolver:702] - Resolved [org.springframework.web.servlet.resource.NoResourceFoundException: No static resource bootswatch/brite/css/fonts/bootstrap-icons.woff.]
DEBUG 25-09-03 19:50:50[http-nio-8866-exec-5] [OpenEntityManagerInViewInterceptor:111] - Closing JPA EntityManager in OpenEntityManagerInViewInterceptor
DEBUG 25-09-03 19:50:50[http-nio-8866-exec-5] [DispatcherServlet:1138] - Completed 404 NOT_FOUND
DEBUG 25-09-03 19:50:50[http-nio-8866-exec-5] [AnonymousAuthenticationFilter:119] - Set SecurityContextHolder to anonymous SecurityContext
DEBUG 25-09-03 19:50:50[http-nio-8866-exec-5] [FilterChainProxy:223] - Securing GET /error?e34853135f9e39acf64315236852cd5a
DEBUG 25-09-03 19:50:50[http-nio-8866-exec-5] [FilterChainProxy:227] - Secured GET /error?e34853135f9e39acf64315236852cd5a
DEBUG 25-09-03 19:50:50[http-nio-8866-exec-5] [DispatcherServlet:120] - "ERROR" dispatch for GET "/error?e34853135f9e39acf64315236852cd5a", parameters={masked}
DEBUG 25-09-03 19:50:50[http-nio-8866-exec-5] [RequestMappingHandlerMapping:533] - Mapped to org.springframework.boot.autoconfigure.web.servlet.error.BasicErrorController#error(HttpServletRequest)
DEBUG 25-09-03 19:50:50[http-nio-8866-exec-5] [OpenEntityManagerInViewInterceptor:86] - Opening JPA EntityManager in OpenEntityManagerInViewInterceptor
DEBUG 25-09-03 19:50:50[http-nio-8866-exec-5] [HttpEntityMethodProcessor:310] - Using 'application/json', given [*/*] and supported [application/json, application/*+json]
DEBUG 25-09-03 19:50:50[http-nio-8866-exec-5] [HttpEntityMethodProcessor:120] - Writing [{timestamp=Wed Sep 03 19:50:50 KST 2025, status=404, error=Not Found, trace=org.springframework.web. (truncated)...]
DEBUG 25-09-03 19:50:50[http-nio-8866-exec-5] [OpenEntityManagerInViewInterceptor:111] - Closing JPA EntityManager in OpenEntityManagerInViewInterceptor
DEBUG 25-09-03 19:50:50[http-nio-8866-exec-5] [DispatcherServlet:1135] - Exiting from "ERROR" dispatch, status 404
DEBUG 25-09-03 19:50:50[http-nio-8866-exec-5] [AnonymousAuthenticationFilter:119] - Set SecurityContextHolder to anonymous SecurityContext
DEBUG 25-09-03 19:50:53[http-nio-8866-exec-10] [FilterChainProxy:223] - Securing GET /
DEBUG 25-09-03 19:50:53[http-nio-8866-exec-10] [FilterChainProxy:227] - Secured GET /
DEBUG 25-09-03 19:50:53[http-nio-8866-exec-10] [DispatcherServlet:120] - GET "/", parameters={}
DEBUG 25-09-03 19:50:53[http-nio-8866-exec-10] [WelcomePageHandlerMapping:533] - Mapped to ParameterizableViewController [view="index"]
DEBUG 25-09-03 19:50:53[http-nio-8866-exec-10] [OpenEntityManagerInViewInterceptor:86] - Opening JPA EntityManager in OpenEntityManagerInViewInterceptor
DEBUG 25-09-03 19:50:53[http-nio-8866-exec-10] [ContentNegotiatingViewResolver:354] - Selected 'text/html' given [text/html, application/xhtml+xml, image/avif, image/webp, image/apng, application/xml;q=0.9, */*;q=0.8, application/signed-exchange;v=b3;q=0.7]
DEBUG 25-09-03 19:50:53[http-nio-8866-exec-10] [MustacheView:307] - View name [index], model {}
DEBUG 25-09-03 19:50:53[http-nio-8866-exec-10] [MustacheView:178] - Rendering [classpath:/templates/index.html]
DEBUG 25-09-03 19:50:53[http-nio-8866-exec-10] [OpenEntityManagerInViewInterceptor:111] - Closing JPA EntityManager in OpenEntityManagerInViewInterceptor
DEBUG 25-09-03 19:50:53[http-nio-8866-exec-10] [DispatcherServlet:1138] - Completed 200 OK
DEBUG 25-09-03 19:50:53[http-nio-8866-exec-10] [AnonymousAuthenticationFilter:119] - Set SecurityContextHolder to anonymous SecurityContext
DEBUG 25-09-03 19:50:55[http-nio-8866-exec-3] [FilterChainProxy:223] - Securing GET /signpage
DEBUG 25-09-03 19:50:55[http-nio-8866-exec-3] [FilterChainProxy:227] - Secured GET /signpage
DEBUG 25-09-03 19:50:55[http-nio-8866-exec-3] [DispatcherServlet:120] - GET "/signpage", parameters={}
DEBUG 25-09-03 19:50:55[http-nio-8866-exec-3] [RequestMappingHandlerMapping:533] - Mapped to com.mjc813.food_web.common.MenuController#everyone(Model)
DEBUG 25-09-03 19:50:55[http-nio-8866-exec-3] [OpenEntityManagerInViewInterceptor:86] - Opening JPA EntityManager in OpenEntityManagerInViewInterceptor
DEBUG 25-09-03 19:50:55[http-nio-8866-exec-3] [AnonymousAuthenticationFilter:119] - Set SecurityContextHolder to anonymous SecurityContext
DEBUG 25-09-03 19:50:55[http-nio-8866-exec-3] [ContentNegotiatingViewResolver:354] - Selected 'text/html' given [text/html, application/xhtml+xml, image/avif, image/webp, image/apng, application/xml;q=0.9, */*;q=0.8, application/signed-exchange;v=b3;q=0.7]
DEBUG 25-09-03 19:50:55[http-nio-8866-exec-3] [MustacheView:307] - View name [signpage/home], model {loginUser=null}
DEBUG 25-09-03 19:50:55[http-nio-8866-exec-3] [MustacheView:178] - Rendering [classpath:/templates/signpage/home.html]
DEBUG 25-09-03 19:50:55[http-nio-8866-exec-3] [OpenEntityManagerInViewInterceptor:111] - Closing JPA EntityManager in OpenEntityManagerInViewInterceptor
DEBUG 25-09-03 19:50:55[http-nio-8866-exec-3] [DispatcherServlet:1138] - Completed 200 OK
DEBUG 25-09-03 19:50:55[http-nio-8866-exec-4] [DispatcherServlet:120] - GET "/js/jquery-3.7.1.min.js", parameters={}
DEBUG 25-09-03 19:50:55[http-nio-8866-exec-4] [SimpleUrlHandlerMapping:533] - Mapped to ResourceHttpRequestHandler [classpath [META-INF/resources/], classpath [resources/], classpath [static/], classpath [public/], ServletContext [/]]
DEBUG 25-09-03 19:50:55[http-nio-8866-exec-4] [OpenEntityManagerInViewInterceptor:86] - Opening JPA EntityManager in OpenEntityManagerInViewInterceptor
DEBUG 25-09-03 19:50:55[http-nio-8866-exec-4] [OpenEntityManagerInViewInterceptor:111] - Closing JPA EntityManager in OpenEntityManagerInViewInterceptor
DEBUG 25-09-03 19:50:55[http-nio-8866-exec-4] [DispatcherServlet:1138] - Completed 200 OK
DEBUG 25-09-03 19:51:01[http-nio-8866-exec-8] [FilterChainProxy:223] - Securing POST /springsign/signin
DEBUG 25-09-03 19:51:01[http-nio-8866-exec-8] [FilterChainProxy:227] - Secured POST /springsign/signin
DEBUG 25-09-03 19:51:01[http-nio-8866-exec-8] [DispatcherServlet:120] - POST "/springsign/signin", parameters={}
DEBUG 25-09-03 19:51:01[http-nio-8866-exec-8] [RequestMappingHandlerMapping:533] - Mapped to com.mjc813.food_web.security.SpringbootSignUpRestController#signin(SignInRequestDto, HttpSession, HttpServletResponse)
DEBUG 25-09-03 19:51:01[http-nio-8866-exec-8] [OpenEntityManagerInViewInterceptor:86] - Opening JPA EntityManager in OpenEntityManagerInViewInterceptor
DEBUG 25-09-03 19:51:01[http-nio-8866-exec-8] [RequestResponseBodyMethodProcessor:120] - Read "application/json;charset=UTF-8" to [com.mjc813.food_web.security.dto.SignInRequestDto@6e43b9b4]
DEBUG 25-09-03 19:51:01[http-nio-8866-exec-8] [SqlSessionUtils:49] - Creating a new SqlSession
DEBUG 25-09-03 19:51:01[http-nio-8866-exec-8] [SqlSessionUtils:49] - SqlSession [org.apache.ibatis.session.defaults.DefaultSqlSession@71450ef7] was not registered for synchronization because synchronization is not active
DEBUG 25-09-03 19:51:01[http-nio-8866-exec-8] [DataSourceUtils:117] - Fetching JDBC Connection from DataSource
INFO  25-09-03 19:51:01[http-nio-8866-exec-8] [log4j2:197] -  com.zaxxer.hikari.pool.PoolBase.isConnectionDead(PoolBase.java:160)
1. Connection.isValid(5) returned true
INFO  25-09-03 19:51:01[http-nio-8866-exec-8] [log4j2:197] -  com.zaxxer.hikari.pool.ProxyConnection.getAutoCommit(ProxyConnection.java:405)
1. Connection.getAutoCommit() returned true
DEBUG 25-09-03 19:51:01[http-nio-8866-exec-8] [SpringManagedTransaction:49] - JDBC Connection [HikariProxyConnection@1511326232 wrapping net.sf.log4jdbc.sql.jdbcapi.ConnectionSpy@1a6df142] will not be managed by Spring
DEBUG 25-09-03 19:51:01[http-nio-8866-exec-8] [findByUsername:135] - ==>  Preparing: SELECT id , username , name , password , nick_name , phone_number , email , role FROM member_tbl WHERE username = ?
INFO  25-09-03 19:51:01[http-nio-8866-exec-8] [log4j2:197] -  com.zaxxer.hikari.pool.ProxyConnection.prepareStatement(ProxyConnection.java:328)
1. PreparedStatement.new PreparedStatement returned 
INFO  25-09-03 19:51:01[http-nio-8866-exec-8] [log4j2:197] -  com.zaxxer.hikari.pool.ProxyConnection.prepareStatement(ProxyConnection.java:328)
1. Connection.prepareStatement(SELECT
            id
             , username
             , name
             , password
             , nick_name
             , phone_number
             , email
             , role
        FROM member_tbl
        WHERE username = ?) returned net.sf.log4jdbc.sql.jdbcapi.PreparedStatementSpy@165a33b8
INFO  25-09-03 19:51:01[http-nio-8866-exec-8] [log4j2:197] -  com.zaxxer.hikari.pool.HikariProxyPreparedStatement.setString(HikariProxyPreparedStatement.java:-1)
1. PreparedStatement.setString(1, "root") returned 
DEBUG 25-09-03 19:51:01[http-nio-8866-exec-8] [findByUsername:135] - ==> Parameters: root(String)
INFO  25-09-03 19:51:01[http-nio-8866-exec-8] [log4j2:243] -  com.zaxxer.hikari.pool.ProxyPreparedStatement.execute(ProxyPreparedStatement.java:44)
1. SELECT id , username , name , password , nick_name , phone_number , email , role FROM member_tbl 
WHERE username = 'root'  {executed in 20 ms}
INFO  25-09-03 19:51:01[http-nio-8866-exec-8] [log4j2:197] -  com.zaxxer.hikari.pool.ProxyPreparedStatement.execute(ProxyPreparedStatement.java:44)
1. PreparedStatement.execute() returned true
INFO  25-09-03 19:51:01[http-nio-8866-exec-8] [log4j2:197] -  com.zaxxer.hikari.pool.ProxyStatement.getResultSet(ProxyStatement.java:214)
1. ResultSet.new ResultSet returned 
INFO  25-09-03 19:51:01[http-nio-8866-exec-8] [log4j2:197] -  com.zaxxer.hikari.pool.ProxyStatement.getResultSet(ProxyStatement.java:214)
1. PreparedStatement.getResultSet() returned net.sf.log4jdbc.sql.jdbcapi.ResultSetSpy@55802b43
INFO  25-09-03 19:51:01[http-nio-8866-exec-8] [log4j2:197] -  com.zaxxer.hikari.pool.HikariProxyResultSet.getMetaData(HikariProxyResultSet.java:-1)
1. ResultSet.getMetaData() returned com.mysql.cj.jdbc.result.ResultSetMetaData@7706ab56 - Field level information: 
	com.mysql.cj.result.Field@6cc8e044[dbName=food_db,tableName=member_tbl,originalTableName=member_tbl,columnName=id,originalColumnName=id,mysqlType=8(FIELD_TYPE_BIGINT),sqlType=-5,flags= AUTO_INCREMENT PRIMARY_KEY, charsetIndex=63, charsetName=ISO-8859-1]
	com.mysql.cj.result.Field@8e61f1e[dbName=food_db,tableName=member_tbl,originalTableName=member_tbl,columnName=username,originalColumnName=username,mysqlType=253(FIELD_TYPE_VARCHAR),sqlType=12,flags= UNIQUE_KEY, charsetIndex=45, charsetName=UTF-8]
	com.mysql.cj.result.Field@c67d491[dbName=food_db,tableName=member_tbl,originalTableName=member_tbl,columnName=name,originalColumnName=name,mysqlType=253(FIELD_TYPE_VARCHAR),sqlType=12,flags=, charsetIndex=45, charsetName=UTF-8]
	com.mysql.cj.result.Field@4e798250[dbName=food_db,tableName=member_tbl,originalTableName=member_tbl,columnName=password,originalColumnName=password,mysqlType=253(FIELD_TYPE_VARCHAR),sqlType=12,flags=, charsetIndex=45, charsetName=UTF-8]
	com.mysql.cj.result.Field@6598911b[dbName=food_db,tableName=member_tbl,originalTableName=member_tbl,columnName=nick_name,originalColumnName=nick_name,mysqlType=253(FIELD_TYPE_VARCHAR),sqlType=12,flags= UNIQUE_KEY, charsetIndex=45, charsetName=UTF-8]
	com.mysql.cj.result.Field@5d3e7c59[dbName=food_db,tableName=member_tbl,originalTableName=member_tbl,columnName=phone_number,originalColumnName=phone_number,mysqlType=253(FIELD_TYPE_VARCHAR),sqlType=12,flags=, charsetIndex=45, charsetName=UTF-8]
	com.mysql.cj.result.Field@6f4fe833[dbName=food_db,tableName=member_tbl,originalTableName=member_tbl,columnName=email,originalColumnName=email,mysqlType=253(FIELD_TYPE_VARCHAR),sqlType=12,flags= UNIQUE_KEY, charsetIndex=45, charsetName=UTF-8]
	com.mysql.cj.result.Field@6d269c88[dbName=food_db,tableName=member_tbl,originalTableName=member_tbl,columnName=role,originalColumnName=role,mysqlType=253(FIELD_TYPE_VARCHAR),sqlType=12,flags=, charsetIndex=45, charsetName=UTF-8]
INFO  25-09-03 19:51:01[http-nio-8866-exec-8] [log4j2:197] -  com.zaxxer.hikari.pool.HikariProxyResultSet.getType(HikariProxyResultSet.java:-1)
1. ResultSet.getType() returned 1003
INFO  25-09-03 19:51:01[http-nio-8866-exec-8] [log4j2:197] -  com.zaxxer.hikari.pool.HikariProxyResultSet.isClosed(HikariProxyResultSet.java:-1)
1. ResultSet.isClosed() returned false
INFO  25-09-03 19:51:01[http-nio-8866-exec-8] [log4j2:390] - 
|---|---------|-----|---------|----------|-------------|------|-----|
|id |username |name |password |nick_name |phone_number |email |role |
|---|---------|-----|---------|----------|-------------|------|-----|
|---|---------|-----|---------|----------|-------------|------|-----|

INFO  25-09-03 19:51:01[http-nio-8866-exec-8] [log4j2:197] -  com.zaxxer.hikari.pool.HikariProxyResultSet.next(HikariProxyResultSet.java:-1)
1. ResultSet.next() returned false
DEBUG 25-09-03 19:51:01[http-nio-8866-exec-8] [findByUsername:135] - <==      Total: 0
INFO  25-09-03 19:51:01[http-nio-8866-exec-8] [log4j2:197] -  com.zaxxer.hikari.pool.HikariProxyResultSet.close(HikariProxyResultSet.java:-1)
1. ResultSet.close() returned void
INFO  25-09-03 19:51:01[http-nio-8866-exec-8] [log4j2:197] -  com.zaxxer.hikari.pool.ProxyConnection.getMetaData(ProxyConnection.java:371)
1. Connection.getMetaData() returned com.mysql.cj.jdbc.DatabaseMetaDataInformationSchema@7f01ecf7
INFO  25-09-03 19:51:01[http-nio-8866-exec-8] [log4j2:197] -  com.zaxxer.hikari.pool.HikariProxyPreparedStatement.getMoreResults(HikariProxyPreparedStatement.java:-1)
1. PreparedStatement.getMoreResults() returned false
INFO  25-09-03 19:51:01[http-nio-8866-exec-8] [log4j2:197] -  com.zaxxer.hikari.pool.HikariProxyPreparedStatement.getUpdateCount(HikariProxyPreparedStatement.java:-1)
1. PreparedStatement.getUpdateCount() returned -1
INFO  25-09-03 19:51:01[http-nio-8866-exec-8] [log4j2:197] -  com.zaxxer.hikari.pool.ProxyStatement.close(ProxyStatement.java:76)
1. PreparedStatement.close() returned 
DEBUG 25-09-03 19:51:01[http-nio-8866-exec-8] [SqlSessionUtils:49] - Closing non transactional SqlSession [org.apache.ibatis.session.defaults.DefaultSqlSession@71450ef7]
INFO  25-09-03 19:51:01[http-nio-8866-exec-8] [log4j2:197] -  com.zaxxer.hikari.pool.ProxyConnection.close(ProxyConnection.java:258)
1. Connection.clearWarnings() returned 
ERROR 25-09-03 19:51:01[http-nio-8866-exec-8] [SpringbootSignUpRestController:75] - com.mjc813.food_web.common.exception.MyDataNotFoundException: username can't found !
DEBUG 25-09-03 19:51:01[http-nio-8866-exec-8] [HttpEntityMethodProcessor:310] - Using 'application/json', given [*/*] and supported [application/json, application/*+json]
DEBUG 25-09-03 19:51:01[http-nio-8866-exec-8] [HttpEntityMethodProcessor:120] - Writing [com.mjc813.food_web.common.ResponseDto@200b8f71]
DEBUG 25-09-03 19:51:01[http-nio-8866-exec-8] [OpenEntityManagerInViewInterceptor:111] - Closing JPA EntityManager in OpenEntityManagerInViewInterceptor
DEBUG 25-09-03 19:51:01[http-nio-8866-exec-8] [DispatcherServlet:1138] - Completed 500 INTERNAL_SERVER_ERROR
DEBUG 25-09-03 19:51:01[http-nio-8866-exec-8] [AnonymousAuthenticationFilter:119] - Set SecurityContextHolder to anonymous SecurityContext
DEBUG 25-09-03 19:51:02[HikariPool-1:housekeeper] [HikariPool:422] - HikariPool-1 - Pool stats (total=10/10, idle=10/10, active=0, waiting=0)
DEBUG 25-09-03 19:51:02[HikariPool-1:housekeeper] [HikariPool:536] - HikariPool-1 - Fill pool skipped, pool has sufficient level or currently being filled.
DEBUG 25-09-03 19:51:06[http-nio-8866-exec-1] [FilterChainProxy:223] - Securing POST /springsign/signin
DEBUG 25-09-03 19:51:06[http-nio-8866-exec-1] [FilterChainProxy:227] - Secured POST /springsign/signin
DEBUG 25-09-03 19:51:06[http-nio-8866-exec-1] [DispatcherServlet:120] - POST "/springsign/signin", parameters={}
DEBUG 25-09-03 19:51:06[http-nio-8866-exec-1] [RequestMappingHandlerMapping:533] - Mapped to com.mjc813.food_web.security.SpringbootSignUpRestController#signin(SignInRequestDto, HttpSession, HttpServletResponse)
DEBUG 25-09-03 19:51:06[http-nio-8866-exec-1] [OpenEntityManagerInViewInterceptor:86] - Opening JPA EntityManager in OpenEntityManagerInViewInterceptor
DEBUG 25-09-03 19:51:06[http-nio-8866-exec-1] [RequestResponseBodyMethodProcessor:120] - Read "application/json;charset=UTF-8" to [com.mjc813.food_web.security.dto.SignInRequestDto@3a45ba7f]
DEBUG 25-09-03 19:51:06[http-nio-8866-exec-1] [SqlSessionUtils:49] - Creating a new SqlSession
DEBUG 25-09-03 19:51:06[http-nio-8866-exec-1] [SqlSessionUtils:49] - SqlSession [org.apache.ibatis.session.defaults.DefaultSqlSession@8c9254d] was not registered for synchronization because synchronization is not active
DEBUG 25-09-03 19:51:06[http-nio-8866-exec-1] [DataSourceUtils:117] - Fetching JDBC Connection from DataSource
INFO  25-09-03 19:51:06[http-nio-8866-exec-1] [log4j2:197] -  com.zaxxer.hikari.pool.PoolBase.isConnectionDead(PoolBase.java:160)
1. Connection.isValid(5) returned true
INFO  25-09-03 19:51:06[http-nio-8866-exec-1] [log4j2:197] -  com.zaxxer.hikari.pool.ProxyConnection.getAutoCommit(ProxyConnection.java:405)
1. Connection.getAutoCommit() returned true
DEBUG 25-09-03 19:51:06[http-nio-8866-exec-1] [SpringManagedTransaction:49] - JDBC Connection [HikariProxyConnection@1919902773 wrapping net.sf.log4jdbc.sql.jdbcapi.ConnectionSpy@1a6df142] will not be managed by Spring
DEBUG 25-09-03 19:51:06[http-nio-8866-exec-1] [findByUsername:135] - ==>  Preparing: SELECT id , username , name , password , nick_name , phone_number , email , role FROM member_tbl WHERE username = ?
INFO  25-09-03 19:51:06[http-nio-8866-exec-1] [log4j2:197] -  com.zaxxer.hikari.pool.ProxyConnection.prepareStatement(ProxyConnection.java:328)
1. PreparedStatement.new PreparedStatement returned 
INFO  25-09-03 19:51:06[http-nio-8866-exec-1] [log4j2:197] -  com.zaxxer.hikari.pool.ProxyConnection.prepareStatement(ProxyConnection.java:328)
1. Connection.prepareStatement(SELECT
            id
             , username
             , name
             , password
             , nick_name
             , phone_number
             , email
             , role
        FROM member_tbl
        WHERE username = ?) returned net.sf.log4jdbc.sql.jdbcapi.PreparedStatementSpy@39b195b6
INFO  25-09-03 19:51:06[http-nio-8866-exec-1] [log4j2:197] -  com.zaxxer.hikari.pool.HikariProxyPreparedStatement.setString(HikariProxyPreparedStatement.java:-1)
1. PreparedStatement.setString(1, "root") returned 
DEBUG 25-09-03 19:51:06[http-nio-8866-exec-1] [findByUsername:135] - ==> Parameters: root(String)
INFO  25-09-03 19:51:06[http-nio-8866-exec-1] [log4j2:243] -  com.zaxxer.hikari.pool.ProxyPreparedStatement.execute(ProxyPreparedStatement.java:44)
1. SELECT id , username , name , password , nick_name , phone_number , email , role FROM member_tbl 
WHERE username = 'root'  {executed in 2 ms}
INFO  25-09-03 19:51:06[http-nio-8866-exec-1] [log4j2:197] -  com.zaxxer.hikari.pool.ProxyPreparedStatement.execute(ProxyPreparedStatement.java:44)
1. PreparedStatement.execute() returned true
INFO  25-09-03 19:51:06[http-nio-8866-exec-1] [log4j2:197] -  com.zaxxer.hikari.pool.ProxyStatement.getResultSet(ProxyStatement.java:214)
1. ResultSet.new ResultSet returned 
INFO  25-09-03 19:51:06[http-nio-8866-exec-1] [log4j2:197] -  com.zaxxer.hikari.pool.ProxyStatement.getResultSet(ProxyStatement.java:214)
1. PreparedStatement.getResultSet() returned net.sf.log4jdbc.sql.jdbcapi.ResultSetSpy@2eb056bd
INFO  25-09-03 19:51:06[http-nio-8866-exec-1] [log4j2:197] -  com.zaxxer.hikari.pool.HikariProxyResultSet.getMetaData(HikariProxyResultSet.java:-1)
1. ResultSet.getMetaData() returned com.mysql.cj.jdbc.result.ResultSetMetaData@6f92fd6b - Field level information: 
	com.mysql.cj.result.Field@66556260[dbName=food_db,tableName=member_tbl,originalTableName=member_tbl,columnName=id,originalColumnName=id,mysqlType=8(FIELD_TYPE_BIGINT),sqlType=-5,flags= AUTO_INCREMENT PRIMARY_KEY, charsetIndex=63, charsetName=ISO-8859-1]
	com.mysql.cj.result.Field@537c5739[dbName=food_db,tableName=member_tbl,originalTableName=member_tbl,columnName=username,originalColumnName=username,mysqlType=253(FIELD_TYPE_VARCHAR),sqlType=12,flags= UNIQUE_KEY, charsetIndex=45, charsetName=UTF-8]
	com.mysql.cj.result.Field@7fd5e655[dbName=food_db,tableName=member_tbl,originalTableName=member_tbl,columnName=name,originalColumnName=name,mysqlType=253(FIELD_TYPE_VARCHAR),sqlType=12,flags=, charsetIndex=45, charsetName=UTF-8]
	com.mysql.cj.result.Field@7d42561[dbName=food_db,tableName=member_tbl,originalTableName=member_tbl,columnName=password,originalColumnName=password,mysqlType=253(FIELD_TYPE_VARCHAR),sqlType=12,flags=, charsetIndex=45, charsetName=UTF-8]
	com.mysql.cj.result.Field@4a5f1199[dbName=food_db,tableName=member_tbl,originalTableName=member_tbl,columnName=nick_name,originalColumnName=nick_name,mysqlType=253(FIELD_TYPE_VARCHAR),sqlType=12,flags= UNIQUE_KEY, charsetIndex=45, charsetName=UTF-8]
	com.mysql.cj.result.Field@7b2b4274[dbName=food_db,tableName=member_tbl,originalTableName=member_tbl,columnName=phone_number,originalColumnName=phone_number,mysqlType=253(FIELD_TYPE_VARCHAR),sqlType=12,flags=, charsetIndex=45, charsetName=UTF-8]
	com.mysql.cj.result.Field@2b9cf40a[dbName=food_db,tableName=member_tbl,originalTableName=member_tbl,columnName=email,originalColumnName=email,mysqlType=253(FIELD_TYPE_VARCHAR),sqlType=12,flags= UNIQUE_KEY, charsetIndex=45, charsetName=UTF-8]
	com.mysql.cj.result.Field@d453335[dbName=food_db,tableName=member_tbl,originalTableName=member_tbl,columnName=role,originalColumnName=role,mysqlType=253(FIELD_TYPE_VARCHAR),sqlType=12,flags=, charsetIndex=45, charsetName=UTF-8]
INFO  25-09-03 19:51:06[http-nio-8866-exec-1] [log4j2:197] -  com.zaxxer.hikari.pool.HikariProxyResultSet.getType(HikariProxyResultSet.java:-1)
1. ResultSet.getType() returned 1003
INFO  25-09-03 19:51:06[http-nio-8866-exec-1] [log4j2:197] -  com.zaxxer.hikari.pool.HikariProxyResultSet.isClosed(HikariProxyResultSet.java:-1)
1. ResultSet.isClosed() returned false
INFO  25-09-03 19:51:06[http-nio-8866-exec-1] [log4j2:390] - 
|---|---------|-----|---------|----------|-------------|------|-----|
|id |username |name |password |nick_name |phone_number |email |role |
|---|---------|-----|---------|----------|-------------|------|-----|
|---|---------|-----|---------|----------|-------------|------|-----|

INFO  25-09-03 19:51:06[http-nio-8866-exec-1] [log4j2:197] -  com.zaxxer.hikari.pool.HikariProxyResultSet.next(HikariProxyResultSet.java:-1)
1. ResultSet.next() returned false
DEBUG 25-09-03 19:51:06[http-nio-8866-exec-1] [findByUsername:135] - <==      Total: 0
INFO  25-09-03 19:51:06[http-nio-8866-exec-1] [log4j2:197] -  com.zaxxer.hikari.pool.HikariProxyResultSet.close(HikariProxyResultSet.java:-1)
1. ResultSet.close() returned void
INFO  25-09-03 19:51:06[http-nio-8866-exec-1] [log4j2:197] -  com.zaxxer.hikari.pool.ProxyConnection.getMetaData(ProxyConnection.java:371)
1. Connection.getMetaData() returned com.mysql.cj.jdbc.DatabaseMetaDataInformationSchema@1ebdf5af
INFO  25-09-03 19:51:06[http-nio-8866-exec-1] [log4j2:197] -  com.zaxxer.hikari.pool.HikariProxyPreparedStatement.getMoreResults(HikariProxyPreparedStatement.java:-1)
1. PreparedStatement.getMoreResults() returned false
INFO  25-09-03 19:51:06[http-nio-8866-exec-1] [log4j2:197] -  com.zaxxer.hikari.pool.HikariProxyPreparedStatement.getUpdateCount(HikariProxyPreparedStatement.java:-1)
1. PreparedStatement.getUpdateCount() returned -1
INFO  25-09-03 19:51:06[http-nio-8866-exec-1] [log4j2:197] -  com.zaxxer.hikari.pool.ProxyStatement.close(ProxyStatement.java:76)
1. PreparedStatement.close() returned 
DEBUG 25-09-03 19:51:06[http-nio-8866-exec-1] [SqlSessionUtils:49] - Closing non transactional SqlSession [org.apache.ibatis.session.defaults.DefaultSqlSession@8c9254d]
INFO  25-09-03 19:51:06[http-nio-8866-exec-1] [log4j2:197] -  com.zaxxer.hikari.pool.ProxyConnection.close(ProxyConnection.java:258)
1. Connection.clearWarnings() returned 
ERROR 25-09-03 19:51:06[http-nio-8866-exec-1] [SpringbootSignUpRestController:75] - com.mjc813.food_web.common.exception.MyDataNotFoundException: username can't found !
DEBUG 25-09-03 19:51:06[http-nio-8866-exec-1] [HttpEntityMethodProcessor:310] - Using 'application/json', given [*/*] and supported [application/json, application/*+json]
DEBUG 25-09-03 19:51:06[http-nio-8866-exec-1] [HttpEntityMethodProcessor:120] - Writing [com.mjc813.food_web.common.ResponseDto@52cd7ed6]
DEBUG 25-09-03 19:51:06[http-nio-8866-exec-1] [OpenEntityManagerInViewInterceptor:111] - Closing JPA EntityManager in OpenEntityManagerInViewInterceptor
DEBUG 25-09-03 19:51:06[http-nio-8866-exec-1] [DispatcherServlet:1138] - Completed 500 INTERNAL_SERVER_ERROR
DEBUG 25-09-03 19:51:06[http-nio-8866-exec-1] [AnonymousAuthenticationFilter:119] - Set SecurityContextHolder to anonymous SecurityContext
DEBUG 25-09-03 19:51:10[http-nio-8866-exec-6] [FilterChainProxy:223] - Securing GET /main
DEBUG 25-09-03 19:51:10[http-nio-8866-exec-6] [FilterChainProxy:227] - Secured GET /main
DEBUG 25-09-03 19:51:10[http-nio-8866-exec-6] [DispatcherServlet:120] - GET "/main", parameters={}
DEBUG 25-09-03 19:51:10[http-nio-8866-exec-6] [RequestMappingHandlerMapping:533] - Mapped to com.mjc813.food_web.common.MenuController#mainHome(Model)
DEBUG 25-09-03 19:51:10[http-nio-8866-exec-6] [OpenEntityManagerInViewInterceptor:86] - Opening JPA EntityManager in OpenEntityManagerInViewInterceptor
DEBUG 25-09-03 19:51:10[http-nio-8866-exec-6] [JpaTransactionManager:374] - Found thread-bound EntityManager [SessionImpl(254087746<open>)] for JPA transaction
DEBUG 25-09-03 19:51:10[http-nio-8866-exec-6] [JpaTransactionManager:402] - Creating new transaction with name [org.springframework.data.jpa.repository.support.SimpleJpaRepository.findAll]: PROPAGATION_REQUIRED,ISOLATION_DEFAULT,readOnly
INFO  25-09-03 19:51:10[http-nio-8866-exec-6] [log4j2:197] -  com.zaxxer.hikari.pool.PoolBase.isConnectionDead(PoolBase.java:160)
1. Connection.isValid(5) returned true
DEBUG 25-09-03 19:51:10[http-nio-8866-exec-6] [DataSourceUtils:188] - Setting JDBC Connection [HikariProxyConnection@136956455 wrapping net.sf.log4jdbc.sql.jdbcapi.ConnectionSpy@1a6df142] read-only
INFO  25-09-03 19:51:10[http-nio-8866-exec-6] [log4j2:197] -  com.zaxxer.hikari.pool.ProxyConnection.setReadOnly(ProxyConnection.java:431)
1. Connection.setReadOnly(true) returned 
DEBUG 25-09-03 19:51:10[http-nio-8866-exec-6] [TransactionImpl:53] - On TransactionImpl creation, JpaCompliance#isJpaTransactionComplianceEnabled == false
DEBUG 25-09-03 19:51:10[http-nio-8866-exec-6] [TransactionImpl:81] - begin
INFO  25-09-03 19:51:10[http-nio-8866-exec-6] [log4j2:197] -  com.zaxxer.hikari.pool.ProxyConnection.getAutoCommit(ProxyConnection.java:405)
1. Connection.getAutoCommit() returned true
INFO  25-09-03 19:51:10[http-nio-8866-exec-6] [log4j2:197] -  com.zaxxer.hikari.pool.ProxyConnection.setAutoCommit(ProxyConnection.java:412)
1. Connection.setAutoCommit(false) returned 
DEBUG 25-09-03 19:51:10[http-nio-8866-exec-6] [JpaTransactionManager:439] - Exposing JPA transaction as JDBC [org.springframework.orm.jpa.vendor.HibernateJpaDialect$HibernateConnectionHandle@7615598]
DEBUG 25-09-03 19:51:10[http-nio-8866-exec-6] [create:32] - Created new SQL alias : fe1_0
DEBUG 25-09-03 19:51:10[http-nio-8866-exec-6] [create:112] - Registration of TableGroup [StandardTableGroup(com.mjc813.food_web.food.dto.FoodEntity(23))] with identifierForTableGroup [com.mjc813.food_web.food.dto.FoodEntity] for NavigablePath [com.mjc813.food_web.food.dto.FoodEntity] 
DEBUG 25-09-03 19:51:10[http-nio-8866-exec-6] [create:112] - Registration of TableGroup [org.hibernate.sql.ast.tree.from.LazyTableGroup@28a3811] with identifierForTableGroup [com.mjc813.food_web.food.dto.FoodEntity(23).foodCategoryEntity] for NavigablePath [com.mjc813.food_web.food.dto.FoodEntity(23).foodCategoryEntity] 
DEBUG 25-09-03 19:51:10[http-nio-8866-exec-6] [AST:67] - DomainResult Graph:
 \-EntityResultImpl [com.mjc813.food_web.food.dto.FoodEntity(23)]
 |  +-BasicFetch [com.mjc813.food_web.food.dto.FoodEntity(23).description]
 |  +-EntityFetchSelectImpl [com.mjc813.food_web.food.dto.FoodEntity(23).foodCategoryEntity]
 |  +-BasicFetch [com.mjc813.food_web.food.dto.FoodEntity(23).name]
 |  +-BasicFetch [com.mjc813.food_web.food.dto.FoodEntity(23).saltyLevel]
 |  +-BasicFetch [com.mjc813.food_web.food.dto.FoodEntity(23).sourLevel]
 |  +-BasicFetch [com.mjc813.food_web.food.dto.FoodEntity(23).spicyLevel]
 |  \-BasicFetch [com.mjc813.food_web.food.dto.FoodEntity(23).sweetLevel]

DEBUG 25-09-03 19:51:10[http-nio-8866-exec-6] [tree:46] - SQL AST Tree:
    SelectStatement {
      FromClause {
        StandardTableGroup (fe1 : com.mjc813.food_web.food.dto.FoodEntity(23)) {
          primaryTableReference : food_tbl as fe1_0
          TableGroupJoins {
            left  join LazyTableGroup (fce1 : com.mjc813.food_web.food.dto.FoodEntity(23).foodCategoryEntity) {
            }
          }
        }
      }
    }

DEBUG 25-09-03 19:51:10[http-nio-8866-exec-6] [exec:318] - Skipping reading Query result cache data: cache-enabled = false, cache-mode = NORMAL
DEBUG 25-09-03 19:51:10[http-nio-8866-exec-6] [SQL:135] - select fe1_0.id,fe1_0.description,fe1_0.food_category_id,fe1_0.name,fe1_0.salty_level,fe1_0.sour_level,fe1_0.spicy_level,fe1_0.sweet_level from food_tbl fe1_0
INFO  25-09-03 19:51:10[http-nio-8866-exec-6] [log4j2:197] -  com.zaxxer.hikari.pool.ProxyConnection.prepareStatement(ProxyConnection.java:342)
1. PreparedStatement.new PreparedStatement returned 
INFO  25-09-03 19:51:10[http-nio-8866-exec-6] [log4j2:197] -  com.zaxxer.hikari.pool.ProxyConnection.prepareStatement(ProxyConnection.java:342)
1. Connection.prepareStatement(select fe1_0.id,fe1_0.description,fe1_0.food_category_id,fe1_0.name,fe1_0.salty_level,fe1_0.sour_level,fe1_0.spicy_level,fe1_0.sweet_level from food_tbl fe1_0, 1003, 1007) returned net.sf.log4jdbc.sql.jdbcapi.PreparedStatementSpy@6a099301
INFO  25-09-03 19:51:10[http-nio-8866-exec-6] [log4j2:243] -  com.zaxxer.hikari.pool.ProxyPreparedStatement.executeQuery(ProxyPreparedStatement.java:52)
1. select fe1_0.id,fe1_0.description,fe1_0.food_category_id,fe1_0.name,fe1_0.salty_level,fe1_0.sour_level,fe1_0.spicy_level,fe1_0.sweet_level 
from food_tbl fe1_0  {executed in 3 ms}
INFO  25-09-03 19:51:10[http-nio-8866-exec-6] [log4j2:197] -  com.zaxxer.hikari.pool.ProxyPreparedStatement.executeQuery(ProxyPreparedStatement.java:52)
1. ResultSet.new ResultSet returned 
INFO  25-09-03 19:51:10[http-nio-8866-exec-6] [log4j2:197] -  com.zaxxer.hikari.pool.ProxyPreparedStatement.executeQuery(ProxyPreparedStatement.java:52)
1. PreparedStatement.executeQuery() returned net.sf.log4jdbc.sql.jdbcapi.ResultSetSpy@181cc498
DEBUG 25-09-03 19:51:10[http-nio-8866-exec-6] [results:76] - Initializer list:
	  com.mjc813.food_web.food.dto.FoodEntity(23).foodCategoryEntity -> EntitySelectFetchInitializer(com.mjc813.food_web.food.dto.FoodEntity(23).foodCategoryEntity)@388192359 (ToOneAttributeMapping(NavigableRole[com.mjc813.food_web.food.dto.FoodEntity.foodCategoryEntity])@85817247)
	  com.mjc813.food_web.food.dto.FoodEntity(23) -> EntityJoinedFetchInitializer(com.mjc813.food_web.food.dto.FoodEntity(23))@594522916 (SingleTableEntityPersister(com.mjc813.food_web.food.dto.FoodEntity))

INFO  25-09-03 19:51:10[http-nio-8866-exec-6] [log4j2:390] - 
|---|------------|-----------------|-----|------------|-----------|------------|------------|
|id |description |food_category_id |name |salty_level |sour_level |spicy_level |sweet_level |
|---|------------|-----------------|-----|------------|-----------|------------|------------|
|---|------------|-----------------|-----|------------|-----------|------------|------------|

INFO  25-09-03 19:51:10[http-nio-8866-exec-6] [log4j2:197] -  com.zaxxer.hikari.pool.HikariProxyResultSet.next(HikariProxyResultSet.java:-1)
1. ResultSet.next() returned false
INFO  25-09-03 19:51:10[http-nio-8866-exec-6] [log4j2:197] -  com.zaxxer.hikari.pool.HikariProxyPreparedStatement.isClosed(HikariProxyPreparedStatement.java:-1)
1. PreparedStatement.isClosed() returned false
INFO  25-09-03 19:51:10[http-nio-8866-exec-6] [log4j2:197] -  com.zaxxer.hikari.pool.HikariProxyResultSet.close(HikariProxyResultSet.java:-1)
1. ResultSet.close() returned void
INFO  25-09-03 19:51:10[http-nio-8866-exec-6] [log4j2:197] -  com.zaxxer.hikari.pool.HikariProxyPreparedStatement.getMaxRows(HikariProxyPreparedStatement.java:-1)
1. PreparedStatement.getMaxRows() returned 0
INFO  25-09-03 19:51:10[http-nio-8866-exec-6] [log4j2:197] -  com.zaxxer.hikari.pool.HikariProxyPreparedStatement.getQueryTimeout(HikariProxyPreparedStatement.java:-1)
1. PreparedStatement.getQueryTimeout() returned 0
INFO  25-09-03 19:51:10[http-nio-8866-exec-6] [log4j2:197] -  com.zaxxer.hikari.pool.ProxyStatement.close(ProxyStatement.java:76)
1. PreparedStatement.close() returned 
DEBUG 25-09-03 19:51:10[http-nio-8866-exec-6] [JpaTransactionManager:790] - Initiating transaction commit
DEBUG 25-09-03 19:51:10[http-nio-8866-exec-6] [JpaTransactionManager:557] - Committing JPA transaction on EntityManager [SessionImpl(254087746<open>)]
DEBUG 25-09-03 19:51:10[http-nio-8866-exec-6] [TransactionImpl:98] - committing
INFO  25-09-03 19:51:10[http-nio-8866-exec-6] [log4j2:197] -  com.zaxxer.hikari.pool.ProxyConnection.commit(ProxyConnection.java:378)
1. Connection.commit() returned 
INFO  25-09-03 19:51:10[http-nio-8866-exec-6] [log4j2:197] -  com.zaxxer.hikari.pool.ProxyConnection.setAutoCommit(ProxyConnection.java:412)
1. Connection.setAutoCommit(true) returned 
DEBUG 25-09-03 19:51:10[http-nio-8866-exec-6] [DataSourceUtils:252] - Resetting read-only flag of JDBC Connection [HikariProxyConnection@136956455 wrapping net.sf.log4jdbc.sql.jdbcapi.ConnectionSpy@1a6df142]
INFO  25-09-03 19:51:10[http-nio-8866-exec-6] [log4j2:197] -  com.zaxxer.hikari.pool.ProxyConnection.setReadOnly(ProxyConnection.java:431)
1. Connection.setReadOnly(false) returned 
DEBUG 25-09-03 19:51:10[http-nio-8866-exec-6] [JpaTransactionManager:657] - Not closing pre-bound JPA EntityManager after transaction
DEBUG 25-09-03 19:51:10[http-nio-8866-exec-6] [ContentNegotiatingViewResolver:354] - Selected 'text/html' given [text/html, application/xhtml+xml, image/avif, image/webp, image/apng, application/xml;q=0.9, */*;q=0.8, application/signed-exchange;v=b3;q=0.7]
DEBUG 25-09-03 19:51:10[http-nio-8866-exec-6] [MustacheView:307] - View name [main/home], model {foodList=[]}
DEBUG 25-09-03 19:51:10[http-nio-8866-exec-6] [MustacheView:178] - Rendering [classpath:/templates/main/home.html]
DEBUG 25-09-03 19:51:10[http-nio-8866-exec-6] [OpenEntityManagerInViewInterceptor:111] - Closing JPA EntityManager in OpenEntityManagerInViewInterceptor
INFO  25-09-03 19:51:10[http-nio-8866-exec-6] [log4j2:197] -  com.zaxxer.hikari.pool.HikariProxyConnection.clearWarnings(HikariProxyConnection.java:-1)
1. Connection.clearWarnings() returned 
INFO  25-09-03 19:51:10[http-nio-8866-exec-6] [log4j2:197] -  com.zaxxer.hikari.pool.ProxyConnection.close(ProxyConnection.java:258)
1. Connection.clearWarnings() returned 
DEBUG 25-09-03 19:51:10[http-nio-8866-exec-6] [DispatcherServlet:1138] - Completed 200 OK
DEBUG 25-09-03 19:51:10[http-nio-8866-exec-6] [AnonymousAuthenticationFilter:119] - Set SecurityContextHolder to anonymous SecurityContext
DEBUG 25-09-03 19:51:10[http-nio-8866-exec-7] [FilterChainProxy:223] - Securing GET /bootswatch/brite/css/prism-okaidia.css
DEBUG 25-09-03 19:51:10[http-nio-8866-exec-5] [FilterChainProxy:223] - Securing GET /bootswatch/brite/css/custom.min.css
DEBUG 25-09-03 19:51:10[http-nio-8866-exec-10] [DispatcherServlet:120] - GET "/css/food_style.css", parameters={}
DEBUG 25-09-03 19:51:10[http-nio-8866-exec-2] [FilterChainProxy:223] - Securing GET /bootswatch/brite/css/bootstrap-icons.min.css
DEBUG 25-09-03 19:51:10[http-nio-8866-exec-9] [FilterChainProxy:223] - Securing GET /bootswatch/brite/css/bootstrap.min.css
DEBUG 25-09-03 19:51:10[http-nio-8866-exec-2] [FilterChainProxy:227] - Secured GET /bootswatch/brite/css/bootstrap-icons.min.css
DEBUG 25-09-03 19:51:10[http-nio-8866-exec-7] [FilterChainProxy:227] - Secured GET /bootswatch/brite/css/prism-okaidia.css
DEBUG 25-09-03 19:51:10[http-nio-8866-exec-2] [DispatcherServlet:120] - GET "/bootswatch/brite/css/bootstrap-icons.min.css", parameters={}
DEBUG 25-09-03 19:51:10[http-nio-8866-exec-9] [FilterChainProxy:227] - Secured GET /bootswatch/brite/css/bootstrap.min.css
DEBUG 25-09-03 19:51:10[http-nio-8866-exec-3] [FilterChainProxy:223] - Securing GET /bootswatch/brite/js/bootstrap.bundle.min.js
DEBUG 25-09-03 19:51:10[http-nio-8866-exec-7] [DispatcherServlet:120] - GET "/bootswatch/brite/css/prism-okaidia.css", parameters={}
DEBUG 25-09-03 19:51:10[http-nio-8866-exec-2] [SimpleUrlHandlerMapping:533] - Mapped to ResourceHttpRequestHandler [classpath [META-INF/resources/], classpath [resources/], classpath [static/], classpath [public/], ServletContext [/]]
DEBUG 25-09-03 19:51:10[http-nio-8866-exec-3] [FilterChainProxy:227] - Secured GET /bootswatch/brite/js/bootstrap.bundle.min.js
DEBUG 25-09-03 19:51:10[http-nio-8866-exec-9] [DispatcherServlet:120] - GET "/bootswatch/brite/css/bootstrap.min.css", parameters={}
DEBUG 25-09-03 19:51:10[http-nio-8866-exec-10] [SimpleUrlHandlerMapping:533] - Mapped to ResourceHttpRequestHandler [classpath [META-INF/resources/], classpath [resources/], classpath [static/], classpath [public/], ServletContext [/]]
DEBUG 25-09-03 19:51:10[http-nio-8866-exec-2] [OpenEntityManagerInViewInterceptor:86] - Opening JPA EntityManager in OpenEntityManagerInViewInterceptor
DEBUG 25-09-03 19:51:10[http-nio-8866-exec-5] [FilterChainProxy:227] - Secured GET /bootswatch/brite/css/custom.min.css
DEBUG 25-09-03 19:51:10[http-nio-8866-exec-3] [DispatcherServlet:120] - GET "/bootswatch/brite/js/bootstrap.bundle.min.js", parameters={}
DEBUG 25-09-03 19:51:10[http-nio-8866-exec-5] [DispatcherServlet:120] - GET "/bootswatch/brite/css/custom.min.css", parameters={}
DEBUG 25-09-03 19:51:10[http-nio-8866-exec-10] [OpenEntityManagerInViewInterceptor:86] - Opening JPA EntityManager in OpenEntityManagerInViewInterceptor
DEBUG 25-09-03 19:51:10[http-nio-8866-exec-5] [SimpleUrlHandlerMapping:533] - Mapped to ResourceHttpRequestHandler [classpath [META-INF/resources/], classpath [resources/], classpath [static/], classpath [public/], ServletContext [/]]
DEBUG 25-09-03 19:51:10[http-nio-8866-exec-3] [SimpleUrlHandlerMapping:533] - Mapped to ResourceHttpRequestHandler [classpath [META-INF/resources/], classpath [resources/], classpath [static/], classpath [public/], ServletContext [/]]
DEBUG 25-09-03 19:51:10[http-nio-8866-exec-5] [OpenEntityManagerInViewInterceptor:86] - Opening JPA EntityManager in OpenEntityManagerInViewInterceptor
DEBUG 25-09-03 19:51:10[http-nio-8866-exec-7] [SimpleUrlHandlerMapping:533] - Mapped to ResourceHttpRequestHandler [classpath [META-INF/resources/], classpath [resources/], classpath [static/], classpath [public/], ServletContext [/]]
DEBUG 25-09-03 19:51:10[http-nio-8866-exec-3] [OpenEntityManagerInViewInterceptor:86] - Opening JPA EntityManager in OpenEntityManagerInViewInterceptor
DEBUG 25-09-03 19:51:10[http-nio-8866-exec-9] [SimpleUrlHandlerMapping:533] - Mapped to ResourceHttpRequestHandler [classpath [META-INF/resources/], classpath [resources/], classpath [static/], classpath [public/], ServletContext [/]]
DEBUG 25-09-03 19:51:10[http-nio-8866-exec-7] [OpenEntityManagerInViewInterceptor:86] - Opening JPA EntityManager in OpenEntityManagerInViewInterceptor
DEBUG 25-09-03 19:51:10[http-nio-8866-exec-9] [OpenEntityManagerInViewInterceptor:86] - Opening JPA EntityManager in OpenEntityManagerInViewInterceptor
DEBUG 25-09-03 19:51:10[http-nio-8866-exec-2] [OpenEntityManagerInViewInterceptor:111] - Closing JPA EntityManager in OpenEntityManagerInViewInterceptor
DEBUG 25-09-03 19:51:10[http-nio-8866-exec-5] [OpenEntityManagerInViewInterceptor:111] - Closing JPA EntityManager in OpenEntityManagerInViewInterceptor
DEBUG 25-09-03 19:51:10[http-nio-8866-exec-10] [OpenEntityManagerInViewInterceptor:111] - Closing JPA EntityManager in OpenEntityManagerInViewInterceptor
DEBUG 25-09-03 19:51:10[http-nio-8866-exec-2] [DispatcherServlet:1138] - Completed 200 OK
DEBUG 25-09-03 19:51:10[http-nio-8866-exec-5] [DispatcherServlet:1138] - Completed 200 OK
DEBUG 25-09-03 19:51:10[http-nio-8866-exec-3] [OpenEntityManagerInViewInterceptor:111] - Closing JPA EntityManager in OpenEntityManagerInViewInterceptor
DEBUG 25-09-03 19:51:10[http-nio-8866-exec-10] [DispatcherServlet:1138] - Completed 200 OK
DEBUG 25-09-03 19:51:10[http-nio-8866-exec-3] [DispatcherServlet:1138] - Completed 200 OK
DEBUG 25-09-03 19:51:10[http-nio-8866-exec-5] [AnonymousAuthenticationFilter:119] - Set SecurityContextHolder to anonymous SecurityContext
DEBUG 25-09-03 19:51:10[http-nio-8866-exec-3] [AnonymousAuthenticationFilter:119] - Set SecurityContextHolder to anonymous SecurityContext
DEBUG 25-09-03 19:51:10[http-nio-8866-exec-7] [OpenEntityManagerInViewInterceptor:111] - Closing JPA EntityManager in OpenEntityManagerInViewInterceptor
DEBUG 25-09-03 19:51:10[http-nio-8866-exec-7] [DispatcherServlet:1138] - Completed 200 OK
DEBUG 25-09-03 19:51:10[http-nio-8866-exec-2] [AnonymousAuthenticationFilter:119] - Set SecurityContextHolder to anonymous SecurityContext
DEBUG 25-09-03 19:51:10[http-nio-8866-exec-7] [AnonymousAuthenticationFilter:119] - Set SecurityContextHolder to anonymous SecurityContext
DEBUG 25-09-03 19:51:10[http-nio-8866-exec-2] [FilterChainProxy:223] - Securing GET /bootswatch/brite/js/custom.js
DEBUG 25-09-03 19:51:10[http-nio-8866-exec-10] [FilterChainProxy:223] - Securing GET /bootswatch/brite/js/prism.js
DEBUG 25-09-03 19:51:10[http-nio-8866-exec-4] [DispatcherServlet:120] - GET "/js/jquery-3.7.1.min.js", parameters={}
DEBUG 25-09-03 19:51:10[http-nio-8866-exec-9] [OpenEntityManagerInViewInterceptor:111] - Closing JPA EntityManager in OpenEntityManagerInViewInterceptor
DEBUG 25-09-03 19:51:10[http-nio-8866-exec-4] [SimpleUrlHandlerMapping:533] - Mapped to ResourceHttpRequestHandler [classpath [META-INF/resources/], classpath [resources/], classpath [static/], classpath [public/], ServletContext [/]]
DEBUG 25-09-03 19:51:10[http-nio-8866-exec-2] [FilterChainProxy:227] - Secured GET /bootswatch/brite/js/custom.js
DEBUG 25-09-03 19:51:10[http-nio-8866-exec-10] [FilterChainProxy:227] - Secured GET /bootswatch/brite/js/prism.js
DEBUG 25-09-03 19:51:10[http-nio-8866-exec-9] [DispatcherServlet:1138] - Completed 200 OK
DEBUG 25-09-03 19:51:10[http-nio-8866-exec-4] [OpenEntityManagerInViewInterceptor:86] - Opening JPA EntityManager in OpenEntityManagerInViewInterceptor
DEBUG 25-09-03 19:51:10[http-nio-8866-exec-2] [DispatcherServlet:120] - GET "/bootswatch/brite/js/custom.js", parameters={}
DEBUG 25-09-03 19:51:10[http-nio-8866-exec-9] [AnonymousAuthenticationFilter:119] - Set SecurityContextHolder to anonymous SecurityContext
DEBUG 25-09-03 19:51:10[http-nio-8866-exec-10] [DispatcherServlet:120] - GET "/bootswatch/brite/js/prism.js", parameters={}
DEBUG 25-09-03 19:51:10[http-nio-8866-exec-2] [SimpleUrlHandlerMapping:533] - Mapped to ResourceHttpRequestHandler [classpath [META-INF/resources/], classpath [resources/], classpath [static/], classpath [public/], ServletContext [/]]
DEBUG 25-09-03 19:51:10[http-nio-8866-exec-10] [SimpleUrlHandlerMapping:533] - Mapped to ResourceHttpRequestHandler [classpath [META-INF/resources/], classpath [resources/], classpath [static/], classpath [public/], ServletContext [/]]
DEBUG 25-09-03 19:51:10[http-nio-8866-exec-2] [OpenEntityManagerInViewInterceptor:86] - Opening JPA EntityManager in OpenEntityManagerInViewInterceptor
DEBUG 25-09-03 19:51:10[http-nio-8866-exec-10] [OpenEntityManagerInViewInterceptor:86] - Opening JPA EntityManager in OpenEntityManagerInViewInterceptor
DEBUG 25-09-03 19:51:10[http-nio-8866-exec-4] [OpenEntityManagerInViewInterceptor:111] - Closing JPA EntityManager in OpenEntityManagerInViewInterceptor
DEBUG 25-09-03 19:51:10[http-nio-8866-exec-4] [DispatcherServlet:1138] - Completed 200 OK
DEBUG 25-09-03 19:51:10[http-nio-8866-exec-2] [OpenEntityManagerInViewInterceptor:111] - Closing JPA EntityManager in OpenEntityManagerInViewInterceptor
DEBUG 25-09-03 19:51:10[http-nio-8866-exec-2] [DispatcherServlet:1138] - Completed 200 OK
DEBUG 25-09-03 19:51:10[http-nio-8866-exec-2] [AnonymousAuthenticationFilter:119] - Set SecurityContextHolder to anonymous SecurityContext
DEBUG 25-09-03 19:51:10[http-nio-8866-exec-10] [OpenEntityManagerInViewInterceptor:111] - Closing JPA EntityManager in OpenEntityManagerInViewInterceptor
DEBUG 25-09-03 19:51:10[http-nio-8866-exec-10] [DispatcherServlet:1138] - Completed 200 OK
DEBUG 25-09-03 19:51:10[http-nio-8866-exec-10] [AnonymousAuthenticationFilter:119] - Set SecurityContextHolder to anonymous SecurityContext
DEBUG 25-09-03 19:51:10[http-nio-8866-exec-8] [FilterChainProxy:223] - Securing GET /bootswatch/brite/css/fonts/bootstrap-icons.woff2?e34853135f9e39acf64315236852cd5a
DEBUG 25-09-03 19:51:10[http-nio-8866-exec-8] [FilterChainProxy:227] - Secured GET /bootswatch/brite/css/fonts/bootstrap-icons.woff2?e34853135f9e39acf64315236852cd5a
DEBUG 25-09-03 19:51:10[http-nio-8866-exec-8] [DispatcherServlet:120] - GET "/bootswatch/brite/css/fonts/bootstrap-icons.woff2?e34853135f9e39acf64315236852cd5a", parameters={masked}
DEBUG 25-09-03 19:51:10[http-nio-8866-exec-8] [SimpleUrlHandlerMapping:533] - Mapped to ResourceHttpRequestHandler [classpath [META-INF/resources/], classpath [resources/], classpath [static/], classpath [public/], ServletContext [/]]
DEBUG 25-09-03 19:51:10[http-nio-8866-exec-8] [OpenEntityManagerInViewInterceptor:86] - Opening JPA EntityManager in OpenEntityManagerInViewInterceptor
DEBUG 25-09-03 19:51:10[http-nio-8866-exec-8] [ResourceHttpRequestHandler:584] - Resource not found
DEBUG 25-09-03 19:51:10[http-nio-8866-exec-8] [DefaultHandlerExceptionResolver:702] - Resolved [org.springframework.web.servlet.resource.NoResourceFoundException: No static resource bootswatch/brite/css/fonts/bootstrap-icons.woff2.]
DEBUG 25-09-03 19:51:10[http-nio-8866-exec-8] [OpenEntityManagerInViewInterceptor:111] - Closing JPA EntityManager in OpenEntityManagerInViewInterceptor
DEBUG 25-09-03 19:51:10[http-nio-8866-exec-8] [DispatcherServlet:1138] - Completed 404 NOT_FOUND
DEBUG 25-09-03 19:51:10[http-nio-8866-exec-8] [AnonymousAuthenticationFilter:119] - Set SecurityContextHolder to anonymous SecurityContext
DEBUG 25-09-03 19:51:10[http-nio-8866-exec-8] [FilterChainProxy:223] - Securing GET /error?e34853135f9e39acf64315236852cd5a
DEBUG 25-09-03 19:51:10[http-nio-8866-exec-8] [FilterChainProxy:227] - Secured GET /error?e34853135f9e39acf64315236852cd5a
DEBUG 25-09-03 19:51:10[http-nio-8866-exec-8] [DispatcherServlet:120] - "ERROR" dispatch for GET "/error?e34853135f9e39acf64315236852cd5a", parameters={masked}
DEBUG 25-09-03 19:51:10[http-nio-8866-exec-8] [RequestMappingHandlerMapping:533] - Mapped to org.springframework.boot.autoconfigure.web.servlet.error.BasicErrorController#error(HttpServletRequest)
DEBUG 25-09-03 19:51:10[http-nio-8866-exec-8] [OpenEntityManagerInViewInterceptor:86] - Opening JPA EntityManager in OpenEntityManagerInViewInterceptor
DEBUG 25-09-03 19:51:10[http-nio-8866-exec-8] [HttpEntityMethodProcessor:310] - Using 'application/json', given [*/*] and supported [application/json, application/*+json]
DEBUG 25-09-03 19:51:10[http-nio-8866-exec-8] [HttpEntityMethodProcessor:120] - Writing [{timestamp=Wed Sep 03 19:51:10 KST 2025, status=404, error=Not Found, trace=org.springframework.web. (truncated)...]
DEBUG 25-09-03 19:51:10[http-nio-8866-exec-8] [OpenEntityManagerInViewInterceptor:111] - Closing JPA EntityManager in OpenEntityManagerInViewInterceptor
DEBUG 25-09-03 19:51:10[http-nio-8866-exec-8] [DispatcherServlet:1135] - Exiting from "ERROR" dispatch, status 404
DEBUG 25-09-03 19:51:10[http-nio-8866-exec-8] [AnonymousAuthenticationFilter:119] - Set SecurityContextHolder to anonymous SecurityContext
DEBUG 25-09-03 19:51:10[http-nio-8866-exec-1] [FilterChainProxy:223] - Securing GET /bootswatch/brite/css/fonts/bootstrap-icons.woff?e34853135f9e39acf64315236852cd5a
DEBUG 25-09-03 19:51:11[http-nio-8866-exec-1] [FilterChainProxy:227] - Secured GET /bootswatch/brite/css/fonts/bootstrap-icons.woff?e34853135f9e39acf64315236852cd5a
DEBUG 25-09-03 19:51:11[http-nio-8866-exec-1] [DispatcherServlet:120] - GET "/bootswatch/brite/css/fonts/bootstrap-icons.woff?e34853135f9e39acf64315236852cd5a", parameters={masked}
DEBUG 25-09-03 19:51:11[http-nio-8866-exec-1] [SimpleUrlHandlerMapping:533] - Mapped to ResourceHttpRequestHandler [classpath [META-INF/resources/], classpath [resources/], classpath [static/], classpath [public/], ServletContext [/]]
DEBUG 25-09-03 19:51:11[http-nio-8866-exec-1] [OpenEntityManagerInViewInterceptor:86] - Opening JPA EntityManager in OpenEntityManagerInViewInterceptor
DEBUG 25-09-03 19:51:11[http-nio-8866-exec-1] [ResourceHttpRequestHandler:584] - Resource not found
DEBUG 25-09-03 19:51:11[http-nio-8866-exec-1] [DefaultHandlerExceptionResolver:702] - Resolved [org.springframework.web.servlet.resource.NoResourceFoundException: No static resource bootswatch/brite/css/fonts/bootstrap-icons.woff.]
DEBUG 25-09-03 19:51:11[http-nio-8866-exec-1] [OpenEntityManagerInViewInterceptor:111] - Closing JPA EntityManager in OpenEntityManagerInViewInterceptor
DEBUG 25-09-03 19:51:11[http-nio-8866-exec-1] [DispatcherServlet:1138] - Completed 404 NOT_FOUND
DEBUG 25-09-03 19:51:11[http-nio-8866-exec-1] [AnonymousAuthenticationFilter:119] - Set SecurityContextHolder to anonymous SecurityContext
DEBUG 25-09-03 19:51:11[http-nio-8866-exec-1] [FilterChainProxy:223] - Securing GET /error?e34853135f9e39acf64315236852cd5a
DEBUG 25-09-03 19:51:11[http-nio-8866-exec-1] [FilterChainProxy:227] - Secured GET /error?e34853135f9e39acf64315236852cd5a
DEBUG 25-09-03 19:51:11[http-nio-8866-exec-1] [DispatcherServlet:120] - "ERROR" dispatch for GET "/error?e34853135f9e39acf64315236852cd5a", parameters={masked}
DEBUG 25-09-03 19:51:11[http-nio-8866-exec-1] [RequestMappingHandlerMapping:533] - Mapped to org.springframework.boot.autoconfigure.web.servlet.error.BasicErrorController#error(HttpServletRequest)
DEBUG 25-09-03 19:51:11[http-nio-8866-exec-1] [OpenEntityManagerInViewInterceptor:86] - Opening JPA EntityManager in OpenEntityManagerInViewInterceptor
DEBUG 25-09-03 19:51:11[http-nio-8866-exec-1] [HttpEntityMethodProcessor:310] - Using 'application/json', given [*/*] and supported [application/json, application/*+json]
DEBUG 25-09-03 19:51:11[http-nio-8866-exec-1] [HttpEntityMethodProcessor:120] - Writing [{timestamp=Wed Sep 03 19:51:11 KST 2025, status=404, error=Not Found, trace=org.springframework.web. (truncated)...]
DEBUG 25-09-03 19:51:11[http-nio-8866-exec-1] [OpenEntityManagerInViewInterceptor:111] - Closing JPA EntityManager in OpenEntityManagerInViewInterceptor
DEBUG 25-09-03 19:51:11[http-nio-8866-exec-1] [DispatcherServlet:1135] - Exiting from "ERROR" dispatch, status 404
DEBUG 25-09-03 19:51:11[http-nio-8866-exec-1] [AnonymousAuthenticationFilter:119] - Set SecurityContextHolder to anonymous SecurityContext
DEBUG 25-09-03 19:51:13[http-nio-8866-exec-6] [FilterChainProxy:223] - Securing GET /file_mpa
DEBUG 25-09-03 19:51:13[http-nio-8866-exec-6] [AnonymousAuthenticationFilter:119] - Set SecurityContextHolder to anonymous SecurityContext
DEBUG 25-09-03 19:51:13[http-nio-8866-exec-6] [HttpSessionRequestCache:80] - Saved request http://localhost:8866/file_mpa?continue to session
DEBUG 25-09-03 19:51:13[http-nio-8866-exec-6] [Http403ForbiddenEntryPoint:58] - Pre-authenticated entry point called. Rejecting access
DEBUG 25-09-03 19:51:13[http-nio-8866-exec-6] [FilterChainProxy:223] - Securing GET /error
DEBUG 25-09-03 19:51:13[http-nio-8866-exec-6] [FilterChainProxy:227] - Secured GET /error
DEBUG 25-09-03 19:51:13[http-nio-8866-exec-6] [DispatcherServlet:120] - "ERROR" dispatch for GET "/error", parameters={}
DEBUG 25-09-03 19:51:13[http-nio-8866-exec-6] [RequestMappingHandlerMapping:533] - Mapped to org.springframework.boot.autoconfigure.web.servlet.error.BasicErrorController#errorHtml(HttpServletRequest, HttpServletResponse)
DEBUG 25-09-03 19:51:13[http-nio-8866-exec-6] [OpenEntityManagerInViewInterceptor:86] - Opening JPA EntityManager in OpenEntityManagerInViewInterceptor
DEBUG 25-09-03 19:51:13[http-nio-8866-exec-6] [ContentNegotiatingViewResolver:354] - Selected 'text/html' given [text/html, text/html;q=0.8]
DEBUG 25-09-03 19:51:13[http-nio-8866-exec-6] [MustacheView:307] - View name [error/403], model {timestamp=Wed Sep 03 19:51:13 KST 2025, status=403, error=Forbidden, message=Forbidden, path=/file_mpa}
DEBUG 25-09-03 19:51:13[http-nio-8866-exec-6] [MustacheView:178] - Rendering [classpath:/templates/error/403.html]
DEBUG 25-09-03 19:51:13[http-nio-8866-exec-6] [OpenEntityManagerInViewInterceptor:111] - Closing JPA EntityManager in OpenEntityManagerInViewInterceptor
DEBUG 25-09-03 19:51:13[http-nio-8866-exec-6] [DispatcherServlet:1135] - Exiting from "ERROR" dispatch, status 403
DEBUG 25-09-03 19:51:13[http-nio-8866-exec-6] [AnonymousAuthenticationFilter:119] - Set SecurityContextHolder to anonymous SecurityContext
DEBUG 25-09-03 19:51:13[http-nio-8866-exec-5] [FilterChainProxy:223] - Securing GET /bootswatch/brite/css/bootstrap.min.css
DEBUG 25-09-03 19:51:13[http-nio-8866-exec-5] [FilterChainProxy:227] - Secured GET /bootswatch/brite/css/bootstrap.min.css
DEBUG 25-09-03 19:51:13[http-nio-8866-exec-5] [DispatcherServlet:120] - GET "/bootswatch/brite/css/bootstrap.min.css", parameters={}
DEBUG 25-09-03 19:51:13[http-nio-8866-exec-7] [FilterChainProxy:223] - Securing GET /bootswatch/brite/css/prism-okaidia.css
DEBUG 25-09-03 19:51:13[http-nio-8866-exec-2] [FilterChainProxy:223] - Securing GET /bootswatch/brite/js/bootstrap.bundle.min.js
DEBUG 25-09-03 19:51:13[http-nio-8866-exec-3] [FilterChainProxy:223] - Securing GET /bootswatch/brite/css/bootstrap-icons.min.css
DEBUG 25-09-03 19:51:13[http-nio-8866-exec-9] [FilterChainProxy:223] - Securing GET /bootswatch/brite/css/custom.min.css
DEBUG 25-09-03 19:51:13[http-nio-8866-exec-7] [FilterChainProxy:227] - Secured GET /bootswatch/brite/css/prism-okaidia.css
DEBUG 25-09-03 19:51:13[http-nio-8866-exec-5] [SimpleUrlHandlerMapping:533] - Mapped to ResourceHttpRequestHandler [classpath [META-INF/resources/], classpath [resources/], classpath [static/], classpath [public/], ServletContext [/]]
DEBUG 25-09-03 19:51:13[http-nio-8866-exec-3] [FilterChainProxy:227] - Secured GET /bootswatch/brite/css/bootstrap-icons.min.css
DEBUG 25-09-03 19:51:13[http-nio-8866-exec-7] [DispatcherServlet:120] - GET "/bootswatch/brite/css/prism-okaidia.css", parameters={}
DEBUG 25-09-03 19:51:13[http-nio-8866-exec-3] [DispatcherServlet:120] - GET "/bootswatch/brite/css/bootstrap-icons.min.css", parameters={}
DEBUG 25-09-03 19:51:13[http-nio-8866-exec-4] [DispatcherServlet:120] - GET "/css/food_style.css", parameters={}
DEBUG 25-09-03 19:51:13[http-nio-8866-exec-2] [FilterChainProxy:227] - Secured GET /bootswatch/brite/js/bootstrap.bundle.min.js
DEBUG 25-09-03 19:51:13[http-nio-8866-exec-9] [FilterChainProxy:227] - Secured GET /bootswatch/brite/css/custom.min.css
DEBUG 25-09-03 19:51:13[http-nio-8866-exec-2] [DispatcherServlet:120] - GET "/bootswatch/brite/js/bootstrap.bundle.min.js", parameters={}
DEBUG 25-09-03 19:51:13[http-nio-8866-exec-9] [DispatcherServlet:120] - GET "/bootswatch/brite/css/custom.min.css", parameters={}
DEBUG 25-09-03 19:51:13[http-nio-8866-exec-5] [OpenEntityManagerInViewInterceptor:86] - Opening JPA EntityManager in OpenEntityManagerInViewInterceptor
DEBUG 25-09-03 19:51:13[http-nio-8866-exec-4] [SimpleUrlHandlerMapping:533] - Mapped to ResourceHttpRequestHandler [classpath [META-INF/resources/], classpath [resources/], classpath [static/], classpath [public/], ServletContext [/]]
DEBUG 25-09-03 19:51:13[http-nio-8866-exec-3] [SimpleUrlHandlerMapping:533] - Mapped to ResourceHttpRequestHandler [classpath [META-INF/resources/], classpath [resources/], classpath [static/], classpath [public/], ServletContext [/]]
DEBUG 25-09-03 19:51:13[http-nio-8866-exec-4] [OpenEntityManagerInViewInterceptor:86] - Opening JPA EntityManager in OpenEntityManagerInViewInterceptor
DEBUG 25-09-03 19:51:13[http-nio-8866-exec-2] [SimpleUrlHandlerMapping:533] - Mapped to ResourceHttpRequestHandler [classpath [META-INF/resources/], classpath [resources/], classpath [static/], classpath [public/], ServletContext [/]]
DEBUG 25-09-03 19:51:13[http-nio-8866-exec-9] [SimpleUrlHandlerMapping:533] - Mapped to ResourceHttpRequestHandler [classpath [META-INF/resources/], classpath [resources/], classpath [static/], classpath [public/], ServletContext [/]]
DEBUG 25-09-03 19:51:13[http-nio-8866-exec-7] [SimpleUrlHandlerMapping:533] - Mapped to ResourceHttpRequestHandler [classpath [META-INF/resources/], classpath [resources/], classpath [static/], classpath [public/], ServletContext [/]]
DEBUG 25-09-03 19:51:13[http-nio-8866-exec-3] [OpenEntityManagerInViewInterceptor:86] - Opening JPA EntityManager in OpenEntityManagerInViewInterceptor
DEBUG 25-09-03 19:51:13[http-nio-8866-exec-2] [OpenEntityManagerInViewInterceptor:86] - Opening JPA EntityManager in OpenEntityManagerInViewInterceptor
DEBUG 25-09-03 19:51:13[http-nio-8866-exec-9] [OpenEntityManagerInViewInterceptor:86] - Opening JPA EntityManager in OpenEntityManagerInViewInterceptor
DEBUG 25-09-03 19:51:13[http-nio-8866-exec-7] [OpenEntityManagerInViewInterceptor:86] - Opening JPA EntityManager in OpenEntityManagerInViewInterceptor
DEBUG 25-09-03 19:51:13[http-nio-8866-exec-9] [OpenEntityManagerInViewInterceptor:111] - Closing JPA EntityManager in OpenEntityManagerInViewInterceptor
DEBUG 25-09-03 19:51:13[http-nio-8866-exec-9] [DispatcherServlet:1138] - Completed 200 OK
DEBUG 25-09-03 19:51:13[http-nio-8866-exec-3] [OpenEntityManagerInViewInterceptor:111] - Closing JPA EntityManager in OpenEntityManagerInViewInterceptor
DEBUG 25-09-03 19:51:13[http-nio-8866-exec-4] [OpenEntityManagerInViewInterceptor:111] - Closing JPA EntityManager in OpenEntityManagerInViewInterceptor
DEBUG 25-09-03 19:51:13[http-nio-8866-exec-3] [DispatcherServlet:1138] - Completed 200 OK
DEBUG 25-09-03 19:51:13[http-nio-8866-exec-7] [OpenEntityManagerInViewInterceptor:111] - Closing JPA EntityManager in OpenEntityManagerInViewInterceptor
DEBUG 25-09-03 19:51:13[http-nio-8866-exec-4] [DispatcherServlet:1138] - Completed 200 OK
DEBUG 25-09-03 19:51:13[http-nio-8866-exec-3] [AnonymousAuthenticationFilter:119] - Set SecurityContextHolder to anonymous SecurityContext
DEBUG 25-09-03 19:51:13[http-nio-8866-exec-9] [AnonymousAuthenticationFilter:119] - Set SecurityContextHolder to anonymous SecurityContext
DEBUG 25-09-03 19:51:13[http-nio-8866-exec-7] [DispatcherServlet:1138] - Completed 200 OK
DEBUG 25-09-03 19:51:13[http-nio-8866-exec-2] [OpenEntityManagerInViewInterceptor:111] - Closing JPA EntityManager in OpenEntityManagerInViewInterceptor
DEBUG 25-09-03 19:51:13[http-nio-8866-exec-7] [AnonymousAuthenticationFilter:119] - Set SecurityContextHolder to anonymous SecurityContext
DEBUG 25-09-03 19:51:13[http-nio-8866-exec-2] [DispatcherServlet:1138] - Completed 200 OK
DEBUG 25-09-03 19:51:13[http-nio-8866-exec-2] [AnonymousAuthenticationFilter:119] - Set SecurityContextHolder to anonymous SecurityContext
DEBUG 25-09-03 19:51:13[http-nio-8866-exec-10] [FilterChainProxy:223] - Securing GET /bootswatch/brite/js/prism.js
DEBUG 25-09-03 19:51:13[http-nio-8866-exec-8] [FilterChainProxy:223] - Securing GET /bootswatch/brite/js/custom.js
DEBUG 25-09-03 19:51:13[http-nio-8866-exec-7] [DispatcherServlet:120] - GET "/js/jquery-3.7.1.min.js", parameters={}
DEBUG 25-09-03 19:51:13[http-nio-8866-exec-5] [OpenEntityManagerInViewInterceptor:111] - Closing JPA EntityManager in OpenEntityManagerInViewInterceptor
DEBUG 25-09-03 19:51:13[http-nio-8866-exec-10] [FilterChainProxy:227] - Secured GET /bootswatch/brite/js/prism.js
DEBUG 25-09-03 19:51:13[http-nio-8866-exec-5] [DispatcherServlet:1138] - Completed 200 OK
DEBUG 25-09-03 19:51:13[http-nio-8866-exec-8] [FilterChainProxy:227] - Secured GET /bootswatch/brite/js/custom.js
DEBUG 25-09-03 19:51:13[http-nio-8866-exec-7] [SimpleUrlHandlerMapping:533] - Mapped to ResourceHttpRequestHandler [classpath [META-INF/resources/], classpath [resources/], classpath [static/], classpath [public/], ServletContext [/]]
DEBUG 25-09-03 19:51:13[http-nio-8866-exec-10] [DispatcherServlet:120] - GET "/bootswatch/brite/js/prism.js", parameters={}
DEBUG 25-09-03 19:51:13[http-nio-8866-exec-7] [OpenEntityManagerInViewInterceptor:86] - Opening JPA EntityManager in OpenEntityManagerInViewInterceptor
DEBUG 25-09-03 19:51:13[http-nio-8866-exec-5] [AnonymousAuthenticationFilter:119] - Set SecurityContextHolder to anonymous SecurityContext
DEBUG 25-09-03 19:51:13[http-nio-8866-exec-8] [DispatcherServlet:120] - GET "/bootswatch/brite/js/custom.js", parameters={}
DEBUG 25-09-03 19:51:13[http-nio-8866-exec-10] [SimpleUrlHandlerMapping:533] - Mapped to ResourceHttpRequestHandler [classpath [META-INF/resources/], classpath [resources/], classpath [static/], classpath [public/], ServletContext [/]]
DEBUG 25-09-03 19:51:13[http-nio-8866-exec-8] [SimpleUrlHandlerMapping:533] - Mapped to ResourceHttpRequestHandler [classpath [META-INF/resources/], classpath [resources/], classpath [static/], classpath [public/], ServletContext [/]]
DEBUG 25-09-03 19:51:13[http-nio-8866-exec-10] [OpenEntityManagerInViewInterceptor:86] - Opening JPA EntityManager in OpenEntityManagerInViewInterceptor
DEBUG 25-09-03 19:51:13[http-nio-8866-exec-8] [OpenEntityManagerInViewInterceptor:86] - Opening JPA EntityManager in OpenEntityManagerInViewInterceptor
DEBUG 25-09-03 19:51:13[http-nio-8866-exec-8] [OpenEntityManagerInViewInterceptor:111] - Closing JPA EntityManager in OpenEntityManagerInViewInterceptor
DEBUG 25-09-03 19:51:13[http-nio-8866-exec-7] [OpenEntityManagerInViewInterceptor:111] - Closing JPA EntityManager in OpenEntityManagerInViewInterceptor
DEBUG 25-09-03 19:51:13[http-nio-8866-exec-10] [OpenEntityManagerInViewInterceptor:111] - Closing JPA EntityManager in OpenEntityManagerInViewInterceptor
DEBUG 25-09-03 19:51:13[http-nio-8866-exec-10] [DispatcherServlet:1138] - Completed 200 OK
DEBUG 25-09-03 19:51:13[http-nio-8866-exec-8] [DispatcherServlet:1138] - Completed 200 OK
DEBUG 25-09-03 19:51:13[http-nio-8866-exec-7] [DispatcherServlet:1138] - Completed 200 OK
DEBUG 25-09-03 19:51:13[http-nio-8866-exec-10] [AnonymousAuthenticationFilter:119] - Set SecurityContextHolder to anonymous SecurityContext
DEBUG 25-09-03 19:51:13[http-nio-8866-exec-8] [AnonymousAuthenticationFilter:119] - Set SecurityContextHolder to anonymous SecurityContext
DEBUG 25-09-03 19:51:13[http-nio-8866-exec-1] [FilterChainProxy:223] - Securing GET /bootswatch/brite/css/fonts/bootstrap-icons.woff2?e34853135f9e39acf64315236852cd5a
DEBUG 25-09-03 19:51:13[http-nio-8866-exec-1] [FilterChainProxy:227] - Secured GET /bootswatch/brite/css/fonts/bootstrap-icons.woff2?e34853135f9e39acf64315236852cd5a
DEBUG 25-09-03 19:51:13[http-nio-8866-exec-1] [DispatcherServlet:120] - GET "/bootswatch/brite/css/fonts/bootstrap-icons.woff2?e34853135f9e39acf64315236852cd5a", parameters={masked}
DEBUG 25-09-03 19:51:13[http-nio-8866-exec-1] [SimpleUrlHandlerMapping:533] - Mapped to ResourceHttpRequestHandler [classpath [META-INF/resources/], classpath [resources/], classpath [static/], classpath [public/], ServletContext [/]]
DEBUG 25-09-03 19:51:13[http-nio-8866-exec-1] [OpenEntityManagerInViewInterceptor:86] - Opening JPA EntityManager in OpenEntityManagerInViewInterceptor
DEBUG 25-09-03 19:51:13[http-nio-8866-exec-1] [ResourceHttpRequestHandler:584] - Resource not found
DEBUG 25-09-03 19:51:13[http-nio-8866-exec-1] [DefaultHandlerExceptionResolver:702] - Resolved [org.springframework.web.servlet.resource.NoResourceFoundException: No static resource bootswatch/brite/css/fonts/bootstrap-icons.woff2.]
DEBUG 25-09-03 19:51:13[http-nio-8866-exec-1] [OpenEntityManagerInViewInterceptor:111] - Closing JPA EntityManager in OpenEntityManagerInViewInterceptor
DEBUG 25-09-03 19:51:13[http-nio-8866-exec-1] [DispatcherServlet:1138] - Completed 404 NOT_FOUND
DEBUG 25-09-03 19:51:13[http-nio-8866-exec-1] [AnonymousAuthenticationFilter:119] - Set SecurityContextHolder to anonymous SecurityContext
DEBUG 25-09-03 19:51:13[http-nio-8866-exec-1] [FilterChainProxy:223] - Securing GET /error?e34853135f9e39acf64315236852cd5a
DEBUG 25-09-03 19:51:13[http-nio-8866-exec-1] [FilterChainProxy:227] - Secured GET /error?e34853135f9e39acf64315236852cd5a
DEBUG 25-09-03 19:51:13[http-nio-8866-exec-1] [DispatcherServlet:120] - "ERROR" dispatch for GET "/error?e34853135f9e39acf64315236852cd5a", parameters={masked}
DEBUG 25-09-03 19:51:13[http-nio-8866-exec-1] [RequestMappingHandlerMapping:533] - Mapped to org.springframework.boot.autoconfigure.web.servlet.error.BasicErrorController#error(HttpServletRequest)
DEBUG 25-09-03 19:51:13[http-nio-8866-exec-1] [OpenEntityManagerInViewInterceptor:86] - Opening JPA EntityManager in OpenEntityManagerInViewInterceptor
DEBUG 25-09-03 19:51:13[http-nio-8866-exec-1] [HttpEntityMethodProcessor:310] - Using 'application/json', given [*/*] and supported [application/json, application/*+json]
DEBUG 25-09-03 19:51:13[http-nio-8866-exec-1] [HttpEntityMethodProcessor:120] - Writing [{timestamp=Wed Sep 03 19:51:13 KST 2025, status=404, error=Not Found, trace=org.springframework.web. (truncated)...]
DEBUG 25-09-03 19:51:13[http-nio-8866-exec-1] [OpenEntityManagerInViewInterceptor:111] - Closing JPA EntityManager in OpenEntityManagerInViewInterceptor
DEBUG 25-09-03 19:51:13[http-nio-8866-exec-1] [DispatcherServlet:1135] - Exiting from "ERROR" dispatch, status 404
DEBUG 25-09-03 19:51:13[http-nio-8866-exec-1] [AnonymousAuthenticationFilter:119] - Set SecurityContextHolder to anonymous SecurityContext
DEBUG 25-09-03 19:51:13[http-nio-8866-exec-6] [FilterChainProxy:223] - Securing GET /bootswatch/brite/css/fonts/bootstrap-icons.woff?e34853135f9e39acf64315236852cd5a
DEBUG 25-09-03 19:51:13[http-nio-8866-exec-6] [FilterChainProxy:227] - Secured GET /bootswatch/brite/css/fonts/bootstrap-icons.woff?e34853135f9e39acf64315236852cd5a
DEBUG 25-09-03 19:51:13[http-nio-8866-exec-6] [DispatcherServlet:120] - GET "/bootswatch/brite/css/fonts/bootstrap-icons.woff?e34853135f9e39acf64315236852cd5a", parameters={masked}
DEBUG 25-09-03 19:51:13[http-nio-8866-exec-6] [SimpleUrlHandlerMapping:533] - Mapped to ResourceHttpRequestHandler [classpath [META-INF/resources/], classpath [resources/], classpath [static/], classpath [public/], ServletContext [/]]
DEBUG 25-09-03 19:51:13[http-nio-8866-exec-6] [OpenEntityManagerInViewInterceptor:86] - Opening JPA EntityManager in OpenEntityManagerInViewInterceptor
DEBUG 25-09-03 19:51:13[http-nio-8866-exec-6] [ResourceHttpRequestHandler:584] - Resource not found
DEBUG 25-09-03 19:51:13[http-nio-8866-exec-6] [DefaultHandlerExceptionResolver:702] - Resolved [org.springframework.web.servlet.resource.NoResourceFoundException: No static resource bootswatch/brite/css/fonts/bootstrap-icons.woff.]
DEBUG 25-09-03 19:51:13[http-nio-8866-exec-6] [OpenEntityManagerInViewInterceptor:111] - Closing JPA EntityManager in OpenEntityManagerInViewInterceptor
DEBUG 25-09-03 19:51:13[http-nio-8866-exec-6] [DispatcherServlet:1138] - Completed 404 NOT_FOUND
DEBUG 25-09-03 19:51:13[http-nio-8866-exec-6] [AnonymousAuthenticationFilter:119] - Set SecurityContextHolder to anonymous SecurityContext
DEBUG 25-09-03 19:51:13[http-nio-8866-exec-6] [FilterChainProxy:223] - Securing GET /error?e34853135f9e39acf64315236852cd5a
DEBUG 25-09-03 19:51:13[http-nio-8866-exec-6] [FilterChainProxy:227] - Secured GET /error?e34853135f9e39acf64315236852cd5a
DEBUG 25-09-03 19:51:13[http-nio-8866-exec-6] [DispatcherServlet:120] - "ERROR" dispatch for GET "/error?e34853135f9e39acf64315236852cd5a", parameters={masked}
DEBUG 25-09-03 19:51:13[http-nio-8866-exec-6] [RequestMappingHandlerMapping:533] - Mapped to org.springframework.boot.autoconfigure.web.servlet.error.BasicErrorController#error(HttpServletRequest)
DEBUG 25-09-03 19:51:13[http-nio-8866-exec-6] [OpenEntityManagerInViewInterceptor:86] - Opening JPA EntityManager in OpenEntityManagerInViewInterceptor
DEBUG 25-09-03 19:51:13[http-nio-8866-exec-6] [HttpEntityMethodProcessor:310] - Using 'application/json', given [*/*] and supported [application/json, application/*+json]
DEBUG 25-09-03 19:51:13[http-nio-8866-exec-6] [HttpEntityMethodProcessor:120] - Writing [{timestamp=Wed Sep 03 19:51:13 KST 2025, status=404, error=Not Found, trace=org.springframework.web. (truncated)...]
DEBUG 25-09-03 19:51:13[http-nio-8866-exec-6] [OpenEntityManagerInViewInterceptor:111] - Closing JPA EntityManager in OpenEntityManagerInViewInterceptor
DEBUG 25-09-03 19:51:13[http-nio-8866-exec-6] [DispatcherServlet:1135] - Exiting from "ERROR" dispatch, status 404
DEBUG 25-09-03 19:51:13[http-nio-8866-exec-6] [AnonymousAuthenticationFilter:119] - Set SecurityContextHolder to anonymous SecurityContext
DEBUG 25-09-03 19:51:21[SpringApplicationShutdownHook] [ApplicationAvailabilityBean:77] - Application availability state ReadinessState changed from ACCEPTING_TRAFFIC to REFUSING_TRAFFIC
DEBUG 25-09-03 19:51:21[SpringApplicationShutdownHook] [AnnotationConfigServletWebServerApplicationContext:1158] - Closing org.springframework.boot.web.servlet.context.AnnotationConfigServletWebServerApplicationContext@639fe74c, started on Wed Sep 03 19:50:29 KST 2025
DEBUG 25-09-03 19:51:21[SpringApplicationShutdownHook] [DefaultLifecycleProcessor:611] - Stopping beans in phase 2147482623
INFO  25-09-03 19:51:21[SpringApplicationShutdownHook] [GracefulShutdown:54] - Commencing graceful shutdown. Waiting for active requests to complete
INFO  25-09-03 19:51:21[tomcat-shutdown] [GracefulShutdown:76] - Graceful shutdown complete
DEBUG 25-09-03 19:51:21[SpringApplicationShutdownHook] [DefaultLifecycleProcessor:611] - Stopping beans in phase 2147481599
DEBUG 25-09-03 19:51:21[tomcat-shutdown] [DefaultLifecycleProcessor:467] - Bean 'webServerGracefulShutdown' completed its stop procedure
DEBUG 25-09-03 19:51:21[SpringApplicationShutdownHook] [DefaultLifecycleProcessor:467] - Bean 'webServerStartStop' completed its stop procedure
DEBUG 25-09-03 19:51:21[SpringApplicationShutdownHook] [DefaultLifecycleProcessor:611] - Stopping beans in phase 1073741823
DEBUG 25-09-03 19:51:21[SpringApplicationShutdownHook] [DefaultLifecycleProcessor:467] - Bean 'applicationTaskExecutor' completed its stop procedure
DEBUG 25-09-03 19:51:21[SpringApplicationShutdownHook] [DefaultLifecycleProcessor:611] - Stopping beans in phase -2147483647
DEBUG 25-09-03 19:51:21[SpringApplicationShutdownHook] [DefaultLifecycleProcessor:467] - Bean 'springBootLoggingLifecycle' completed its stop procedure
DEBUG 25-09-03 19:51:21[SpringApplicationShutdownHook] [AnnotationMBeanExporter:467] - Unregistering JMX-exposed beans on shutdown
DEBUG 25-09-03 19:51:21[SpringApplicationShutdownHook] [AnnotationMBeanExporter:186] - Unregistering JMX-exposed beans
DEBUG 25-09-03 19:51:21[SpringApplicationShutdownHook] [ThreadPoolTaskExecutor:370] - Shutting down ExecutorService 'applicationTaskExecutor'
INFO  25-09-03 19:51:21[SpringApplicationShutdownHook] [LocalContainerEntityManagerFactoryBean:660] - Closing JPA EntityManagerFactory for persistence unit 'default'
DEBUG 25-09-03 19:51:21[SpringApplicationShutdownHook] [SessionFactoryImpl:927] - HHH000031: Closing
DEBUG 25-09-03 19:51:21[SpringApplicationShutdownHook] [TypeConfiguration$Scope:576] - Un-scoping TypeConfiguration [org.hibernate.type.spi.TypeConfiguration$Scope@26aa4129] from SessionFactory [org.hibernate.internal.SessionFactoryImpl@17e69aa6]
DEBUG 25-09-03 19:51:21[SpringApplicationShutdownHook] [AbstractServiceRegistryImpl:414] - Implicitly destroying ServiceRegistry on de-registration of all child ServiceRegistries
DEBUG 25-09-03 19:51:21[SpringApplicationShutdownHook] [BootstrapServiceRegistryImpl:298] - Implicitly destroying Boot-strap registry on de-registration of all child ServiceRegistries
INFO  25-09-03 19:51:21[SpringApplicationShutdownHook] [HikariDataSource:349] - HikariPool-1 - Shutdown initiated...
DEBUG 25-09-03 19:51:21[SpringApplicationShutdownHook] [HikariPool:422] - HikariPool-1 - Before shutdown stats (total=10/10, idle=10/10, active=0, waiting=0)
DEBUG 25-09-03 19:51:21[HikariPool-1:connection-closer] [PoolBase:136] - HikariPool-1 - Closing connection net.sf.log4jdbc.sql.jdbcapi.ConnectionSpy@1a6df142: (connection evicted)
INFO  25-09-03 19:51:21[HikariPool-1:connection-closer] [log4j2:197] -  com.zaxxer.hikari.pool.PoolBase.quietlyCloseConnection(PoolBase.java:140)
1. Connection.isClosed() returned false
INFO  25-09-03 19:51:21[HikariPool-1:connection-closer] [log4j2:365] -  com.zaxxer.hikari.pool.PoolBase.quietlyCloseConnection(PoolBase.java:142)
1. Connection closed. {executed in 2ms} 
open connections:  2 3 4 5 6 7 8 9 10 (9)
INFO  25-09-03 19:51:21[HikariPool-1:connection-closer] [log4j2:197] -  com.zaxxer.hikari.pool.PoolBase.quietlyCloseConnection(PoolBase.java:142)
1. Connection.close() returned 
DEBUG 25-09-03 19:51:21[HikariPool-1:connection-closer] [PoolBase:136] - HikariPool-1 - Closing connection net.sf.log4jdbc.sql.jdbcapi.ConnectionSpy@61c472ec: (connection evicted)
INFO  25-09-03 19:51:21[HikariPool-1:connection-closer] [log4j2:197] -  com.zaxxer.hikari.pool.PoolBase.quietlyCloseConnection(PoolBase.java:140)
2. Connection.isClosed() returned false
INFO  25-09-03 19:51:21[HikariPool-1:connection-closer] [log4j2:365] -  com.zaxxer.hikari.pool.PoolBase.quietlyCloseConnection(PoolBase.java:142)
2. Connection closed. {executed in 1ms} 
open connections:  3 4 5 6 7 8 9 10 (8)
INFO  25-09-03 19:51:21[HikariPool-1:connection-closer] [log4j2:197] -  com.zaxxer.hikari.pool.PoolBase.quietlyCloseConnection(PoolBase.java:142)
2. Connection.close() returned 
DEBUG 25-09-03 19:51:21[HikariPool-1:connection-closer] [PoolBase:136] - HikariPool-1 - Closing connection net.sf.log4jdbc.sql.jdbcapi.ConnectionSpy@4f85e354: (connection evicted)
INFO  25-09-03 19:51:21[HikariPool-1:connection-closer] [log4j2:197] -  com.zaxxer.hikari.pool.PoolBase.quietlyCloseConnection(PoolBase.java:140)
3. Connection.isClosed() returned false
INFO  25-09-03 19:51:21[HikariPool-1:connection-closer] [log4j2:365] -  com.zaxxer.hikari.pool.PoolBase.quietlyCloseConnection(PoolBase.java:142)
3. Connection closed. {executed in 0ms} 
open connections:  4 5 6 7 8 9 10 (7)
INFO  25-09-03 19:51:21[HikariPool-1:connection-closer] [log4j2:197] -  com.zaxxer.hikari.pool.PoolBase.quietlyCloseConnection(PoolBase.java:142)
3. Connection.close() returned 
DEBUG 25-09-03 19:51:21[HikariPool-1:connection-closer] [PoolBase:136] - HikariPool-1 - Closing connection net.sf.log4jdbc.sql.jdbcapi.ConnectionSpy@1d105d1e: (connection evicted)
INFO  25-09-03 19:51:21[HikariPool-1:connection-closer] [log4j2:197] -  com.zaxxer.hikari.pool.PoolBase.quietlyCloseConnection(PoolBase.java:140)
4. Connection.isClosed() returned false
INFO  25-09-03 19:51:21[HikariPool-1:connection-closer] [log4j2:365] -  com.zaxxer.hikari.pool.PoolBase.quietlyCloseConnection(PoolBase.java:142)
4. Connection closed. {executed in 0ms} 
open connections:  5 6 7 8 9 10 (6)
INFO  25-09-03 19:51:21[HikariPool-1:connection-closer] [log4j2:197] -  com.zaxxer.hikari.pool.PoolBase.quietlyCloseConnection(PoolBase.java:142)
4. Connection.close() returned 
DEBUG 25-09-03 19:51:21[HikariPool-1:connection-closer] [PoolBase:136] - HikariPool-1 - Closing connection net.sf.log4jdbc.sql.jdbcapi.ConnectionSpy@71961a0d: (connection evicted)
INFO  25-09-03 19:51:21[HikariPool-1:connection-closer] [log4j2:197] -  com.zaxxer.hikari.pool.PoolBase.quietlyCloseConnection(PoolBase.java:140)
5. Connection.isClosed() returned false
INFO  25-09-03 19:51:21[HikariPool-1:connection-closer] [log4j2:365] -  com.zaxxer.hikari.pool.PoolBase.quietlyCloseConnection(PoolBase.java:142)
5. Connection closed. {executed in 0ms} 
open connections:  6 7 8 9 10 (5)
INFO  25-09-03 19:51:21[HikariPool-1:connection-closer] [log4j2:197] -  com.zaxxer.hikari.pool.PoolBase.quietlyCloseConnection(PoolBase.java:142)
5. Connection.close() returned 
DEBUG 25-09-03 19:51:21[HikariPool-1:connection-closer] [PoolBase:136] - HikariPool-1 - Closing connection net.sf.log4jdbc.sql.jdbcapi.ConnectionSpy@55ebd42a: (connection evicted)
INFO  25-09-03 19:51:21[HikariPool-1:connection-closer] [log4j2:197] -  com.zaxxer.hikari.pool.PoolBase.quietlyCloseConnection(PoolBase.java:140)
6. Connection.isClosed() returned false
INFO  25-09-03 19:51:21[HikariPool-1:connection-closer] [log4j2:365] -  com.zaxxer.hikari.pool.PoolBase.quietlyCloseConnection(PoolBase.java:142)
6. Connection closed. {executed in 0ms} 
open connections:  7 8 9 10 (4)
INFO  25-09-03 19:51:21[HikariPool-1:connection-closer] [log4j2:197] -  com.zaxxer.hikari.pool.PoolBase.quietlyCloseConnection(PoolBase.java:142)
6. Connection.close() returned 
DEBUG 25-09-03 19:51:21[HikariPool-1:connection-closer] [PoolBase:136] - HikariPool-1 - Closing connection net.sf.log4jdbc.sql.jdbcapi.ConnectionSpy@28f84df6: (connection evicted)
INFO  25-09-03 19:51:21[HikariPool-1:connection-closer] [log4j2:197] -  com.zaxxer.hikari.pool.PoolBase.quietlyCloseConnection(PoolBase.java:140)
7. Connection.isClosed() returned false
INFO  25-09-03 19:51:21[HikariPool-1:connection-closer] [log4j2:365] -  com.zaxxer.hikari.pool.PoolBase.quietlyCloseConnection(PoolBase.java:142)
7. Connection closed. {executed in 0ms} 
open connections:  8 9 10 (3)
INFO  25-09-03 19:51:21[HikariPool-1:connection-closer] [log4j2:197] -  com.zaxxer.hikari.pool.PoolBase.quietlyCloseConnection(PoolBase.java:142)
7. Connection.close() returned 
DEBUG 25-09-03 19:51:21[HikariPool-1:connection-closer] [PoolBase:136] - HikariPool-1 - Closing connection net.sf.log4jdbc.sql.jdbcapi.ConnectionSpy@44e6f9bf: (connection evicted)
INFO  25-09-03 19:51:21[HikariPool-1:connection-closer] [log4j2:197] -  com.zaxxer.hikari.pool.PoolBase.quietlyCloseConnection(PoolBase.java:140)
8. Connection.isClosed() returned false
INFO  25-09-03 19:51:21[HikariPool-1:connection-closer] [log4j2:365] -  com.zaxxer.hikari.pool.PoolBase.quietlyCloseConnection(PoolBase.java:142)
8. Connection closed. {executed in 0ms} 
open connections:  9 10 (2)
INFO  25-09-03 19:51:21[HikariPool-1:connection-closer] [log4j2:197] -  com.zaxxer.hikari.pool.PoolBase.quietlyCloseConnection(PoolBase.java:142)
8. Connection.close() returned 
DEBUG 25-09-03 19:51:21[HikariPool-1:connection-closer] [PoolBase:136] - HikariPool-1 - Closing connection net.sf.log4jdbc.sql.jdbcapi.ConnectionSpy@7149490e: (connection evicted)
INFO  25-09-03 19:51:21[HikariPool-1:connection-closer] [log4j2:197] -  com.zaxxer.hikari.pool.PoolBase.quietlyCloseConnection(PoolBase.java:140)
9. Connection.isClosed() returned false
INFO  25-09-03 19:51:21[HikariPool-1:connection-closer] [log4j2:365] -  com.zaxxer.hikari.pool.PoolBase.quietlyCloseConnection(PoolBase.java:142)
9. Connection closed. {executed in 0ms} 
open connections:  10 (1)
INFO  25-09-03 19:51:21[HikariPool-1:connection-closer] [log4j2:197] -  com.zaxxer.hikari.pool.PoolBase.quietlyCloseConnection(PoolBase.java:142)
9. Connection.close() returned 
DEBUG 25-09-03 19:51:21[HikariPool-1:connection-closer] [PoolBase:136] - HikariPool-1 - Closing connection net.sf.log4jdbc.sql.jdbcapi.ConnectionSpy@397f0: (connection evicted)
INFO  25-09-03 19:51:21[HikariPool-1:connection-closer] [log4j2:197] -  com.zaxxer.hikari.pool.PoolBase.quietlyCloseConnection(PoolBase.java:140)
10. Connection.isClosed() returned false
INFO  25-09-03 19:51:21[HikariPool-1:connection-closer] [log4j2:365] -  com.zaxxer.hikari.pool.PoolBase.quietlyCloseConnection(PoolBase.java:142)
10. Connection closed. {executed in 0ms} 
open connections:  none
INFO  25-09-03 19:51:21[HikariPool-1:connection-closer] [log4j2:197] -  com.zaxxer.hikari.pool.PoolBase.quietlyCloseConnection(PoolBase.java:142)
10. Connection.close() returned 
DEBUG 25-09-03 19:51:21[SpringApplicationShutdownHook] [HikariPool:422] - HikariPool-1 - After  shutdown stats (total=0/10, idle=0/10, active=0, waiting=0)
INFO  25-09-03 19:51:21[SpringApplicationShutdownHook] [HikariDataSource:351] - HikariPool-1 - Shutdown completed.
