DEBUG 25-08-26 12:36:04[background-preinit] [logging:164] - Logging Provider: org.jboss.logging.Slf4jLoggerProvider found via system property
INFO  25-08-26 12:36:04[background-preinit] [Version:21] - HV000001: Hibernate Validator 8.0.2.Final
DEBUG 25-08-26 12:36:04[background-preinit] [ValidationXmlParser:122] - Trying to load META-INF/validation.xml for XML based Validator configuration.
DEBUG 25-08-26 12:36:04[background-preinit] [ResourceLoaderHelper:61] - Trying to load META-INF/validation.xml via TCCL
DEBUG 25-08-26 12:36:04[background-preinit] [ResourceLoaderHelper:67] - Trying to load META-INF/validation.xml via Hibernate Validator's class loader
DEBUG 25-08-26 12:36:04[background-preinit] [ValidationXmlParser:129] - No META-INF/validation.xml found. Using annotation based configuration only.
DEBUG 25-08-26 12:36:04[background-preinit] [TraversableResolvers:61] - Cannot find jakarta.persistence.Persistence on classpath. Assuming non JPA 2 environment. All properties will per default be traversable.
DEBUG 25-08-26 12:36:04[background-preinit] [ResourceBundleMessageInterpolator:175] - Loaded expression factory via original TCCL
INFO  25-08-26 12:36:04[restartedMain] [SwimcrudApplication:53] - Starting SwimcrudApplication using Java 21.0.6 with PID 15520 (C:\Users\eyese\lys_mjc813Exam\swimcrud\target\classes started by eyese in C:\Users\eyese\lys_mjc813Exam\swimcrud)
DEBUG 25-08-26 12:36:04[restartedMain] [SwimcrudApplication:54] - Running with Spring Boot v3.4.8, Spring v6.2.9
INFO  25-08-26 12:36:04[restartedMain] [SwimcrudApplication:652] - No active profile set, falling back to 1 default profile: "default"
DEBUG 25-08-26 12:36:04[restartedMain] [SpringApplication:685] - Loading source class com.mjc813.swimcrud.SwimcrudApplication
DEBUG 25-08-26 12:36:04[restartedMain] [ChangeableUrls:251] - Matching URLs for reloading : [file:/C:/Users/eyese/lys_mjc813Exam/swimcrud/target/classes/]
DEBUG 25-08-26 12:36:04[restartedMain] [DevToolsSettings:251] - Included patterns for restart : []
DEBUG 25-08-26 12:36:04[restartedMain] [DevToolsSettings:251] - Excluded patterns for restart : [/spring-boot-starter-[\w-]+/, /spring-boot/(bin|build|out)/, /spring-boot-starter/(bin|build|out)/, /spring-boot-devtools/(bin|build|out)/, /spring-boot-actuator/(bin|build|out)/, /spring-boot-autoconfigure/(bin|build|out)/]
INFO  25-08-26 12:36:04[restartedMain] [DevToolsPropertyDefaultsPostProcessor:252] - Devtools property defaults active! Set 'spring.devtools.add-properties' to 'false' to disable
INFO  25-08-26 12:36:04[restartedMain] [DevToolsPropertyDefaultsPostProcessor:252] - For additional web related logging consider setting the 'logging.level.web' property to 'DEBUG'
DEBUG 25-08-26 12:36:04[restartedMain] [AnnotationConfigServletWebServerApplicationContext:674] - Refreshing org.springframework.boot.web.servlet.context.AnnotationConfigServletWebServerApplicationContext@6a0cb6f6
DEBUG 25-08-26 12:36:04[background-preinit] [ValidatorFactoryConfigurationHelper:355] - HV000252: Using org.hibernate.validator.internal.engine.DefaultPropertyNodeNameProvider as property node name provider.
DEBUG 25-08-26 12:36:04[restartedMain] [DefaultListableBeanFactory:308] - Creating shared instance of singleton bean 'org.springframework.context.annotation.internalConfigurationAnnotationProcessor'
DEBUG 25-08-26 12:36:04[background-preinit] [ValidatorFactoryConfigurationHelper:447] - HV000234: Using org.hibernate.validator.messageinterpolation.ResourceBundleMessageInterpolator as ValidatorFactory-scoped message interpolator.
DEBUG 25-08-26 12:36:04[background-preinit] [ValidatorFactoryConfigurationHelper:448] - HV000234: Using org.hibernate.validator.internal.engine.resolver.TraverseAllTraversableResolver as ValidatorFactory-scoped traversable resolver.
DEBUG 25-08-26 12:36:04[background-preinit] [ValidatorFactoryConfigurationHelper:449] - HV000234: Using org.hibernate.validator.internal.util.ExecutableParameterNameProvider as ValidatorFactory-scoped parameter name provider.
DEBUG 25-08-26 12:36:04[background-preinit] [ValidatorFactoryConfigurationHelper:450] - HV000234: Using org.hibernate.validator.internal.engine.DefaultClockProvider as ValidatorFactory-scoped clock provider.
DEBUG 25-08-26 12:36:04[background-preinit] [ValidatorFactoryConfigurationHelper:451] - HV000234: Using org.hibernate.validator.internal.engine.scripting.DefaultScriptEvaluatorFactory as ValidatorFactory-scoped script evaluator factory.
DEBUG 25-08-26 12:36:04[restartedMain] [DefaultListableBeanFactory:308] - Creating shared instance of singleton bean 'org.springframework.boot.autoconfigure.internalCachingMetadataReaderFactory'
DEBUG 25-08-26 12:36:04[restartedMain] [ClassPathBeanDefinitionScanner:476] - Identified candidate component class: file [C:\Users\eyese\lys_mjc813Exam\swimcrud\target\classes\com\mjc813\swimcrud\swimpool\apicontroller\SwimpoolApiController.class]
DEBUG 25-08-26 12:36:04[restartedMain] [ClassPathBeanDefinitionScanner:476] - Identified candidate component class: file [C:\Users\eyese\lys_mjc813Exam\swimcrud\target\classes\com\mjc813\swimcrud\swimpool\controller\MenuController.class]
DEBUG 25-08-26 12:36:04[restartedMain] [ClassPathBeanDefinitionScanner:476] - Identified candidate component class: file [C:\Users\eyese\lys_mjc813Exam\swimcrud\target\classes\com\mjc813\swimcrud\swimpool\service\SwimpoolService.class]
DEBUG 25-08-26 12:36:05[restartedMain] [DefaultListableBeanFactory:308] - Creating shared instance of singleton bean 'org.springframework.boot.autoconfigure.AutoConfigurationPackages'
DEBUG 25-08-26 12:36:05[restartedMain] [AutoConfigurationPackages:213] - @EnableAutoConfiguration was declared on a class in the package 'com.mjc813.swimcrud'. Automatic @Repository and @Entity scanning is enabled.
DEBUG 25-08-26 12:36:05[restartedMain] [MybatisAutoConfiguration:247] - Searching for mappers annotated with @Mapper
DEBUG 25-08-26 12:36:05[restartedMain] [MybatisAutoConfiguration:251] - Using auto-configuration base package 'com.mjc813.swimcrud'
DEBUG 25-08-26 12:36:05[restartedMain] [DefaultListableBeanFactory:308] - Creating shared instance of singleton bean 'org.mybatis.spring.mapper.MapperScannerConfigurer'
DEBUG 25-08-26 12:36:05[restartedMain] [DefaultListableBeanFactory:308] - Creating shared instance of singleton bean 'propertySourcesPlaceholderConfigurer'
DEBUG 25-08-26 12:36:05[restartedMain] [LogFactory:112] - Logging initialized using 'class org.apache.ibatis.logging.slf4j.Slf4jImpl' adapter.
DEBUG 25-08-26 12:36:05[restartedMain] [ClassPathMapperScanner:476] - Identified candidate component class: file [C:\Users\eyese\lys_mjc813Exam\swimcrud\target\classes\com\mjc813\swimcrud\swimpool\service\SwimpoolMapper.class]
DEBUG 25-08-26 12:36:05[restartedMain] [ClassPathMapperScanner:49] - Creating MapperFactoryBean with name 'swimpoolMapper' and 'com.mjc813.swimcrud.swimpool.service.SwimpoolMapper' mapperInterface
DEBUG 25-08-26 12:36:05[restartedMain] [DefaultListableBeanFactory:308] - Creating shared instance of singleton bean 'org.springframework.boot.sql.init.dependency.DatabaseInitializationDependencyConfigurer$DependsOnDatabaseInitializationPostProcessor'
DEBUG 25-08-26 12:36:05[restartedMain] [DefaultListableBeanFactory:308] - Creating shared instance of singleton bean 'org.springframework.context.event.internalEventListenerProcessor'
DEBUG 25-08-26 12:36:05[restartedMain] [DefaultListableBeanFactory:308] - Creating shared instance of singleton bean 'preserveErrorControllerTargetClassPostProcessor'
DEBUG 25-08-26 12:36:05[restartedMain] [DefaultListableBeanFactory:308] - Creating shared instance of singleton bean 'forceAutoProxyCreatorToUseClassProxying'
DEBUG 25-08-26 12:36:05[restartedMain] [DefaultListableBeanFactory:308] - Creating shared instance of singleton bean 'org.springframework.context.event.internalEventListenerFactory'
DEBUG 25-08-26 12:36:05[restartedMain] [DefaultListableBeanFactory:308] - Creating shared instance of singleton bean 'org.springframework.transaction.config.internalTransactionalEventListenerFactory'
DEBUG 25-08-26 12:36:05[restartedMain] [DefaultListableBeanFactory:308] - Creating shared instance of singleton bean 'org.springframework.context.annotation.internalAutowiredAnnotationProcessor'
DEBUG 25-08-26 12:36:05[restartedMain] [DefaultListableBeanFactory:308] - Creating shared instance of singleton bean 'org.springframework.context.annotation.internalCommonAnnotationProcessor'
DEBUG 25-08-26 12:36:05[restartedMain] [DefaultListableBeanFactory:308] - Creating shared instance of singleton bean 'org.springframework.boot.context.properties.ConfigurationPropertiesBindingPostProcessor'
DEBUG 25-08-26 12:36:05[restartedMain] [DefaultListableBeanFactory:308] - Creating shared instance of singleton bean 'org.springframework.boot.context.internalConfigurationPropertiesBinder'
DEBUG 25-08-26 12:36:05[restartedMain] [DefaultListableBeanFactory:308] - Creating shared instance of singleton bean 'jdbcConnectionDetailsHikariBeanPostProcessor'
DEBUG 25-08-26 12:36:05[restartedMain] [DefaultListableBeanFactory:308] - Creating shared instance of singleton bean 'methodValidationPostProcessor'
DEBUG 25-08-26 12:36:05[restartedMain] [DefaultListableBeanFactory:954] - Autowiring by type from bean name 'methodValidationPostProcessor' via factory method to bean named 'environment'
DEBUG 25-08-26 12:36:05[restartedMain] [DefaultListableBeanFactory:308] - Creating shared instance of singleton bean 'org.springframework.boot.context.properties.EnableConfigurationPropertiesRegistrar.methodValidationExcludeFilter'
DEBUG 25-08-26 12:36:05[restartedMain] [DefaultListableBeanFactory:308] - Creating shared instance of singleton bean 'persistenceExceptionTranslationPostProcessor'
DEBUG 25-08-26 12:36:05[restartedMain] [DefaultListableBeanFactory:954] - Autowiring by type from bean name 'persistenceExceptionTranslationPostProcessor' via factory method to bean named 'environment'
DEBUG 25-08-26 12:36:05[restartedMain] [DefaultListableBeanFactory:308] - Creating shared instance of singleton bean 'org.springframework.aop.config.internalAutoProxyCreator'
DEBUG 25-08-26 12:36:05[restartedMain] [DefaultListableBeanFactory:308] - Creating shared instance of singleton bean 'webServerFactoryCustomizerBeanPostProcessor'
DEBUG 25-08-26 12:36:05[restartedMain] [DefaultListableBeanFactory:308] - Creating shared instance of singleton bean 'errorPageRegistrarBeanPostProcessor'
DEBUG 25-08-26 12:36:05[restartedMain] [UiApplicationContextUtils:86] - Unable to locate ThemeSource with name 'themeSource': using default [org.springframework.ui.context.support.ResourceBundleThemeSource@37fa0094]
DEBUG 25-08-26 12:36:05[restartedMain] [DefaultListableBeanFactory:308] - Creating shared instance of singleton bean 'tomcatServletWebServerFactory'
DEBUG 25-08-26 12:36:05[restartedMain] [DefaultListableBeanFactory:308] - Creating shared instance of singleton bean 'org.springframework.boot.autoconfigure.web.servlet.ServletWebServerFactoryConfiguration$EmbeddedTomcat'
DEBUG 25-08-26 12:36:05[restartedMain] [DefaultListableBeanFactory:308] - Creating shared instance of singleton bean 'org.springframework.transaction.config.internalTransactionAdvisor'
DEBUG 25-08-26 12:36:05[restartedMain] [DefaultListableBeanFactory:308] - Creating shared instance of singleton bean 'org.springframework.transaction.annotation.ProxyTransactionManagementConfiguration'
DEBUG 25-08-26 12:36:05[restartedMain] [DefaultListableBeanFactory:308] - Creating shared instance of singleton bean 'transactionAttributeSource'
DEBUG 25-08-26 12:36:05[restartedMain] [DefaultListableBeanFactory:308] - Creating shared instance of singleton bean 'transactionInterceptor'
DEBUG 25-08-26 12:36:05[restartedMain] [DefaultListableBeanFactory:954] - Autowiring by type from bean name 'transactionInterceptor' via factory method to bean named 'transactionAttributeSource'
DEBUG 25-08-26 12:36:05[restartedMain] [DefaultListableBeanFactory:954] - Autowiring by type from bean name 'org.springframework.transaction.config.internalTransactionAdvisor' via factory method to bean named 'transactionAttributeSource'
DEBUG 25-08-26 12:36:05[restartedMain] [DefaultListableBeanFactory:954] - Autowiring by type from bean name 'org.springframework.transaction.config.internalTransactionAdvisor' via factory method to bean named 'transactionInterceptor'
DEBUG 25-08-26 12:36:05[restartedMain] [DefaultListableBeanFactory:308] - Creating shared instance of singleton bean 'websocketServletWebServerCustomizer'
DEBUG 25-08-26 12:36:05[restartedMain] [DefaultListableBeanFactory:308] - Creating shared instance of singleton bean 'org.springframework.boot.autoconfigure.websocket.servlet.WebSocketServletAutoConfiguration$TomcatWebSocketConfiguration'
DEBUG 25-08-26 12:36:05[restartedMain] [DefaultListableBeanFactory:308] - Creating shared instance of singleton bean 'servletWebServerFactoryCustomizer'
DEBUG 25-08-26 12:36:05[restartedMain] [DefaultListableBeanFactory:308] - Creating shared instance of singleton bean 'org.springframework.boot.autoconfigure.web.servlet.ServletWebServerFactoryAutoConfiguration'
DEBUG 25-08-26 12:36:05[restartedMain] [DefaultListableBeanFactory:308] - Creating shared instance of singleton bean 'server-org.springframework.boot.autoconfigure.web.ServerProperties'
DEBUG 25-08-26 12:36:05[restartedMain] [DefaultListableBeanFactory:308] - Creating shared instance of singleton bean 'org.springframework.boot.context.properties.BoundConfigurationProperties'
DEBUG 25-08-26 12:36:05[restartedMain] [DefaultListableBeanFactory:954] - Autowiring by type from bean name 'servletWebServerFactoryCustomizer' via factory method to bean named 'server-org.springframework.boot.autoconfigure.web.ServerProperties'
DEBUG 25-08-26 12:36:05[restartedMain] [DefaultListableBeanFactory:308] - Creating shared instance of singleton bean 'sslBundleRegistry'
DEBUG 25-08-26 12:36:05[restartedMain] [DefaultListableBeanFactory:308] - Creating shared instance of singleton bean 'org.springframework.boot.autoconfigure.ssl.SslAutoConfiguration'
DEBUG 25-08-26 12:36:05[restartedMain] [DefaultListableBeanFactory:308] - Creating shared instance of singleton bean 'spring.ssl-org.springframework.boot.autoconfigure.ssl.SslProperties'
DEBUG 25-08-26 12:36:05[restartedMain] [DefaultListableBeanFactory:954] - Autowiring by type from bean name 'org.springframework.boot.autoconfigure.ssl.SslAutoConfiguration' via constructor to bean named 'org.springframework.boot.web.servlet.context.AnnotationConfigServletWebServerApplicationContext@6a0cb6f6'
DEBUG 25-08-26 12:36:05[restartedMain] [DefaultListableBeanFactory:954] - Autowiring by type from bean name 'org.springframework.boot.autoconfigure.ssl.SslAutoConfiguration' via constructor to bean named 'spring.ssl-org.springframework.boot.autoconfigure.ssl.SslProperties'
DEBUG 25-08-26 12:36:05[restartedMain] [DefaultListableBeanFactory:308] - Creating shared instance of singleton bean 'sslPropertiesSslBundleRegistrar'
DEBUG 25-08-26 12:36:05[restartedMain] [DefaultListableBeanFactory:308] - Creating shared instance of singleton bean 'fileWatcher'
DEBUG 25-08-26 12:36:05[restartedMain] [DefaultListableBeanFactory:954] - Autowiring by type from bean name 'sslPropertiesSslBundleRegistrar' via factory method to bean named 'fileWatcher'
DEBUG 25-08-26 12:36:05[restartedMain] [DefaultListableBeanFactory:308] - Creating shared instance of singleton bean 'tomcatServletWebServerFactoryCustomizer'
DEBUG 25-08-26 12:36:05[restartedMain] [DefaultListableBeanFactory:954] - Autowiring by type from bean name 'tomcatServletWebServerFactoryCustomizer' via factory method to bean named 'server-org.springframework.boot.autoconfigure.web.ServerProperties'
DEBUG 25-08-26 12:36:05[restartedMain] [DefaultListableBeanFactory:308] - Creating shared instance of singleton bean 'tomcatWebServerFactoryCustomizer'
DEBUG 25-08-26 12:36:05[restartedMain] [DefaultListableBeanFactory:308] - Creating shared instance of singleton bean 'org.springframework.boot.autoconfigure.web.embedded.EmbeddedWebServerFactoryCustomizerAutoConfiguration$TomcatWebServerFactoryCustomizerConfiguration'
DEBUG 25-08-26 12:36:05[restartedMain] [DefaultListableBeanFactory:954] - Autowiring by type from bean name 'tomcatWebServerFactoryCustomizer' via factory method to bean named 'environment'
DEBUG 25-08-26 12:36:05[restartedMain] [DefaultListableBeanFactory:954] - Autowiring by type from bean name 'tomcatWebServerFactoryCustomizer' via factory method to bean named 'server-org.springframework.boot.autoconfigure.web.ServerProperties'
DEBUG 25-08-26 12:36:05[restartedMain] [DefaultListableBeanFactory:308] - Creating shared instance of singleton bean 'localeCharsetMappingsCustomizer'
DEBUG 25-08-26 12:36:05[restartedMain] [DefaultListableBeanFactory:308] - Creating shared instance of singleton bean 'org.springframework.boot.autoconfigure.web.servlet.HttpEncodingAutoConfiguration'
DEBUG 25-08-26 12:36:05[restartedMain] [DefaultListableBeanFactory:954] - Autowiring by type from bean name 'org.springframework.boot.autoconfigure.web.servlet.HttpEncodingAutoConfiguration' via constructor to bean named 'server-org.springframework.boot.autoconfigure.web.ServerProperties'
DEBUG 25-08-26 12:36:05[restartedMain] [DefaultListableBeanFactory:308] - Creating shared instance of singleton bean 'errorPageCustomizer'
DEBUG 25-08-26 12:36:05[restartedMain] [DefaultListableBeanFactory:308] - Creating shared instance of singleton bean 'org.springframework.boot.autoconfigure.web.servlet.error.ErrorMvcAutoConfiguration'
DEBUG 25-08-26 12:36:05[restartedMain] [DefaultListableBeanFactory:954] - Autowiring by type from bean name 'org.springframework.boot.autoconfigure.web.servlet.error.ErrorMvcAutoConfiguration' via constructor to bean named 'server-org.springframework.boot.autoconfigure.web.ServerProperties'
DEBUG 25-08-26 12:36:05[restartedMain] [DefaultListableBeanFactory:308] - Creating shared instance of singleton bean 'dispatcherServletRegistration'
DEBUG 25-08-26 12:36:05[restartedMain] [DefaultListableBeanFactory:308] - Creating shared instance of singleton bean 'org.springframework.boot.autoconfigure.web.servlet.DispatcherServletAutoConfiguration$DispatcherServletRegistrationConfiguration'
DEBUG 25-08-26 12:36:05[restartedMain] [DefaultListableBeanFactory:308] - Creating shared instance of singleton bean 'dispatcherServlet'
DEBUG 25-08-26 12:36:05[restartedMain] [DefaultListableBeanFactory:308] - Creating shared instance of singleton bean 'org.springframework.boot.autoconfigure.web.servlet.DispatcherServletAutoConfiguration$DispatcherServletConfiguration'
DEBUG 25-08-26 12:36:05[restartedMain] [DefaultListableBeanFactory:308] - Creating shared instance of singleton bean 'spring.mvc-org.springframework.boot.autoconfigure.web.servlet.WebMvcProperties'
DEBUG 25-08-26 12:36:05[restartedMain] [DefaultListableBeanFactory:954] - Autowiring by type from bean name 'dispatcherServlet' via factory method to bean named 'spring.mvc-org.springframework.boot.autoconfigure.web.servlet.WebMvcProperties'
DEBUG 25-08-26 12:36:05[restartedMain] [DefaultListableBeanFactory:954] - Autowiring by type from bean name 'dispatcherServletRegistration' via factory method to bean named 'dispatcherServlet'
DEBUG 25-08-26 12:36:05[restartedMain] [DefaultListableBeanFactory:954] - Autowiring by type from bean name 'dispatcherServletRegistration' via factory method to bean named 'spring.mvc-org.springframework.boot.autoconfigure.web.servlet.WebMvcProperties'
DEBUG 25-08-26 12:36:05[restartedMain] [DefaultListableBeanFactory:308] - Creating shared instance of singleton bean 'multipartConfigElement'
DEBUG 25-08-26 12:36:05[restartedMain] [DefaultListableBeanFactory:308] - Creating shared instance of singleton bean 'org.springframework.boot.autoconfigure.web.servlet.MultipartAutoConfiguration'
DEBUG 25-08-26 12:36:05[restartedMain] [DefaultListableBeanFactory:308] - Creating shared instance of singleton bean 'spring.servlet.multipart-org.springframework.boot.autoconfigure.web.servlet.MultipartProperties'
DEBUG 25-08-26 12:36:05[restartedMain] [DefaultListableBeanFactory:954] - Autowiring by type from bean name 'org.springframework.boot.autoconfigure.web.servlet.MultipartAutoConfiguration' via constructor to bean named 'spring.servlet.multipart-org.springframework.boot.autoconfigure.web.servlet.MultipartProperties'
DEBUG 25-08-26 12:36:05[restartedMain] [DefaultListableBeanFactory:954] - Autowiring by type from bean name 'errorPageCustomizer' via factory method to bean named 'dispatcherServletRegistration'
DEBUG 25-08-26 12:36:05[restartedMain] [TomcatServletWebServerFactory:81] - Code archive: C:\Users\eyese\.m2\repository\org\springframework\boot\spring-boot\3.4.8\spring-boot-3.4.8.jar
DEBUG 25-08-26 12:36:05[restartedMain] [TomcatServletWebServerFactory:125] - Code archive: C:\Users\eyese\.m2\repository\org\springframework\boot\spring-boot\3.4.8\spring-boot-3.4.8.jar
DEBUG 25-08-26 12:36:05[restartedMain] [TomcatServletWebServerFactory:149] - None of the document roots [src/main/webapp, public, static] point to a directory and will be ignored.
INFO  25-08-26 12:36:05[restartedMain] [TomcatWebServer:111] - Tomcat initialized with port 8089 (http)
INFO  25-08-26 12:36:05[restartedMain] [Http11NioProtocol:168] - Initializing ProtocolHandler ["http-nio-8089"]
INFO  25-08-26 12:36:05[restartedMain] [StandardService:168] - Starting service [Tomcat]
INFO  25-08-26 12:36:05[restartedMain] [StandardEngine:168] - Starting Servlet engine: [Apache Tomcat/10.1.43]
INFO  25-08-26 12:36:05[restartedMain] [[/]:168] - Initializing Spring embedded WebApplicationContext
DEBUG 25-08-26 12:36:05[restartedMain] [ServletWebServerApplicationContext:295] - Published root WebApplicationContext as ServletContext attribute with name [org.springframework.web.context.WebApplicationContext.ROOT]
INFO  25-08-26 12:36:05[restartedMain] [ServletWebServerApplicationContext:301] - Root WebApplicationContext: initialization completed in 1633 ms
DEBUG 25-08-26 12:36:05[restartedMain] [DefaultListableBeanFactory:308] - Creating shared instance of singleton bean 'requestContextFilter'
DEBUG 25-08-26 12:36:05[restartedMain] [DefaultListableBeanFactory:308] - Creating shared instance of singleton bean 'formContentFilter'
DEBUG 25-08-26 12:36:05[restartedMain] [DefaultListableBeanFactory:308] - Creating shared instance of singleton bean 'org.springframework.boot.autoconfigure.web.servlet.WebMvcAutoConfiguration'
DEBUG 25-08-26 12:36:05[restartedMain] [DefaultListableBeanFactory:308] - Creating shared instance of singleton bean 'characterEncodingFilter'
DEBUG 25-08-26 12:36:05[restartedMain] [ServletContextInitializerBeans:235] - Mapping filters: characterEncodingFilter urls=[/*] order=-2147483648, formContentFilter urls=[/*] order=-9900, requestContextFilter urls=[/*] order=-105
DEBUG 25-08-26 12:36:05[restartedMain] [ServletContextInitializerBeans:235] - Mapping servlets: dispatcherServlet urls=[/]
DEBUG 25-08-26 12:36:06[restartedMain] [OrderedRequestContextFilter:240] - Filter 'requestContextFilter' configured for use
DEBUG 25-08-26 12:36:06[restartedMain] [OrderedCharacterEncodingFilter:240] - Filter 'characterEncodingFilter' configured for use
DEBUG 25-08-26 12:36:06[restartedMain] [OrderedFormContentFilter:240] - Filter 'formContentFilter' configured for use
DEBUG 25-08-26 12:36:06[restartedMain] [DefaultListableBeanFactory:308] - Creating shared instance of singleton bean 'swimcrudApplication'
DEBUG 25-08-26 12:36:06[restartedMain] [DefaultListableBeanFactory:308] - Creating shared instance of singleton bean 'swimpoolApiController'
DEBUG 25-08-26 12:36:06[restartedMain] [DefaultListableBeanFactory:308] - Creating shared instance of singleton bean 'swimpoolService'
DEBUG 25-08-26 12:36:06[restartedMain] [DefaultListableBeanFactory:308] - Creating shared instance of singleton bean 'swimpoolMapper'
DEBUG 25-08-26 12:36:06[restartedMain] [DefaultListableBeanFactory:308] - Creating shared instance of singleton bean 'dataSourceScriptDatabaseInitializer'
DEBUG 25-08-26 12:36:06[restartedMain] [DefaultListableBeanFactory:308] - Creating shared instance of singleton bean 'org.springframework.boot.autoconfigure.sql.init.DataSourceInitializationConfiguration'
DEBUG 25-08-26 12:36:06[restartedMain] [DefaultListableBeanFactory:308] - Creating shared instance of singleton bean 'dataSource'
DEBUG 25-08-26 12:36:06[restartedMain] [DefaultListableBeanFactory:308] - Creating shared instance of singleton bean 'org.springframework.boot.autoconfigure.jdbc.DataSourceConfiguration$Hikari'
DEBUG 25-08-26 12:36:06[restartedMain] [DefaultListableBeanFactory:308] - Creating shared instance of singleton bean 'spring.datasource-org.springframework.boot.autoconfigure.jdbc.DataSourceProperties'
DEBUG 25-08-26 12:36:06[restartedMain] [DefaultListableBeanFactory:308] - Creating shared instance of singleton bean 'jdbcConnectionDetails'
DEBUG 25-08-26 12:36:06[restartedMain] [DefaultListableBeanFactory:308] - Creating shared instance of singleton bean 'org.springframework.boot.autoconfigure.jdbc.DataSourceAutoConfiguration$PooledDataSourceConfiguration'
DEBUG 25-08-26 12:36:06[restartedMain] [DefaultListableBeanFactory:954] - Autowiring by type from bean name 'jdbcConnectionDetails' via factory method to bean named 'spring.datasource-org.springframework.boot.autoconfigure.jdbc.DataSourceProperties'
DEBUG 25-08-26 12:36:06[restartedMain] [DefaultListableBeanFactory:954] - Autowiring by type from bean name 'dataSource' via factory method to bean named 'spring.datasource-org.springframework.boot.autoconfigure.jdbc.DataSourceProperties'
DEBUG 25-08-26 12:36:06[restartedMain] [DefaultListableBeanFactory:954] - Autowiring by type from bean name 'dataSource' via factory method to bean named 'jdbcConnectionDetails'
DEBUG 25-08-26 12:36:06[restartedMain] [DefaultListableBeanFactory:954] - Autowiring by type from bean name 'dataSource' via factory method to bean named 'environment'
DEBUG 25-08-26 12:36:06[restartedMain] [HikariConfig:974] - Driver class net.sf.log4jdbc.sql.jdbcapi.DriverSpy found in Thread context class loader org.springframework.boot.devtools.restart.classloader.RestartClassLoader@20dc9ac
DEBUG 25-08-26 12:36:06[restartedMain] [debug:372] - log4jdbc-logj2 properties initialization...
DEBUG 25-08-26 12:36:06[restartedMain] [debug:372] - Using logger: null
DEBUG 25-08-26 12:36:06[restartedMain] [debug:372] - x log4jdbc.debug.stack.prefix is not defined
DEBUG 25-08-26 12:36:06[restartedMain] [debug:372] - x log4jdbc.sqltiming.warn.threshold is not defined
DEBUG 25-08-26 12:36:06[restartedMain] [debug:372] - x log4jdbc.sqltiming.error.threshold is not defined
DEBUG 25-08-26 12:36:06[restartedMain] [debug:372] - x log4jdbc.dump.booleanastruefalse is not defined (using default value false)
DEBUG 25-08-26 12:36:06[restartedMain] [debug:372] - x log4jdbc.dump.sql.maxlinelength is not defined (using default of 90)
DEBUG 25-08-26 12:36:06[restartedMain] [debug:372] - x log4jdbc.dump.fulldebugstacktrace is not defined (using default value false)
DEBUG 25-08-26 12:36:06[restartedMain] [debug:372] - x log4jdbc.statement.warn is not defined (using default value false)
DEBUG 25-08-26 12:36:06[restartedMain] [debug:372] - x log4jdbc.dump.sql.select is not defined (using default value true)
DEBUG 25-08-26 12:36:06[restartedMain] [debug:372] - x log4jdbc.dump.sql.insert is not defined (using default value true)
DEBUG 25-08-26 12:36:06[restartedMain] [debug:372] - x log4jdbc.dump.sql.update is not defined (using default value true)
DEBUG 25-08-26 12:36:06[restartedMain] [debug:372] - x log4jdbc.dump.sql.delete is not defined (using default value true)
DEBUG 25-08-26 12:36:06[restartedMain] [debug:372] - x log4jdbc.dump.sql.create is not defined (using default value true)
DEBUG 25-08-26 12:36:06[restartedMain] [debug:372] - x log4jdbc.dump.sql.addsemicolon is not defined (using default value false)
DEBUG 25-08-26 12:36:06[restartedMain] [debug:372] - x log4jdbc.auto.load.popular.drivers is not defined (using default value true)
DEBUG 25-08-26 12:36:06[restartedMain] [debug:372] - x log4jdbc.drivers is not defined
DEBUG 25-08-26 12:36:06[restartedMain] [debug:372] - x log4jdbc.trim.sql is not defined (using default value true)
DEBUG 25-08-26 12:36:06[restartedMain] [debug:372] - x log4jdbc.trim.sql.extrablanklines is not defined (using default value true)
DEBUG 25-08-26 12:36:06[restartedMain] [debug:372] - x log4jdbc.suppress.generated.keys.exception is not defined (using default value false)
DEBUG 25-08-26 12:36:06[restartedMain] [debug:372] - log4jdbc-logj2 properties initialization done.
DEBUG 25-08-26 12:36:06[restartedMain] [debug:372] - DriverSpy intialization...
DEBUG 25-08-26 12:36:06[restartedMain] [debug:372] -   FOUND DRIVER com.mysql.jdbc.Driver
DEBUG 25-08-26 12:36:06[restartedMain] [debug:372] - DriverSpy intialization done.
DEBUG 25-08-26 12:36:06[restartedMain] [DefaultListableBeanFactory:308] - Creating shared instance of singleton bean 'spring.sql.init-org.springframework.boot.autoconfigure.sql.init.SqlInitializationProperties'
DEBUG 25-08-26 12:36:06[restartedMain] [DefaultListableBeanFactory:954] - Autowiring by type from bean name 'dataSourceScriptDatabaseInitializer' via factory method to bean named 'dataSource'
DEBUG 25-08-26 12:36:06[restartedMain] [DefaultListableBeanFactory:954] - Autowiring by type from bean name 'dataSourceScriptDatabaseInitializer' via factory method to bean named 'spring.sql.init-org.springframework.boot.autoconfigure.sql.init.SqlInitializationProperties'
DEBUG 25-08-26 12:36:06[restartedMain] [DefaultListableBeanFactory:308] - Creating shared instance of singleton bean 'sqlSessionTemplate'
DEBUG 25-08-26 12:36:06[restartedMain] [DefaultListableBeanFactory:308] - Creating shared instance of singleton bean 'org.mybatis.spring.boot.autoconfigure.MybatisAutoConfiguration'
DEBUG 25-08-26 12:36:06[restartedMain] [DefaultListableBeanFactory:308] - Creating shared instance of singleton bean 'mybatis-org.mybatis.spring.boot.autoconfigure.MybatisProperties'
DEBUG 25-08-26 12:36:06[restartedMain] [DefaultListableBeanFactory:954] - Autowiring by type from bean name 'org.mybatis.spring.boot.autoconfigure.MybatisAutoConfiguration' via constructor to bean named 'mybatis-org.mybatis.spring.boot.autoconfigure.MybatisProperties'
DEBUG 25-08-26 12:36:06[restartedMain] [DefaultListableBeanFactory:954] - Autowiring by type from bean name 'org.mybatis.spring.boot.autoconfigure.MybatisAutoConfiguration' via constructor to bean named 'org.springframework.boot.web.servlet.context.AnnotationConfigServletWebServerApplicationContext@6a0cb6f6'
DEBUG 25-08-26 12:36:06[restartedMain] [DefaultListableBeanFactory:308] - Creating shared instance of singleton bean 'sqlSessionFactory'
DEBUG 25-08-26 12:36:06[restartedMain] [DefaultListableBeanFactory:954] - Autowiring by type from bean name 'sqlSessionFactory' via factory method to bean named 'dataSource'
DEBUG 25-08-26 12:36:06[restartedMain] [SqlSessionFactoryBean:49] - Parsed mapper file: 'file [C:\Users\eyese\lys_mjc813Exam\swimcrud\target\classes\mapper\swimpool_mysql.xml]'
DEBUG 25-08-26 12:36:06[restartedMain] [DefaultListableBeanFactory:954] - Autowiring by type from bean name 'sqlSessionTemplate' via factory method to bean named 'sqlSessionFactory'
DEBUG 25-08-26 12:36:06[restartedMain] [DefaultListableBeanFactory:308] - Creating shared instance of singleton bean 'menuController'
DEBUG 25-08-26 12:36:06[restartedMain] [DefaultListableBeanFactory:308] - Creating shared instance of singleton bean 'org.springframework.boot.autoconfigure.context.PropertyPlaceholderAutoConfiguration'
DEBUG 25-08-26 12:36:06[restartedMain] [DefaultListableBeanFactory:308] - Creating shared instance of singleton bean 'org.springframework.boot.autoconfigure.websocket.servlet.WebSocketServletAutoConfiguration'
DEBUG 25-08-26 12:36:06[restartedMain] [DefaultListableBeanFactory:308] - Creating shared instance of singleton bean 'org.springframework.boot.autoconfigure.web.servlet.DispatcherServletAutoConfiguration'
DEBUG 25-08-26 12:36:06[restartedMain] [DefaultListableBeanFactory:308] - Creating shared instance of singleton bean 'org.springframework.boot.autoconfigure.task.TaskExecutorConfigurations$ThreadPoolTaskExecutorBuilderConfiguration'
DEBUG 25-08-26 12:36:06[restartedMain] [DefaultListableBeanFactory:308] - Creating shared instance of singleton bean 'threadPoolTaskExecutorBuilder'
DEBUG 25-08-26 12:36:06[restartedMain] [DefaultListableBeanFactory:308] - Creating shared instance of singleton bean 'spring.task.execution-org.springframework.boot.autoconfigure.task.TaskExecutionProperties'
DEBUG 25-08-26 12:36:06[restartedMain] [DefaultListableBeanFactory:954] - Autowiring by type from bean name 'threadPoolTaskExecutorBuilder' via factory method to bean named 'spring.task.execution-org.springframework.boot.autoconfigure.task.TaskExecutionProperties'
DEBUG 25-08-26 12:36:06[restartedMain] [DefaultListableBeanFactory:308] - Creating shared instance of singleton bean 'org.springframework.boot.autoconfigure.task.TaskExecutorConfigurations$SimpleAsyncTaskExecutorBuilderConfiguration'
DEBUG 25-08-26 12:36:06[restartedMain] [DefaultListableBeanFactory:954] - Autowiring by type from bean name 'org.springframework.boot.autoconfigure.task.TaskExecutorConfigurations$SimpleAsyncTaskExecutorBuilderConfiguration' via constructor to bean named 'spring.task.execution-org.springframework.boot.autoconfigure.task.TaskExecutionProperties'
DEBUG 25-08-26 12:36:06[restartedMain] [DefaultListableBeanFactory:308] - Creating shared instance of singleton bean 'simpleAsyncTaskExecutorBuilder'
DEBUG 25-08-26 12:36:06[restartedMain] [DefaultListableBeanFactory:308] - Creating shared instance of singleton bean 'org.springframework.boot.autoconfigure.task.TaskExecutorConfigurations$TaskExecutorConfiguration'
DEBUG 25-08-26 12:36:06[restartedMain] [DefaultListableBeanFactory:308] - Creating shared instance of singleton bean 'org.springframework.boot.autoconfigure.task.TaskExecutionAutoConfiguration'
DEBUG 25-08-26 12:36:06[restartedMain] [DefaultListableBeanFactory:308] - Creating shared instance of singleton bean 'org.springframework.boot.autoconfigure.validation.ValidationAutoConfiguration'
DEBUG 25-08-26 12:36:06[restartedMain] [DefaultListableBeanFactory:308] - Creating shared instance of singleton bean 'defaultValidator'
DEBUG 25-08-26 12:36:06[restartedMain] [DefaultListableBeanFactory:954] - Autowiring by type from bean name 'defaultValidator' via factory method to bean named 'org.springframework.boot.web.servlet.context.AnnotationConfigServletWebServerApplicationContext@6a0cb6f6'
DEBUG 25-08-26 12:36:06[restartedMain] [ResourceBundleMessageInterpolator:175] - Loaded expression factory via original TCCL
DEBUG 25-08-26 12:36:06[restartedMain] [AbstractConfigurationImpl:176] - Setting custom MessageInterpolator of type org.springframework.validation.beanvalidation.LocaleContextMessageInterpolator
DEBUG 25-08-26 12:36:06[restartedMain] [AbstractConfigurationImpl:208] - Setting custom ConstraintValidatorFactory of type org.springframework.validation.beanvalidation.SpringConstraintValidatorFactory
DEBUG 25-08-26 12:36:06[restartedMain] [ValidationXmlParser:122] - Trying to load META-INF/validation.xml for XML based Validator configuration.
DEBUG 25-08-26 12:36:06[restartedMain] [ResourceLoaderHelper:54] - Trying to load META-INF/validation.xml via user class loader
DEBUG 25-08-26 12:36:06[restartedMain] [ResourceLoaderHelper:61] - Trying to load META-INF/validation.xml via TCCL
DEBUG 25-08-26 12:36:06[restartedMain] [ResourceLoaderHelper:67] - Trying to load META-INF/validation.xml via Hibernate Validator's class loader
DEBUG 25-08-26 12:36:06[restartedMain] [ValidationXmlParser:129] - No META-INF/validation.xml found. Using annotation based configuration only.
DEBUG 25-08-26 12:36:06[restartedMain] [TraversableResolvers:61] - Cannot find jakarta.persistence.Persistence on classpath. Assuming non JPA 2 environment. All properties will per default be traversable.
DEBUG 25-08-26 12:36:06[restartedMain] [ValidatorFactoryConfigurationHelper:355] - HV000252: Using org.hibernate.validator.internal.engine.DefaultPropertyNodeNameProvider as property node name provider.
DEBUG 25-08-26 12:36:06[restartedMain] [ValidatorFactoryConfigurationHelper:447] - HV000234: Using org.springframework.validation.beanvalidation.LocaleContextMessageInterpolator as ValidatorFactory-scoped message interpolator.
DEBUG 25-08-26 12:36:06[restartedMain] [ValidatorFactoryConfigurationHelper:448] - HV000234: Using org.hibernate.validator.internal.engine.resolver.TraverseAllTraversableResolver as ValidatorFactory-scoped traversable resolver.
DEBUG 25-08-26 12:36:06[restartedMain] [ValidatorFactoryConfigurationHelper:449] - HV000234: Using org.hibernate.validator.internal.util.ExecutableParameterNameProvider as ValidatorFactory-scoped parameter name provider.
DEBUG 25-08-26 12:36:06[restartedMain] [ValidatorFactoryConfigurationHelper:450] - HV000234: Using org.hibernate.validator.internal.engine.DefaultClockProvider as ValidatorFactory-scoped clock provider.
DEBUG 25-08-26 12:36:06[restartedMain] [ValidatorFactoryConfigurationHelper:451] - HV000234: Using org.hibernate.validator.internal.engine.scripting.DefaultScriptEvaluatorFactory as ValidatorFactory-scoped script evaluator factory.
DEBUG 25-08-26 12:36:06[restartedMain] [DefaultListableBeanFactory:308] - Creating shared instance of singleton bean 'org.springframework.boot.autoconfigure.web.servlet.error.ErrorMvcAutoConfiguration$WhitelabelErrorViewConfiguration'
DEBUG 25-08-26 12:36:06[restartedMain] [DefaultListableBeanFactory:308] - Creating shared instance of singleton bean 'error'
DEBUG 25-08-26 12:36:06[restartedMain] [DefaultListableBeanFactory:308] - Creating shared instance of singleton bean 'beanNameViewResolver'
DEBUG 25-08-26 12:36:06[restartedMain] [DefaultListableBeanFactory:308] - Creating shared instance of singleton bean 'org.springframework.boot.autoconfigure.web.servlet.error.ErrorMvcAutoConfiguration$DefaultErrorViewResolverConfiguration'
DEBUG 25-08-26 12:36:06[restartedMain] [DefaultListableBeanFactory:308] - Creating shared instance of singleton bean 'spring.web-org.springframework.boot.autoconfigure.web.WebProperties'
DEBUG 25-08-26 12:36:06[restartedMain] [DefaultListableBeanFactory:954] - Autowiring by type from bean name 'org.springframework.boot.autoconfigure.web.servlet.error.ErrorMvcAutoConfiguration$DefaultErrorViewResolverConfiguration' via constructor to bean named 'org.springframework.boot.web.servlet.context.AnnotationConfigServletWebServerApplicationContext@6a0cb6f6'
DEBUG 25-08-26 12:36:06[restartedMain] [DefaultListableBeanFactory:954] - Autowiring by type from bean name 'org.springframework.boot.autoconfigure.web.servlet.error.ErrorMvcAutoConfiguration$DefaultErrorViewResolverConfiguration' via constructor to bean named 'spring.web-org.springframework.boot.autoconfigure.web.WebProperties'
DEBUG 25-08-26 12:36:06[restartedMain] [DefaultListableBeanFactory:308] - Creating shared instance of singleton bean 'conventionErrorViewResolver'
DEBUG 25-08-26 12:36:06[restartedMain] [DefaultListableBeanFactory:308] - Creating shared instance of singleton bean 'errorAttributes'
DEBUG 25-08-26 12:36:06[restartedMain] [DefaultListableBeanFactory:308] - Creating shared instance of singleton bean 'basicErrorController'
DEBUG 25-08-26 12:36:06[restartedMain] [DefaultListableBeanFactory:954] - Autowiring by type from bean name 'basicErrorController' via factory method to bean named 'errorAttributes'
DEBUG 25-08-26 12:36:06[restartedMain] [DefaultListableBeanFactory:308] - Creating shared instance of singleton bean 'org.springframework.boot.autoconfigure.web.servlet.WebMvcAutoConfiguration$EnableWebMvcConfiguration'
DEBUG 25-08-26 12:36:06[restartedMain] [DefaultListableBeanFactory:954] - Autowiring by type from bean name 'org.springframework.boot.autoconfigure.web.servlet.WebMvcAutoConfiguration$EnableWebMvcConfiguration' via constructor to bean named 'spring.mvc-org.springframework.boot.autoconfigure.web.servlet.WebMvcProperties'
DEBUG 25-08-26 12:36:06[restartedMain] [DefaultListableBeanFactory:954] - Autowiring by type from bean name 'org.springframework.boot.autoconfigure.web.servlet.WebMvcAutoConfiguration$EnableWebMvcConfiguration' via constructor to bean named 'spring.web-org.springframework.boot.autoconfigure.web.WebProperties'
DEBUG 25-08-26 12:36:06[restartedMain] [DefaultListableBeanFactory:954] - Autowiring by type from bean name 'org.springframework.boot.autoconfigure.web.servlet.WebMvcAutoConfiguration$EnableWebMvcConfiguration' via constructor to bean named 'org.springframework.beans.factory.support.DefaultListableBeanFactory@3e4d0427'
DEBUG 25-08-26 12:36:06[restartedMain] [DefaultListableBeanFactory:308] - Creating shared instance of singleton bean 'org.springframework.boot.autoconfigure.web.servlet.WebMvcAutoConfiguration$WebMvcAutoConfigurationAdapter'
DEBUG 25-08-26 12:36:06[restartedMain] [DefaultListableBeanFactory:954] - Autowiring by type from bean name 'org.springframework.boot.autoconfigure.web.servlet.WebMvcAutoConfiguration$WebMvcAutoConfigurationAdapter' via constructor to bean named 'spring.web-org.springframework.boot.autoconfigure.web.WebProperties'
DEBUG 25-08-26 12:36:06[restartedMain] [DefaultListableBeanFactory:954] - Autowiring by type from bean name 'org.springframework.boot.autoconfigure.web.servlet.WebMvcAutoConfiguration$WebMvcAutoConfigurationAdapter' via constructor to bean named 'spring.mvc-org.springframework.boot.autoconfigure.web.servlet.WebMvcProperties'
DEBUG 25-08-26 12:36:06[restartedMain] [DefaultListableBeanFactory:954] - Autowiring by type from bean name 'org.springframework.boot.autoconfigure.web.servlet.WebMvcAutoConfiguration$WebMvcAutoConfigurationAdapter' via constructor to bean named 'org.springframework.beans.factory.support.DefaultListableBeanFactory@3e4d0427'
DEBUG 25-08-26 12:36:06[restartedMain] [DefaultListableBeanFactory:308] - Creating shared instance of singleton bean 'welcomePageHandlerMapping'
DEBUG 25-08-26 12:36:06[restartedMain] [DefaultListableBeanFactory:308] - Creating shared instance of singleton bean 'mvcConversionService'
DEBUG 25-08-26 12:36:06[restartedMain] [DefaultListableBeanFactory:308] - Creating shared instance of singleton bean 'mvcResourceUrlProvider'
DEBUG 25-08-26 12:36:06[restartedMain] [DefaultListableBeanFactory:954] - Autowiring by type from bean name 'welcomePageHandlerMapping' via factory method to bean named 'org.springframework.boot.web.servlet.context.AnnotationConfigServletWebServerApplicationContext@6a0cb6f6'
DEBUG 25-08-26 12:36:06[restartedMain] [DefaultListableBeanFactory:954] - Autowiring by type from bean name 'welcomePageHandlerMapping' via factory method to bean named 'mvcConversionService'
DEBUG 25-08-26 12:36:06[restartedMain] [DefaultListableBeanFactory:954] - Autowiring by type from bean name 'welcomePageHandlerMapping' via factory method to bean named 'mvcResourceUrlProvider'
INFO  25-08-26 12:36:06[restartedMain] [WelcomePageHandlerMapping:59] - Adding welcome page template: index
DEBUG 25-08-26 12:36:06[restartedMain] [DefaultListableBeanFactory:308] - Creating shared instance of singleton bean 'welcomePageNotAcceptableHandlerMapping'
DEBUG 25-08-26 12:36:06[restartedMain] [DefaultListableBeanFactory:954] - Autowiring by type from bean name 'welcomePageNotAcceptableHandlerMapping' via factory method to bean named 'org.springframework.boot.web.servlet.context.AnnotationConfigServletWebServerApplicationContext@6a0cb6f6'
DEBUG 25-08-26 12:36:06[restartedMain] [DefaultListableBeanFactory:954] - Autowiring by type from bean name 'welcomePageNotAcceptableHandlerMapping' via factory method to bean named 'mvcConversionService'
DEBUG 25-08-26 12:36:06[restartedMain] [DefaultListableBeanFactory:954] - Autowiring by type from bean name 'welcomePageNotAcceptableHandlerMapping' via factory method to bean named 'mvcResourceUrlProvider'
DEBUG 25-08-26 12:36:06[restartedMain] [DefaultListableBeanFactory:308] - Creating shared instance of singleton bean 'localeResolver'
DEBUG 25-08-26 12:36:06[restartedMain] [DefaultListableBeanFactory:308] - Creating shared instance of singleton bean 'themeResolver'
DEBUG 25-08-26 12:36:06[restartedMain] [DefaultListableBeanFactory:308] - Creating shared instance of singleton bean 'flashMapManager'
DEBUG 25-08-26 12:36:06[restartedMain] [DefaultListableBeanFactory:308] - Creating shared instance of singleton bean 'viewNameTranslator'
DEBUG 25-08-26 12:36:06[restartedMain] [DefaultListableBeanFactory:308] - Creating shared instance of singleton bean 'mvcValidator'
DEBUG 25-08-26 12:36:06[restartedMain] [DefaultListableBeanFactory:308] - Creating shared instance of singleton bean 'mvcContentNegotiationManager'
DEBUG 25-08-26 12:36:06[restartedMain] [DefaultListableBeanFactory:308] - Creating shared instance of singleton bean 'requestMappingHandlerMapping'
DEBUG 25-08-26 12:36:06[restartedMain] [DefaultListableBeanFactory:954] - Autowiring by type from bean name 'requestMappingHandlerMapping' via factory method to bean named 'mvcContentNegotiationManager'
DEBUG 25-08-26 12:36:06[restartedMain] [DefaultListableBeanFactory:954] - Autowiring by type from bean name 'requestMappingHandlerMapping' via factory method to bean named 'mvcConversionService'
DEBUG 25-08-26 12:36:06[restartedMain] [DefaultListableBeanFactory:954] - Autowiring by type from bean name 'requestMappingHandlerMapping' via factory method to bean named 'mvcResourceUrlProvider'
DEBUG 25-08-26 12:36:06[restartedMain] [Mappings:294] - 
	c.m.s.s.a.SwimpoolApiController:
	{PATCH [/swimpool/{id}]}: update(Integer,SwimpoolDto)
	{POST [/swimpool]}: insert(SwimpoolDto)
	{GET [/swimpool/list]}: list()
	{DELETE [/swimpool/{id}]}: delete(Integer)
	{GET [/swimpool/{id}]}: getOne(Integer)
DEBUG 25-08-26 12:36:06[restartedMain] [Mappings:294] - 
	c.m.s.s.c.MenuController:
	{GET [/swimpool]}: swimpoolMenu()
DEBUG 25-08-26 12:36:06[restartedMain] [Mappings:294] - 
	o.s.b.a.w.s.e.BasicErrorController:
	{ [/error], produces [text/html]}: errorHtml(HttpServletRequest,HttpServletResponse)
	{ [/error]}: error(HttpServletRequest)
DEBUG 25-08-26 12:36:06[restartedMain] [RequestMappingHandlerMapping:366] - 8 mappings in 'requestMappingHandlerMapping'
DEBUG 25-08-26 12:36:06[restartedMain] [DefaultListableBeanFactory:308] - Creating shared instance of singleton bean 'mvcPatternParser'
DEBUG 25-08-26 12:36:06[restartedMain] [DefaultListableBeanFactory:308] - Creating shared instance of singleton bean 'mvcUrlPathHelper'
DEBUG 25-08-26 12:36:06[restartedMain] [DefaultListableBeanFactory:308] - Creating shared instance of singleton bean 'mvcPathMatcher'
DEBUG 25-08-26 12:36:06[restartedMain] [DefaultListableBeanFactory:308] - Creating shared instance of singleton bean 'viewControllerHandlerMapping'
DEBUG 25-08-26 12:36:06[restartedMain] [DefaultListableBeanFactory:954] - Autowiring by type from bean name 'viewControllerHandlerMapping' via factory method to bean named 'mvcConversionService'
DEBUG 25-08-26 12:36:06[restartedMain] [DefaultListableBeanFactory:954] - Autowiring by type from bean name 'viewControllerHandlerMapping' via factory method to bean named 'mvcResourceUrlProvider'
DEBUG 25-08-26 12:36:06[restartedMain] [DefaultListableBeanFactory:308] - Creating shared instance of singleton bean 'beanNameHandlerMapping'
DEBUG 25-08-26 12:36:06[restartedMain] [DefaultListableBeanFactory:954] - Autowiring by type from bean name 'beanNameHandlerMapping' via factory method to bean named 'mvcConversionService'
DEBUG 25-08-26 12:36:06[restartedMain] [DefaultListableBeanFactory:954] - Autowiring by type from bean name 'beanNameHandlerMapping' via factory method to bean named 'mvcResourceUrlProvider'
DEBUG 25-08-26 12:36:06[restartedMain] [Mappings:86] - 'beanNameHandlerMapping' {}
DEBUG 25-08-26 12:36:06[restartedMain] [DefaultListableBeanFactory:308] - Creating shared instance of singleton bean 'routerFunctionMapping'
DEBUG 25-08-26 12:36:06[restartedMain] [DefaultListableBeanFactory:954] - Autowiring by type from bean name 'routerFunctionMapping' via factory method to bean named 'mvcConversionService'
DEBUG 25-08-26 12:36:06[restartedMain] [DefaultListableBeanFactory:954] - Autowiring by type from bean name 'routerFunctionMapping' via factory method to bean named 'mvcResourceUrlProvider'
DEBUG 25-08-26 12:36:06[restartedMain] [DefaultListableBeanFactory:308] - Creating shared instance of singleton bean 'messageConverters'
DEBUG 25-08-26 12:36:06[restartedMain] [DefaultListableBeanFactory:308] - Creating shared instance of singleton bean 'org.springframework.boot.autoconfigure.http.HttpMessageConvertersAutoConfiguration'
DEBUG 25-08-26 12:36:06[restartedMain] [DefaultListableBeanFactory:308] - Creating shared instance of singleton bean 'stringHttpMessageConverter'
DEBUG 25-08-26 12:36:06[restartedMain] [DefaultListableBeanFactory:308] - Creating shared instance of singleton bean 'org.springframework.boot.autoconfigure.http.HttpMessageConvertersAutoConfiguration$StringHttpMessageConverterConfiguration'
DEBUG 25-08-26 12:36:06[restartedMain] [DefaultListableBeanFactory:954] - Autowiring by type from bean name 'stringHttpMessageConverter' via factory method to bean named 'environment'
DEBUG 25-08-26 12:36:06[restartedMain] [DefaultListableBeanFactory:308] - Creating shared instance of singleton bean 'mappingJackson2HttpMessageConverter'
DEBUG 25-08-26 12:36:06[restartedMain] [DefaultListableBeanFactory:308] - Creating shared instance of singleton bean 'org.springframework.boot.autoconfigure.http.JacksonHttpMessageConvertersConfiguration$MappingJackson2HttpMessageConverterConfiguration'
DEBUG 25-08-26 12:36:06[restartedMain] [DefaultListableBeanFactory:308] - Creating shared instance of singleton bean 'jacksonObjectMapper'
DEBUG 25-08-26 12:36:06[restartedMain] [DefaultListableBeanFactory:308] - Creating shared instance of singleton bean 'org.springframework.boot.autoconfigure.jackson.JacksonAutoConfiguration$JacksonObjectMapperConfiguration'
DEBUG 25-08-26 12:36:06[restartedMain] [DefaultListableBeanFactory:308] - Creating shared instance of singleton bean 'org.springframework.boot.autoconfigure.jackson.JacksonAutoConfiguration$JacksonObjectMapperBuilderConfiguration'
DEBUG 25-08-26 12:36:06[restartedMain] [DefaultListableBeanFactory:308] - Creating shared instance of singleton bean 'standardJacksonObjectMapperBuilderCustomizer'
DEBUG 25-08-26 12:36:06[restartedMain] [DefaultListableBeanFactory:308] - Creating shared instance of singleton bean 'org.springframework.boot.autoconfigure.jackson.JacksonAutoConfiguration$Jackson2ObjectMapperBuilderCustomizerConfiguration'
DEBUG 25-08-26 12:36:06[restartedMain] [DefaultListableBeanFactory:308] - Creating shared instance of singleton bean 'spring.jackson-org.springframework.boot.autoconfigure.jackson.JacksonProperties'
DEBUG 25-08-26 12:36:06[restartedMain] [DefaultListableBeanFactory:954] - Autowiring by type from bean name 'standardJacksonObjectMapperBuilderCustomizer' via factory method to bean named 'spring.jackson-org.springframework.boot.autoconfigure.jackson.JacksonProperties'
DEBUG 25-08-26 12:36:06[restartedMain] [DefaultListableBeanFactory:308] - Creating shared instance of singleton bean 'parameterNamesModule'
DEBUG 25-08-26 12:36:06[restartedMain] [DefaultListableBeanFactory:308] - Creating shared instance of singleton bean 'org.springframework.boot.autoconfigure.jackson.JacksonAutoConfiguration$ParameterNamesModuleConfiguration'
DEBUG 25-08-26 12:36:06[restartedMain] [DefaultListableBeanFactory:308] - Creating shared instance of singleton bean 'jsonMixinModule'
DEBUG 25-08-26 12:36:06[restartedMain] [DefaultListableBeanFactory:308] - Creating shared instance of singleton bean 'org.springframework.boot.autoconfigure.jackson.JacksonAutoConfiguration$JacksonMixinConfiguration'
DEBUG 25-08-26 12:36:06[restartedMain] [DefaultListableBeanFactory:308] - Creating shared instance of singleton bean 'jsonMixinModuleEntries'
DEBUG 25-08-26 12:36:06[restartedMain] [DefaultListableBeanFactory:954] - Autowiring by type from bean name 'jsonMixinModuleEntries' via factory method to bean named 'org.springframework.boot.web.servlet.context.AnnotationConfigServletWebServerApplicationContext@6a0cb6f6'
DEBUG 25-08-26 12:36:06[restartedMain] [DefaultListableBeanFactory:954] - Autowiring by type from bean name 'jsonMixinModule' via factory method to bean named 'org.springframework.boot.web.servlet.context.AnnotationConfigServletWebServerApplicationContext@6a0cb6f6'
DEBUG 25-08-26 12:36:06[restartedMain] [DefaultListableBeanFactory:954] - Autowiring by type from bean name 'jsonMixinModule' via factory method to bean named 'jsonMixinModuleEntries'
DEBUG 25-08-26 12:36:06[restartedMain] [DefaultListableBeanFactory:308] - Creating shared instance of singleton bean 'jsonComponentModule'
DEBUG 25-08-26 12:36:06[restartedMain] [DefaultListableBeanFactory:308] - Creating shared instance of singleton bean 'org.springframework.boot.autoconfigure.jackson.JacksonAutoConfiguration'
DEBUG 25-08-26 12:36:06[restartedMain] [DefaultListableBeanFactory:954] - Autowiring by type from bean name 'jacksonObjectMapperBuilder' via factory method to bean named 'org.springframework.boot.web.servlet.context.AnnotationConfigServletWebServerApplicationContext@6a0cb6f6'
DEBUG 25-08-26 12:36:06[restartedMain] [DefaultListableBeanFactory:954] - Autowiring by type from bean name 'jacksonObjectMapperBuilder' via factory method to bean named 'standardJacksonObjectMapperBuilderCustomizer'
DEBUG 25-08-26 12:36:06[restartedMain] [DefaultListableBeanFactory:954] - Autowiring by type from bean name 'jacksonObjectMapper' via factory method to bean named 'jacksonObjectMapperBuilder'
DEBUG 25-08-26 12:36:06[restartedMain] [DefaultListableBeanFactory:954] - Autowiring by type from bean name 'mappingJackson2HttpMessageConverter' via factory method to bean named 'jacksonObjectMapper'
DEBUG 25-08-26 12:36:06[restartedMain] [DefaultListableBeanFactory:308] - Creating shared instance of singleton bean 'resourceHandlerMapping'
DEBUG 25-08-26 12:36:06[restartedMain] [DefaultListableBeanFactory:954] - Autowiring by type from bean name 'resourceHandlerMapping' via factory method to bean named 'mvcContentNegotiationManager'
DEBUG 25-08-26 12:36:06[restartedMain] [DefaultListableBeanFactory:954] - Autowiring by type from bean name 'resourceHandlerMapping' via factory method to bean named 'mvcConversionService'
DEBUG 25-08-26 12:36:06[restartedMain] [DefaultListableBeanFactory:954] - Autowiring by type from bean name 'resourceHandlerMapping' via factory method to bean named 'mvcResourceUrlProvider'
DEBUG 25-08-26 12:36:06[restartedMain] [Mappings:176] - 'resourceHandlerMapping' {/webjars/**=ResourceHttpRequestHandler [classpath [META-INF/resources/webjars/]], /**=ResourceHttpRequestHandler [classpath [META-INF/resources/], classpath [resources/], classpath [static/], classpath [public/], ServletContext [/]]}
DEBUG 25-08-26 12:36:06[restartedMain] [DefaultListableBeanFactory:308] - Creating shared instance of singleton bean 'defaultServletHandlerMapping'
DEBUG 25-08-26 12:36:06[restartedMain] [DefaultListableBeanFactory:308] - Creating shared instance of singleton bean 'requestMappingHandlerAdapter'
DEBUG 25-08-26 12:36:06[restartedMain] [DefaultListableBeanFactory:954] - Autowiring by type from bean name 'requestMappingHandlerAdapter' via factory method to bean named 'mvcContentNegotiationManager'
DEBUG 25-08-26 12:36:06[restartedMain] [DefaultListableBeanFactory:954] - Autowiring by type from bean name 'requestMappingHandlerAdapter' via factory method to bean named 'mvcConversionService'
DEBUG 25-08-26 12:36:06[restartedMain] [DefaultListableBeanFactory:954] - Autowiring by type from bean name 'requestMappingHandlerAdapter' via factory method to bean named 'mvcValidator'
DEBUG 25-08-26 12:36:06[restartedMain] [DefaultListableBeanFactory:308] - Creating shared instance of singleton bean 'applicationTaskExecutor'
DEBUG 25-08-26 12:36:06[restartedMain] [DefaultListableBeanFactory:954] - Autowiring by type from bean name 'applicationTaskExecutor' via factory method to bean named 'threadPoolTaskExecutorBuilder'
DEBUG 25-08-26 12:36:06[restartedMain] [ThreadPoolTaskExecutor:304] - Initializing ExecutorService 'applicationTaskExecutor'
DEBUG 25-08-26 12:36:06[restartedMain] [RequestMappingHandlerAdapter:666] - ControllerAdvice beans: 0 @ModelAttribute, 0 @InitBinder, 1 RequestBodyAdvice, 1 ResponseBodyAdvice
DEBUG 25-08-26 12:36:06[restartedMain] [DefaultListableBeanFactory:308] - Creating shared instance of singleton bean 'mvcViewResolver'
DEBUG 25-08-26 12:36:06[restartedMain] [DefaultListableBeanFactory:954] - Autowiring by type from bean name 'mvcViewResolver' via factory method to bean named 'mvcContentNegotiationManager'
DEBUG 25-08-26 12:36:06[restartedMain] [DefaultListableBeanFactory:308] - Creating shared instance of singleton bean 'defaultViewResolver'
DEBUG 25-08-26 12:36:06[restartedMain] [DefaultListableBeanFactory:308] - Creating shared instance of singleton bean 'viewResolver'
DEBUG 25-08-26 12:36:06[restartedMain] [DefaultListableBeanFactory:954] - Autowiring by type from bean name 'viewResolver' via factory method to bean named 'org.springframework.beans.factory.support.DefaultListableBeanFactory@3e4d0427'
DEBUG 25-08-26 12:36:06[restartedMain] [DefaultListableBeanFactory:308] - Creating shared instance of singleton bean 'viewResolver'
DEBUG 25-08-26 12:36:06[restartedMain] [DefaultListableBeanFactory:308] - Creating shared instance of singleton bean 'mustacheViewResolver'
DEBUG 25-08-26 12:36:06[restartedMain] [DefaultListableBeanFactory:308] - Creating shared instance of singleton bean 'org.springframework.boot.autoconfigure.mustache.MustacheServletWebConfiguration'
DEBUG 25-08-26 12:36:06[restartedMain] [DefaultListableBeanFactory:308] - Creating shared instance of singleton bean 'mustacheCompiler'
DEBUG 25-08-26 12:36:06[restartedMain] [DefaultListableBeanFactory:308] - Creating shared instance of singleton bean 'org.springframework.boot.autoconfigure.mustache.MustacheAutoConfiguration'
DEBUG 25-08-26 12:36:06[restartedMain] [DefaultListableBeanFactory:308] - Creating shared instance of singleton bean 'spring.mustache-org.springframework.boot.autoconfigure.mustache.MustacheProperties'
DEBUG 25-08-26 12:36:06[restartedMain] [DefaultListableBeanFactory:954] - Autowiring by type from bean name 'org.springframework.boot.autoconfigure.mustache.MustacheAutoConfiguration' via constructor to bean named 'spring.mustache-org.springframework.boot.autoconfigure.mustache.MustacheProperties'
DEBUG 25-08-26 12:36:06[restartedMain] [DefaultListableBeanFactory:954] - Autowiring by type from bean name 'org.springframework.boot.autoconfigure.mustache.MustacheAutoConfiguration' via constructor to bean named 'org.springframework.boot.web.servlet.context.AnnotationConfigServletWebServerApplicationContext@6a0cb6f6'
DEBUG 25-08-26 12:36:06[restartedMain] [DefaultListableBeanFactory:308] - Creating shared instance of singleton bean 'mustacheTemplateLoader'
DEBUG 25-08-26 12:36:06[restartedMain] [DefaultListableBeanFactory:954] - Autowiring by type from bean name 'mustacheCompiler' via factory method to bean named 'mustacheTemplateLoader'
DEBUG 25-08-26 12:36:06[restartedMain] [DefaultListableBeanFactory:954] - Autowiring by type from bean name 'mustacheViewResolver' via factory method to bean named 'mustacheCompiler'
DEBUG 25-08-26 12:36:06[restartedMain] [DefaultListableBeanFactory:954] - Autowiring by type from bean name 'mustacheViewResolver' via factory method to bean named 'spring.mustache-org.springframework.boot.autoconfigure.mustache.MustacheProperties'
DEBUG 25-08-26 12:36:06[restartedMain] [DefaultListableBeanFactory:308] - Creating shared instance of singleton bean 'handlerFunctionAdapter'
DEBUG 25-08-26 12:36:06[restartedMain] [DefaultListableBeanFactory:308] - Creating shared instance of singleton bean 'mvcUriComponentsContributor'
DEBUG 25-08-26 12:36:06[restartedMain] [DefaultListableBeanFactory:954] - Autowiring by type from bean name 'mvcUriComponentsContributor' via factory method to bean named 'mvcConversionService'
DEBUG 25-08-26 12:36:06[restartedMain] [DefaultListableBeanFactory:954] - Autowiring by type from bean name 'mvcUriComponentsContributor' via factory method to bean named 'requestMappingHandlerAdapter'
DEBUG 25-08-26 12:36:06[restartedMain] [DefaultListableBeanFactory:308] - Creating shared instance of singleton bean 'httpRequestHandlerAdapter'
DEBUG 25-08-26 12:36:06[restartedMain] [DefaultListableBeanFactory:308] - Creating shared instance of singleton bean 'simpleControllerHandlerAdapter'
DEBUG 25-08-26 12:36:06[restartedMain] [DefaultListableBeanFactory:308] - Creating shared instance of singleton bean 'handlerExceptionResolver'
DEBUG 25-08-26 12:36:06[restartedMain] [DefaultListableBeanFactory:954] - Autowiring by type from bean name 'handlerExceptionResolver' via factory method to bean named 'mvcContentNegotiationManager'
DEBUG 25-08-26 12:36:06[restartedMain] [ExceptionHandlerExceptionResolver:336] - ControllerAdvice beans: 0 @ExceptionHandler, 1 ResponseBodyAdvice
DEBUG 25-08-26 12:36:06[restartedMain] [DefaultListableBeanFactory:308] - Creating shared instance of singleton bean 'org.mybatis.spring.boot.autoconfigure.MybatisLanguageDriverAutoConfiguration'
DEBUG 25-08-26 12:36:06[restartedMain] [DefaultListableBeanFactory:308] - Creating shared instance of singleton bean 'org.springframework.boot.autoconfigure.jdbc.DataSourceJmxConfiguration$Hikari'
DEBUG 25-08-26 12:36:06[restartedMain] [DefaultListableBeanFactory:954] - Autowiring by type from bean name 'org.springframework.boot.autoconfigure.jdbc.DataSourceJmxConfiguration$Hikari' via constructor to bean named 'dataSource'
DEBUG 25-08-26 12:36:07[restartedMain] [DefaultListableBeanFactory:308] - Creating shared instance of singleton bean 'org.springframework.boot.autoconfigure.jdbc.DataSourceJmxConfiguration'
DEBUG 25-08-26 12:36:07[restartedMain] [DefaultListableBeanFactory:308] - Creating shared instance of singleton bean 'org.springframework.boot.autoconfigure.jdbc.metadata.DataSourcePoolMetadataProvidersConfiguration$HikariPoolDataSourceMetadataProviderConfiguration'
DEBUG 25-08-26 12:36:07[restartedMain] [DefaultListableBeanFactory:308] - Creating shared instance of singleton bean 'hikariPoolDataSourceMetadataProvider'
DEBUG 25-08-26 12:36:07[restartedMain] [DefaultListableBeanFactory:308] - Creating shared instance of singleton bean 'org.springframework.boot.autoconfigure.jdbc.metadata.DataSourcePoolMetadataProvidersConfiguration'
DEBUG 25-08-26 12:36:07[restartedMain] [DefaultListableBeanFactory:308] - Creating shared instance of singleton bean 'org.springframework.boot.autoconfigure.jdbc.DataSourceAutoConfiguration'
DEBUG 25-08-26 12:36:07[restartedMain] [DefaultListableBeanFactory:308] - Creating shared instance of singleton bean 'org.mybatis.spring.boot.autoconfigure.MybatisAutoConfiguration$MapperScannerRegistrarNotFoundConfiguration'
DEBUG 25-08-26 12:36:07[restartedMain] [MybatisAutoConfiguration:319] - Not found configuration for registering mapper bean using @MapperScan, MapperFactoryBean and MapperScannerConfigurer.
DEBUG 25-08-26 12:36:07[restartedMain] [DefaultListableBeanFactory:308] - Creating shared instance of singleton bean 'org.springframework.boot.autoconfigure.jmx.JmxAutoConfiguration'
DEBUG 25-08-26 12:36:07[restartedMain] [DefaultListableBeanFactory:308] - Creating shared instance of singleton bean 'spring.jmx-org.springframework.boot.autoconfigure.jmx.JmxProperties'
DEBUG 25-08-26 12:36:07[restartedMain] [DefaultListableBeanFactory:954] - Autowiring by type from bean name 'org.springframework.boot.autoconfigure.jmx.JmxAutoConfiguration' via constructor to bean named 'spring.jmx-org.springframework.boot.autoconfigure.jmx.JmxProperties'
DEBUG 25-08-26 12:36:07[restartedMain] [DefaultListableBeanFactory:308] - Creating shared instance of singleton bean 'mbeanExporter'
DEBUG 25-08-26 12:36:07[restartedMain] [DefaultListableBeanFactory:308] - Creating shared instance of singleton bean 'objectNamingStrategy'
DEBUG 25-08-26 12:36:07[restartedMain] [DefaultListableBeanFactory:954] - Autowiring by type from bean name 'mbeanExporter' via factory method to bean named 'objectNamingStrategy'
DEBUG 25-08-26 12:36:07[restartedMain] [DefaultListableBeanFactory:954] - Autowiring by type from bean name 'mbeanExporter' via factory method to bean named 'org.springframework.beans.factory.support.DefaultListableBeanFactory@3e4d0427'
DEBUG 25-08-26 12:36:07[restartedMain] [DefaultListableBeanFactory:308] - Creating shared instance of singleton bean 'mbeanServer'
DEBUG 25-08-26 12:36:07[restartedMain] [JmxUtils:127] - Found MBeanServer: com.sun.jmx.mbeanserver.JmxMBeanServer@2fd66ad3
DEBUG 25-08-26 12:36:07[restartedMain] [DefaultListableBeanFactory:308] - Creating shared instance of singleton bean 'org.springframework.boot.autoconfigure.admin.SpringApplicationAdminJmxAutoConfiguration'
DEBUG 25-08-26 12:36:07[restartedMain] [DefaultListableBeanFactory:308] - Creating shared instance of singleton bean 'springApplicationAdminRegistrar'
DEBUG 25-08-26 12:36:07[restartedMain] [DefaultListableBeanFactory:954] - Autowiring by type from bean name 'springApplicationAdminRegistrar' via factory method to bean named 'environment'
DEBUG 25-08-26 12:36:07[restartedMain] [SpringApplicationAdminMXBeanRegistrar$SpringApplicationAdmin:131] - Application Admin MBean registered with name 'org.springframework.boot:type=Admin,name=SpringApplication'
DEBUG 25-08-26 12:36:07[restartedMain] [DefaultListableBeanFactory:308] - Creating shared instance of singleton bean 'org.springframework.boot.autoconfigure.aop.AopAutoConfiguration$ClassProxyingConfiguration'
DEBUG 25-08-26 12:36:07[restartedMain] [DefaultListableBeanFactory:308] - Creating shared instance of singleton bean 'org.springframework.boot.autoconfigure.aop.AopAutoConfiguration'
DEBUG 25-08-26 12:36:07[restartedMain] [DefaultListableBeanFactory:308] - Creating shared instance of singleton bean 'org.springframework.boot.autoconfigure.availability.ApplicationAvailabilityAutoConfiguration'
DEBUG 25-08-26 12:36:07[restartedMain] [DefaultListableBeanFactory:308] - Creating shared instance of singleton bean 'applicationAvailability'
DEBUG 25-08-26 12:36:07[restartedMain] [DefaultListableBeanFactory:308] - Creating shared instance of singleton bean 'org.springframework.boot.autoconfigure.transaction.TransactionManagerCustomizationAutoConfiguration'
DEBUG 25-08-26 12:36:07[restartedMain] [DefaultListableBeanFactory:308] - Creating shared instance of singleton bean 'platformTransactionManagerCustomizers'
DEBUG 25-08-26 12:36:07[restartedMain] [DefaultListableBeanFactory:308] - Creating shared instance of singleton bean 'transactionExecutionListeners'
DEBUG 25-08-26 12:36:07[restartedMain] [DefaultListableBeanFactory:308] - Creating shared instance of singleton bean 'spring.transaction-org.springframework.boot.autoconfigure.transaction.TransactionProperties'
DEBUG 25-08-26 12:36:07[restartedMain] [DefaultListableBeanFactory:308] - Creating shared instance of singleton bean 'org.springframework.boot.autoconfigure.context.ConfigurationPropertiesAutoConfiguration'
DEBUG 25-08-26 12:36:07[restartedMain] [DefaultListableBeanFactory:308] - Creating shared instance of singleton bean 'org.springframework.boot.autoconfigure.context.LifecycleAutoConfiguration'
DEBUG 25-08-26 12:36:07[restartedMain] [DefaultListableBeanFactory:308] - Creating shared instance of singleton bean 'lifecycleProcessor'
DEBUG 25-08-26 12:36:07[restartedMain] [DefaultListableBeanFactory:308] - Creating shared instance of singleton bean 'spring.lifecycle-org.springframework.boot.autoconfigure.context.LifecycleProperties'
DEBUG 25-08-26 12:36:07[restartedMain] [DefaultListableBeanFactory:954] - Autowiring by type from bean name 'lifecycleProcessor' via factory method to bean named 'spring.lifecycle-org.springframework.boot.autoconfigure.context.LifecycleProperties'
DEBUG 25-08-26 12:36:07[restartedMain] [DefaultListableBeanFactory:308] - Creating shared instance of singleton bean 'org.springframework.boot.autoconfigure.dao.PersistenceExceptionTranslationAutoConfiguration'
DEBUG 25-08-26 12:36:07[restartedMain] [DefaultListableBeanFactory:308] - Creating shared instance of singleton bean 'org.springframework.boot.autoconfigure.http.JacksonHttpMessageConvertersConfiguration'
DEBUG 25-08-26 12:36:07[restartedMain] [DefaultListableBeanFactory:308] - Creating shared instance of singleton bean 'org.springframework.boot.autoconfigure.http.client.HttpClientAutoConfiguration'
DEBUG 25-08-26 12:36:07[restartedMain] [DefaultListableBeanFactory:308] - Creating shared instance of singleton bean 'clientHttpRequestFactoryBuilder'
DEBUG 25-08-26 12:36:07[restartedMain] [DefaultListableBeanFactory:308] - Creating shared instance of singleton bean 'spring.http.client-org.springframework.boot.autoconfigure.http.client.HttpClientProperties'
DEBUG 25-08-26 12:36:07[restartedMain] [DefaultListableBeanFactory:954] - Autowiring by type from bean name 'clientHttpRequestFactoryBuilder' via factory method to bean named 'spring.http.client-org.springframework.boot.autoconfigure.http.client.HttpClientProperties'
DEBUG 25-08-26 12:36:07[restartedMain] [DefaultListableBeanFactory:308] - Creating shared instance of singleton bean 'clientHttpRequestFactorySettings'
DEBUG 25-08-26 12:36:07[restartedMain] [DefaultListableBeanFactory:954] - Autowiring by type from bean name 'clientHttpRequestFactorySettings' via factory method to bean named 'spring.http.client-org.springframework.boot.autoconfigure.http.client.HttpClientProperties'
DEBUG 25-08-26 12:36:07[restartedMain] [DefaultListableBeanFactory:308] - Creating shared instance of singleton bean 'org.springframework.boot.autoconfigure.info.ProjectInfoAutoConfiguration'
DEBUG 25-08-26 12:36:07[restartedMain] [DefaultListableBeanFactory:308] - Creating shared instance of singleton bean 'spring.info-org.springframework.boot.autoconfigure.info.ProjectInfoProperties'
DEBUG 25-08-26 12:36:07[restartedMain] [DefaultListableBeanFactory:954] - Autowiring by type from bean name 'org.springframework.boot.autoconfigure.info.ProjectInfoAutoConfiguration' via constructor to bean named 'spring.info-org.springframework.boot.autoconfigure.info.ProjectInfoProperties'
DEBUG 25-08-26 12:36:07[restartedMain] [DefaultListableBeanFactory:308] - Creating shared instance of singleton bean 'org.springframework.boot.autoconfigure.jdbc.JdbcTemplateConfiguration'
DEBUG 25-08-26 12:36:07[restartedMain] [DefaultListableBeanFactory:308] - Creating shared instance of singleton bean 'jdbcTemplate'
DEBUG 25-08-26 12:36:07[restartedMain] [DefaultListableBeanFactory:308] - Creating shared instance of singleton bean 'spring.jdbc-org.springframework.boot.autoconfigure.jdbc.JdbcProperties'
DEBUG 25-08-26 12:36:07[restartedMain] [DefaultListableBeanFactory:954] - Autowiring by type from bean name 'jdbcTemplate' via factory method to bean named 'dataSource'
DEBUG 25-08-26 12:36:07[restartedMain] [DefaultListableBeanFactory:954] - Autowiring by type from bean name 'jdbcTemplate' via factory method to bean named 'spring.jdbc-org.springframework.boot.autoconfigure.jdbc.JdbcProperties'
DEBUG 25-08-26 12:36:07[restartedMain] [DefaultListableBeanFactory:308] - Creating shared instance of singleton bean 'org.springframework.boot.autoconfigure.jdbc.NamedParameterJdbcTemplateConfiguration'
DEBUG 25-08-26 12:36:07[restartedMain] [DefaultListableBeanFactory:308] - Creating shared instance of singleton bean 'namedParameterJdbcTemplate'
DEBUG 25-08-26 12:36:07[restartedMain] [DefaultListableBeanFactory:954] - Autowiring by type from bean name 'namedParameterJdbcTemplate' via factory method to bean named 'jdbcTemplate'
DEBUG 25-08-26 12:36:07[restartedMain] [DefaultListableBeanFactory:308] - Creating shared instance of singleton bean 'org.springframework.boot.autoconfigure.jdbc.JdbcTemplateAutoConfiguration'
DEBUG 25-08-26 12:36:07[restartedMain] [DefaultListableBeanFactory:308] - Creating shared instance of singleton bean 'org.springframework.boot.autoconfigure.jdbc.JdbcClientAutoConfiguration'
DEBUG 25-08-26 12:36:07[restartedMain] [DefaultListableBeanFactory:308] - Creating shared instance of singleton bean 'jdbcClient'
DEBUG 25-08-26 12:36:07[restartedMain] [DefaultListableBeanFactory:954] - Autowiring by type from bean name 'jdbcClient' via factory method to bean named 'namedParameterJdbcTemplate'
DEBUG 25-08-26 12:36:07[restartedMain] [DefaultListableBeanFactory:308] - Creating shared instance of singleton bean 'org.springframework.boot.autoconfigure.sql.init.SqlInitializationAutoConfiguration'
DEBUG 25-08-26 12:36:07[restartedMain] [DefaultListableBeanFactory:308] - Creating shared instance of singleton bean 'org.springframework.boot.autoconfigure.task.TaskSchedulingConfigurations$ThreadPoolTaskSchedulerBuilderConfiguration'
DEBUG 25-08-26 12:36:07[restartedMain] [DefaultListableBeanFactory:308] - Creating shared instance of singleton bean 'threadPoolTaskSchedulerBuilder'
DEBUG 25-08-26 12:36:07[restartedMain] [DefaultListableBeanFactory:308] - Creating shared instance of singleton bean 'spring.task.scheduling-org.springframework.boot.autoconfigure.task.TaskSchedulingProperties'
DEBUG 25-08-26 12:36:07[restartedMain] [DefaultListableBeanFactory:954] - Autowiring by type from bean name 'threadPoolTaskSchedulerBuilder' via factory method to bean named 'spring.task.scheduling-org.springframework.boot.autoconfigure.task.TaskSchedulingProperties'
DEBUG 25-08-26 12:36:07[restartedMain] [DefaultListableBeanFactory:308] - Creating shared instance of singleton bean 'org.springframework.boot.autoconfigure.task.TaskSchedulingConfigurations$SimpleAsyncTaskSchedulerBuilderConfiguration'
DEBUG 25-08-26 12:36:07[restartedMain] [DefaultListableBeanFactory:954] - Autowiring by type from bean name 'org.springframework.boot.autoconfigure.task.TaskSchedulingConfigurations$SimpleAsyncTaskSchedulerBuilderConfiguration' via constructor to bean named 'spring.task.scheduling-org.springframework.boot.autoconfigure.task.TaskSchedulingProperties'
DEBUG 25-08-26 12:36:07[restartedMain] [DefaultListableBeanFactory:308] - Creating shared instance of singleton bean 'simpleAsyncTaskSchedulerBuilder'
DEBUG 25-08-26 12:36:07[restartedMain] [DefaultListableBeanFactory:308] - Creating shared instance of singleton bean 'org.springframework.boot.autoconfigure.task.TaskSchedulingAutoConfiguration'
DEBUG 25-08-26 12:36:07[restartedMain] [DefaultListableBeanFactory:308] - Creating shared instance of singleton bean 'org.springframework.boot.autoconfigure.jdbc.DataSourceTransactionManagerAutoConfiguration$JdbcTransactionManagerConfiguration'
DEBUG 25-08-26 12:36:07[restartedMain] [DefaultListableBeanFactory:308] - Creating shared instance of singleton bean 'transactionManager'
DEBUG 25-08-26 12:36:07[restartedMain] [DefaultListableBeanFactory:954] - Autowiring by type from bean name 'transactionManager' via factory method to bean named 'environment'
DEBUG 25-08-26 12:36:07[restartedMain] [DefaultListableBeanFactory:954] - Autowiring by type from bean name 'transactionManager' via factory method to bean named 'dataSource'
DEBUG 25-08-26 12:36:07[restartedMain] [DefaultListableBeanFactory:308] - Creating shared instance of singleton bean 'org.springframework.boot.autoconfigure.jdbc.DataSourceTransactionManagerAutoConfiguration'
DEBUG 25-08-26 12:36:07[restartedMain] [DefaultListableBeanFactory:308] - Creating shared instance of singleton bean 'org.springframework.boot.autoconfigure.transaction.TransactionAutoConfiguration$EnableTransactionManagementConfiguration$CglibAutoProxyConfiguration'
DEBUG 25-08-26 12:36:07[restartedMain] [DefaultListableBeanFactory:308] - Creating shared instance of singleton bean 'org.springframework.boot.autoconfigure.transaction.TransactionAutoConfiguration$EnableTransactionManagementConfiguration'
DEBUG 25-08-26 12:36:07[restartedMain] [DefaultListableBeanFactory:308] - Creating shared instance of singleton bean 'org.springframework.boot.autoconfigure.transaction.TransactionAutoConfiguration$TransactionTemplateConfiguration'
DEBUG 25-08-26 12:36:07[restartedMain] [DefaultListableBeanFactory:308] - Creating shared instance of singleton bean 'transactionTemplate'
DEBUG 25-08-26 12:36:07[restartedMain] [DefaultListableBeanFactory:954] - Autowiring by type from bean name 'transactionTemplate' via factory method to bean named 'transactionManager'
DEBUG 25-08-26 12:36:07[restartedMain] [DefaultListableBeanFactory:308] - Creating shared instance of singleton bean 'org.springframework.boot.autoconfigure.transaction.TransactionAutoConfiguration'
DEBUG 25-08-26 12:36:07[restartedMain] [DefaultListableBeanFactory:308] - Creating shared instance of singleton bean 'org.springframework.boot.autoconfigure.web.client.RestClientAutoConfiguration'
DEBUG 25-08-26 12:36:07[restartedMain] [DefaultListableBeanFactory:308] - Creating shared instance of singleton bean 'httpMessageConvertersRestClientCustomizer'
DEBUG 25-08-26 12:36:07[restartedMain] [DefaultListableBeanFactory:308] - Creating shared instance of singleton bean 'restClientSsl'
DEBUG 25-08-26 12:36:07[restartedMain] [DefaultListableBeanFactory:954] - Autowiring by type from bean name 'restClientSsl' via factory method to bean named 'sslBundleRegistry'
DEBUG 25-08-26 12:36:07[restartedMain] [DefaultListableBeanFactory:308] - Creating shared instance of singleton bean 'restClientBuilderConfigurer'
DEBUG 25-08-26 12:36:07[restartedMain] [DefaultListableBeanFactory:308] - Creating shared instance of singleton bean 'org.springframework.boot.autoconfigure.web.client.RestTemplateAutoConfiguration'
DEBUG 25-08-26 12:36:07[restartedMain] [DefaultListableBeanFactory:308] - Creating shared instance of singleton bean 'org.springframework.boot.autoconfigure.web.embedded.EmbeddedWebServerFactoryCustomizerAutoConfiguration'
DEBUG 25-08-26 12:36:07[restartedMain] [DefaultListableBeanFactory:308] - Creating shared instance of singleton bean 'multipartResolver'
DEBUG 25-08-26 12:36:07[restartedMain] [DefaultListableBeanFactory:308] - Creating shared instance of singleton bean 'org.springframework.boot.devtools.autoconfigure.DevToolsDataSourceAutoConfiguration'
DEBUG 25-08-26 12:36:07[restartedMain] [DefaultListableBeanFactory:308] - Creating shared instance of singleton bean 'inMemoryDatabaseShutdownExecutor'
DEBUG 25-08-26 12:36:07[restartedMain] [DefaultListableBeanFactory:954] - Autowiring by type from bean name 'inMemoryDatabaseShutdownExecutor' via factory method to bean named 'dataSource'
DEBUG 25-08-26 12:36:07[restartedMain] [DefaultListableBeanFactory:954] - Autowiring by type from bean name 'inMemoryDatabaseShutdownExecutor' via factory method to bean named 'spring.datasource-org.springframework.boot.autoconfigure.jdbc.DataSourceProperties'
DEBUG 25-08-26 12:36:07[restartedMain] [DefaultListableBeanFactory:308] - Creating shared instance of singleton bean 'org.springframework.boot.devtools.autoconfigure.LocalDevToolsAutoConfiguration$RestartConfiguration'
DEBUG 25-08-26 12:36:07[restartedMain] [DefaultListableBeanFactory:308] - Creating shared instance of singleton bean 'spring.devtools-org.springframework.boot.devtools.autoconfigure.DevToolsProperties'
DEBUG 25-08-26 12:36:07[restartedMain] [DefaultListableBeanFactory:954] - Autowiring by type from bean name 'org.springframework.boot.devtools.autoconfigure.LocalDevToolsAutoConfiguration$RestartConfiguration' via constructor to bean named 'spring.devtools-org.springframework.boot.devtools.autoconfigure.DevToolsProperties'
DEBUG 25-08-26 12:36:07[restartedMain] [DefaultListableBeanFactory:308] - Creating shared instance of singleton bean 'restartingClassPathChangedEventListener'
DEBUG 25-08-26 12:36:07[restartedMain] [DefaultListableBeanFactory:308] - Creating shared instance of singleton bean 'fileSystemWatcherFactory'
DEBUG 25-08-26 12:36:07[restartedMain] [DefaultListableBeanFactory:954] - Autowiring by type from bean name 'restartingClassPathChangedEventListener' via factory method to bean named 'fileSystemWatcherFactory'
DEBUG 25-08-26 12:36:07[restartedMain] [DefaultListableBeanFactory:308] - Creating shared instance of singleton bean 'classPathFileSystemWatcher'
DEBUG 25-08-26 12:36:07[restartedMain] [DefaultListableBeanFactory:308] - Creating shared instance of singleton bean 'classPathRestartStrategy'
DEBUG 25-08-26 12:36:07[restartedMain] [DefaultListableBeanFactory:954] - Autowiring by type from bean name 'classPathFileSystemWatcher' via factory method to bean named 'fileSystemWatcherFactory'
DEBUG 25-08-26 12:36:07[restartedMain] [DefaultListableBeanFactory:954] - Autowiring by type from bean name 'classPathFileSystemWatcher' via factory method to bean named 'classPathRestartStrategy'
DEBUG 25-08-26 12:36:07[restartedMain] [DefaultListableBeanFactory:308] - Creating shared instance of singleton bean 'conditionEvaluationDeltaLoggingListener'
DEBUG 25-08-26 12:36:07[restartedMain] [DefaultListableBeanFactory:308] - Creating shared instance of singleton bean 'org.springframework.boot.devtools.autoconfigure.LocalDevToolsAutoConfiguration$LiveReloadConfiguration'
DEBUG 25-08-26 12:36:07[restartedMain] [DefaultListableBeanFactory:308] - Creating shared instance of singleton bean 'optionalLiveReloadServer'
DEBUG 25-08-26 12:36:07[restartedMain] [DefaultListableBeanFactory:954] - Autowiring by type from bean name 'liveReloadServer' via factory method to bean named 'spring.devtools-org.springframework.boot.devtools.autoconfigure.DevToolsProperties'
DEBUG 25-08-26 12:36:07[restartedMain] [DefaultListableBeanFactory:954] - Autowiring by type from bean name 'optionalLiveReloadServer' via factory method to bean named 'liveReloadServer'
DEBUG 25-08-26 12:36:07[restartedMain] [LiveReloadServer:113] - Starting live reload server on port 35729
INFO  25-08-26 12:36:07[restartedMain] [OptionalLiveReloadServer:59] - LiveReload server is running on port 35729
DEBUG 25-08-26 12:36:07[restartedMain] [DefaultListableBeanFactory:308] - Creating shared instance of singleton bean 'liveReloadServerEventListener'
DEBUG 25-08-26 12:36:07[restartedMain] [DefaultListableBeanFactory:954] - Autowiring by type from bean name 'liveReloadServerEventListener' via factory method to bean named 'optionalLiveReloadServer'
DEBUG 25-08-26 12:36:07[restartedMain] [DefaultListableBeanFactory:308] - Creating shared instance of singleton bean 'org.springframework.boot.devtools.autoconfigure.LocalDevToolsAutoConfiguration'
DEBUG 25-08-26 12:36:07[restartedMain] [AnnotationMBeanExporter:449] - Registering beans for JMX exposure on startup
DEBUG 25-08-26 12:36:07[restartedMain] [AnnotationMBeanExporter:556] - Auto-detecting user-defined JMX MBeans
DEBUG 25-08-26 12:36:07[restartedMain] [AnnotationMBeanExporter:910] - Bean with name 'dataSource' has been autodetected for JMX exposure
DEBUG 25-08-26 12:36:07[restartedMain] [AnnotationMBeanExporter:683] - Located MBean 'dataSource': registering with JMX server as MBean [com.zaxxer.hikari:name=dataSource,type=HikariDataSource]
DEBUG 25-08-26 12:36:07[restartedMain] [DefaultLifecycleProcessor:581] - Starting beans in phase -2147483647
DEBUG 25-08-26 12:36:07[restartedMain] [DefaultLifecycleProcessor:411] - Successfully started bean 'springBootLoggingLifecycle'
DEBUG 25-08-26 12:36:07[restartedMain] [DefaultLifecycleProcessor:581] - Starting beans in phase 1073741823
DEBUG 25-08-26 12:36:07[restartedMain] [DefaultLifecycleProcessor:581] - Starting beans in phase 2147481599
INFO  25-08-26 12:36:07[restartedMain] [Http11NioProtocol:168] - Starting ProtocolHandler ["http-nio-8089"]
INFO  25-08-26 12:36:07[restartedMain] [TomcatWebServer:243] - Tomcat started on port 8089 (http) with context path '/'
DEBUG 25-08-26 12:36:07[restartedMain] [DefaultLifecycleProcessor:411] - Successfully started bean 'webServerStartStop'
DEBUG 25-08-26 12:36:07[restartedMain] [DefaultLifecycleProcessor:581] - Starting beans in phase 2147482623
DEBUG 25-08-26 12:36:07[restartedMain] [DefaultLifecycleProcessor:411] - Successfully started bean 'webServerGracefulShutdown'
DEBUG 25-08-26 12:36:07[restartedMain] [ConditionEvaluationReportLogger:72] - 


============================
CONDITIONS EVALUATION REPORT
============================


Positive matches:
-----------------

   AopAutoConfiguration matched:
      - @ConditionalOnProperty (spring.aop.auto=true) matched (OnPropertyCondition)

   AopAutoConfiguration.ClassProxyingConfiguration matched:
      - @ConditionalOnMissingClass did not find unwanted class 'org.aspectj.weaver.Advice' (OnClassCondition)
      - @ConditionalOnProperty (spring.aop.proxy-target-class=true) matched (OnPropertyCondition)

   ApplicationAvailabilityAutoConfiguration#applicationAvailability matched:
      - @ConditionalOnMissingBean (types: org.springframework.boot.availability.ApplicationAvailability; SearchStrategy: all) did not find any beans (OnBeanCondition)

   DataSourceAutoConfiguration matched:
      - @ConditionalOnClass found required classes 'javax.sql.DataSource', 'org.springframework.jdbc.datasource.embedded.EmbeddedDatabaseType' (OnClassCondition)
      - @ConditionalOnMissingBean (types: io.r2dbc.spi.ConnectionFactory; SearchStrategy: all) did not find any beans (OnBeanCondition)

   DataSourceAutoConfiguration.PooledDataSourceConfiguration matched:
      - AnyNestedCondition 1 matched 1 did not; NestedCondition on DataSourceAutoConfiguration.PooledDataSourceCondition.PooledDataSourceAvailable PooledDataSource found supported DataSource; NestedCondition on DataSourceAutoConfiguration.PooledDataSourceCondition.ExplicitType @ConditionalOnProperty (spring.datasource.type) did not find property 'type' (DataSourceAutoConfiguration.PooledDataSourceCondition)
      - @ConditionalOnMissingBean (types: javax.sql.DataSource,javax.sql.XADataSource; SearchStrategy: all) did not find any beans (OnBeanCondition)

   DataSourceAutoConfiguration.PooledDataSourceConfiguration#jdbcConnectionDetails matched:
      - @ConditionalOnMissingBean (types: org.springframework.boot.autoconfigure.jdbc.JdbcConnectionDetails; SearchStrategy: all) did not find any beans (OnBeanCondition)

   DataSourceConfiguration.Hikari matched:
      - @ConditionalOnClass found required class 'com.zaxxer.hikari.HikariDataSource' (OnClassCondition)
      - @ConditionalOnProperty (spring.datasource.type=com.zaxxer.hikari.HikariDataSource) matched (OnPropertyCondition)
      - @ConditionalOnMissingBean (types: javax.sql.DataSource; SearchStrategy: all) did not find any beans (OnBeanCondition)

   DataSourceInitializationConfiguration matched:
      - @ConditionalOnClass found required class 'org.springframework.jdbc.datasource.init.DatabasePopulator' (OnClassCondition)
      - @ConditionalOnSingleCandidate (types: javax.sql.DataSource; SearchStrategy: all) found a single bean 'dataSource'; @ConditionalOnMissingBean (types: org.springframework.boot.autoconfigure.sql.init.SqlDataSourceScriptDatabaseInitializer,org.springframework.boot.autoconfigure.sql.init.SqlR2dbcScriptDatabaseInitializer; SearchStrategy: all) did not find any beans (OnBeanCondition)

   DataSourceJmxConfiguration matched:
      - @ConditionalOnProperty (spring.jmx.enabled=true) matched (OnPropertyCondition)

   DataSourceJmxConfiguration.Hikari matched:
      - @ConditionalOnClass found required class 'com.zaxxer.hikari.HikariDataSource' (OnClassCondition)
      - @ConditionalOnSingleCandidate (types: javax.sql.DataSource; SearchStrategy: all) found a single bean 'dataSource' (OnBeanCondition)

   DataSourcePoolMetadataProvidersConfiguration.HikariPoolDataSourceMetadataProviderConfiguration matched:
      - @ConditionalOnClass found required class 'com.zaxxer.hikari.HikariDataSource' (OnClassCondition)

   DataSourceTransactionManagerAutoConfiguration matched:
      - @ConditionalOnClass found required classes 'javax.sql.DataSource', 'org.springframework.jdbc.core.JdbcTemplate', 'org.springframework.transaction.TransactionManager' (OnClassCondition)

   DataSourceTransactionManagerAutoConfiguration.JdbcTransactionManagerConfiguration matched:
      - @ConditionalOnSingleCandidate (types: javax.sql.DataSource; SearchStrategy: all) found a single bean 'dataSource' (OnBeanCondition)

   DataSourceTransactionManagerAutoConfiguration.JdbcTransactionManagerConfiguration#transactionManager matched:
      - @ConditionalOnMissingBean (types: org.springframework.transaction.TransactionManager; SearchStrategy: all) did not find any beans (OnBeanCondition)

   DevToolsDataSourceAutoConfiguration matched:
      - @ConditionalOnClass found required class 'javax.sql.DataSource' (OnClassCondition)
      - Devtools devtools enabled. (OnEnabledDevToolsCondition)
      - DevTools DataSource Condition found auto-configured DataSource (DevToolsDataSourceAutoConfiguration.DevToolsDataSourceCondition)

   DispatcherServletAutoConfiguration matched:
      - @ConditionalOnClass found required class 'org.springframework.web.servlet.DispatcherServlet' (OnClassCondition)
      - found 'session' scope (OnWebApplicationCondition)

   DispatcherServletAutoConfiguration.DispatcherServletConfiguration matched:
      - @ConditionalOnClass found required class 'jakarta.servlet.ServletRegistration' (OnClassCondition)
      - Default DispatcherServlet did not find dispatcher servlet beans (DispatcherServletAutoConfiguration.DefaultDispatcherServletCondition)

   DispatcherServletAutoConfiguration.DispatcherServletRegistrationConfiguration matched:
      - @ConditionalOnClass found required class 'jakarta.servlet.ServletRegistration' (OnClassCondition)
      - DispatcherServlet Registration did not find servlet registration bean (DispatcherServletAutoConfiguration.DispatcherServletRegistrationCondition)

   DispatcherServletAutoConfiguration.DispatcherServletRegistrationConfiguration#dispatcherServletRegistration matched:
      - @ConditionalOnBean (names: dispatcherServlet types: org.springframework.web.servlet.DispatcherServlet; SearchStrategy: all) found bean 'dispatcherServlet' (OnBeanCondition)

   EmbeddedWebServerFactoryCustomizerAutoConfiguration matched:
      - @ConditionalOnWebApplication (required) found 'session' scope (OnWebApplicationCondition)
      - @ConditionalOnWarDeployment the application is not deployed as a WAR file. (OnWarDeploymentCondition)

   EmbeddedWebServerFactoryCustomizerAutoConfiguration.TomcatWebServerFactoryCustomizerConfiguration matched:
      - @ConditionalOnClass found required classes 'org.apache.catalina.startup.Tomcat', 'org.apache.coyote.UpgradeProtocol' (OnClassCondition)

   ErrorMvcAutoConfiguration matched:
      - @ConditionalOnClass found required classes 'jakarta.servlet.Servlet', 'org.springframework.web.servlet.DispatcherServlet' (OnClassCondition)
      - found 'session' scope (OnWebApplicationCondition)

   ErrorMvcAutoConfiguration#basicErrorController matched:
      - @ConditionalOnMissingBean (types: org.springframework.boot.web.servlet.error.ErrorController; SearchStrategy: current) did not find any beans (OnBeanCondition)

   ErrorMvcAutoConfiguration#errorAttributes matched:
      - @ConditionalOnMissingBean (types: org.springframework.boot.web.servlet.error.ErrorAttributes; SearchStrategy: current) did not find any beans (OnBeanCondition)

   ErrorMvcAutoConfiguration.DefaultErrorViewResolverConfiguration#conventionErrorViewResolver matched:
      - @ConditionalOnBean (types: org.springframework.web.servlet.DispatcherServlet; SearchStrategy: all) found bean 'dispatcherServlet'; @ConditionalOnMissingBean (types: org.springframework.boot.autoconfigure.web.servlet.error.ErrorViewResolver; SearchStrategy: all) did not find any beans (OnBeanCondition)

   ErrorMvcAutoConfiguration.WhitelabelErrorViewConfiguration matched:
      - @ConditionalOnProperty (server.error.whitelabel.enabled) matched (OnPropertyCondition)
      - ErrorTemplate Missing did not find error template view (ErrorMvcAutoConfiguration.ErrorTemplateMissingCondition)

   ErrorMvcAutoConfiguration.WhitelabelErrorViewConfiguration#beanNameViewResolver matched:
      - @ConditionalOnMissingBean (types: org.springframework.web.servlet.view.BeanNameViewResolver; SearchStrategy: all) did not find any beans (OnBeanCondition)

   ErrorMvcAutoConfiguration.WhitelabelErrorViewConfiguration#defaultErrorView matched:
      - @ConditionalOnMissingBean (names: error; SearchStrategy: all) did not find any beans (OnBeanCondition)

   GenericCacheConfiguration matched:
      - Cache org.springframework.boot.autoconfigure.cache.GenericCacheConfiguration automatic cache type (CacheCondition)

   HttpClientAutoConfiguration matched:
      - @ConditionalOnClass found required class 'org.springframework.http.client.ClientHttpRequestFactory' (OnClassCondition)
      - NoneNestedConditions 0 matched 1 did not; NestedCondition on NotReactiveWebApplicationCondition.ReactiveWebApplication did not find reactive web application classes (NotReactiveWebApplicationCondition)

   HttpClientAutoConfiguration#clientHttpRequestFactoryBuilder matched:
      - @ConditionalOnMissingBean (types: org.springframework.boot.http.client.ClientHttpRequestFactoryBuilder; SearchStrategy: all) did not find any beans (OnBeanCondition)

   HttpClientAutoConfiguration#clientHttpRequestFactorySettings matched:
      - @ConditionalOnMissingBean (types: org.springframework.boot.http.client.ClientHttpRequestFactorySettings; SearchStrategy: all) did not find any beans (OnBeanCondition)

   HttpEncodingAutoConfiguration matched:
      - @ConditionalOnClass found required class 'org.springframework.web.filter.CharacterEncodingFilter' (OnClassCondition)
      - found 'session' scope (OnWebApplicationCondition)
      - @ConditionalOnProperty (server.servlet.encoding.enabled) matched (OnPropertyCondition)

   HttpEncodingAutoConfiguration#characterEncodingFilter matched:
      - @ConditionalOnMissingBean (types: org.springframework.web.filter.CharacterEncodingFilter; SearchStrategy: all) did not find any beans (OnBeanCondition)

   HttpMessageConvertersAutoConfiguration matched:
      - @ConditionalOnClass found required class 'org.springframework.http.converter.HttpMessageConverter' (OnClassCondition)
      - NoneNestedConditions 0 matched 1 did not; NestedCondition on HttpMessageConvertersAutoConfiguration.NotReactiveWebApplicationCondition.ReactiveWebApplication did not find reactive web application classes (HttpMessageConvertersAutoConfiguration.NotReactiveWebApplicationCondition)

   HttpMessageConvertersAutoConfiguration#messageConverters matched:
      - @ConditionalOnMissingBean (types: org.springframework.boot.autoconfigure.http.HttpMessageConverters; SearchStrategy: all) did not find any beans (OnBeanCondition)

   HttpMessageConvertersAutoConfiguration.StringHttpMessageConverterConfiguration matched:
      - @ConditionalOnClass found required class 'org.springframework.http.converter.StringHttpMessageConverter' (OnClassCondition)

   HttpMessageConvertersAutoConfiguration.StringHttpMessageConverterConfiguration#stringHttpMessageConverter matched:
      - @ConditionalOnMissingBean (types: org.springframework.http.converter.StringHttpMessageConverter; SearchStrategy: all) did not find any beans (OnBeanCondition)

   JacksonAutoConfiguration matched:
      - @ConditionalOnClass found required class 'com.fasterxml.jackson.databind.ObjectMapper' (OnClassCondition)

   JacksonAutoConfiguration.Jackson2ObjectMapperBuilderCustomizerConfiguration matched:
      - @ConditionalOnClass found required class 'org.springframework.http.converter.json.Jackson2ObjectMapperBuilder' (OnClassCondition)

   JacksonAutoConfiguration.JacksonObjectMapperBuilderConfiguration matched:
      - @ConditionalOnClass found required class 'org.springframework.http.converter.json.Jackson2ObjectMapperBuilder' (OnClassCondition)

   JacksonAutoConfiguration.JacksonObjectMapperBuilderConfiguration#jacksonObjectMapperBuilder matched:
      - @ConditionalOnMissingBean (types: org.springframework.http.converter.json.Jackson2ObjectMapperBuilder; SearchStrategy: all) did not find any beans (OnBeanCondition)

   JacksonAutoConfiguration.JacksonObjectMapperConfiguration matched:
      - @ConditionalOnClass found required class 'org.springframework.http.converter.json.Jackson2ObjectMapperBuilder' (OnClassCondition)

   JacksonAutoConfiguration.JacksonObjectMapperConfiguration#jacksonObjectMapper matched:
      - @ConditionalOnMissingBean (types: com.fasterxml.jackson.databind.ObjectMapper; SearchStrategy: all) did not find any beans (OnBeanCondition)

   JacksonAutoConfiguration.ParameterNamesModuleConfiguration matched:
      - @ConditionalOnClass found required class 'com.fasterxml.jackson.module.paramnames.ParameterNamesModule' (OnClassCondition)

   JacksonAutoConfiguration.ParameterNamesModuleConfiguration#parameterNamesModule matched:
      - @ConditionalOnMissingBean (types: com.fasterxml.jackson.module.paramnames.ParameterNamesModule; SearchStrategy: all) did not find any beans (OnBeanCondition)

   JacksonHttpMessageConvertersConfiguration.MappingJackson2HttpMessageConverterConfiguration matched:
      - @ConditionalOnClass found required class 'com.fasterxml.jackson.databind.ObjectMapper' (OnClassCondition)
      - @ConditionalOnProperty (spring.mvc.converters.preferred-json-mapper=jackson) matched (OnPropertyCondition)
      - @ConditionalOnBean (types: com.fasterxml.jackson.databind.ObjectMapper; SearchStrategy: all) found bean 'jacksonObjectMapper' (OnBeanCondition)

   JacksonHttpMessageConvertersConfiguration.MappingJackson2HttpMessageConverterConfiguration#mappingJackson2HttpMessageConverter matched:
      - @ConditionalOnMissingBean (types: org.springframework.http.converter.json.MappingJackson2HttpMessageConverter ignored: org.springframework.hateoas.server.mvc.TypeConstrainedMappingJackson2HttpMessageConverter,org.springframework.data.rest.webmvc.alps.AlpsJsonHttpMessageConverter; SearchStrategy: all) did not find any beans (OnBeanCondition)

   JdbcClientAutoConfiguration matched:
      - @ConditionalOnSingleCandidate (types: org.springframework.jdbc.core.namedparam.NamedParameterJdbcTemplate; SearchStrategy: all) found a single bean 'namedParameterJdbcTemplate'; @ConditionalOnMissingBean (types: org.springframework.jdbc.core.simple.JdbcClient; SearchStrategy: all) did not find any beans (OnBeanCondition)

   JdbcTemplateAutoConfiguration matched:
      - @ConditionalOnClass found required classes 'javax.sql.DataSource', 'org.springframework.jdbc.core.JdbcTemplate' (OnClassCondition)
      - @ConditionalOnSingleCandidate (types: javax.sql.DataSource; SearchStrategy: all) found a single bean 'dataSource' (OnBeanCondition)

   JdbcTemplateConfiguration matched:
      - @ConditionalOnMissingBean (types: org.springframework.jdbc.core.JdbcOperations; SearchStrategy: all) did not find any beans (OnBeanCondition)

   JmxAutoConfiguration matched:
      - @ConditionalOnClass found required class 'org.springframework.jmx.export.MBeanExporter' (OnClassCondition)
      - @ConditionalOnProperty (spring.jmx.enabled=true) matched (OnPropertyCondition)

   JmxAutoConfiguration#mbeanExporter matched:
      - @ConditionalOnMissingBean (types: org.springframework.jmx.export.MBeanExporter; SearchStrategy: current) did not find any beans (OnBeanCondition)

   JmxAutoConfiguration#mbeanServer matched:
      - @ConditionalOnMissingBean (types: javax.management.MBeanServer; SearchStrategy: all) did not find any beans (OnBeanCondition)

   JmxAutoConfiguration#objectNamingStrategy matched:
      - @ConditionalOnMissingBean (types: org.springframework.jmx.export.naming.ObjectNamingStrategy; SearchStrategy: current) did not find any beans (OnBeanCondition)

   LifecycleAutoConfiguration#defaultLifecycleProcessor matched:
      - @ConditionalOnMissingBean (names: lifecycleProcessor; SearchStrategy: current) did not find any beans (OnBeanCondition)

   LocalDevToolsAutoConfiguration matched:
      - Initialized Restarter Condition available and initialized (OnInitializedRestarterCondition)

   LocalDevToolsAutoConfiguration.LiveReloadConfiguration matched:
      - @ConditionalOnProperty (spring.devtools.livereload.enabled) matched (OnPropertyCondition)

   LocalDevToolsAutoConfiguration.LiveReloadConfiguration#liveReloadServer matched:
      - @ConditionalOnMissingBean (types: org.springframework.boot.devtools.livereload.LiveReloadServer; SearchStrategy: all) did not find any beans (OnBeanCondition)

   LocalDevToolsAutoConfiguration.RestartConfiguration matched:
      - @ConditionalOnProperty (spring.devtools.restart.enabled) matched (OnPropertyCondition)

   LocalDevToolsAutoConfiguration.RestartConfiguration#classPathFileSystemWatcher matched:
      - @ConditionalOnMissingBean (types: org.springframework.boot.devtools.classpath.ClassPathFileSystemWatcher; SearchStrategy: all) did not find any beans (OnBeanCondition)

   LocalDevToolsAutoConfiguration.RestartConfiguration#classPathRestartStrategy matched:
      - @ConditionalOnMissingBean (types: org.springframework.boot.devtools.classpath.ClassPathRestartStrategy; SearchStrategy: all) did not find any beans (OnBeanCondition)

   LocalDevToolsAutoConfiguration.RestartConfiguration#conditionEvaluationDeltaLoggingListener matched:
      - @ConditionalOnProperty (spring.devtools.restart.log-condition-evaluation-delta) matched (OnPropertyCondition)

   MultipartAutoConfiguration matched:
      - @ConditionalOnClass found required classes 'jakarta.servlet.Servlet', 'org.springframework.web.multipart.support.StandardServletMultipartResolver', 'jakarta.servlet.MultipartConfigElement' (OnClassCondition)
      - found 'session' scope (OnWebApplicationCondition)
      - @ConditionalOnProperty (spring.servlet.multipart.enabled) matched (OnPropertyCondition)

   MultipartAutoConfiguration#multipartConfigElement matched:
      - @ConditionalOnMissingBean (types: jakarta.servlet.MultipartConfigElement; SearchStrategy: all) did not find any beans (OnBeanCondition)

   MultipartAutoConfiguration#multipartResolver matched:
      - @ConditionalOnMissingBean (types: org.springframework.web.multipart.MultipartResolver; SearchStrategy: all) did not find any beans (OnBeanCondition)

   MustacheAutoConfiguration matched:
      - @ConditionalOnClass found required class 'com.samskivert.mustache.Mustache' (OnClassCondition)

   MustacheAutoConfiguration#mustacheCompiler matched:
      - @ConditionalOnMissingBean (types: com.samskivert.mustache.Mustache$Compiler; SearchStrategy: all) did not find any beans (OnBeanCondition)

   MustacheAutoConfiguration#mustacheTemplateLoader matched:
      - @ConditionalOnMissingBean (types: com.samskivert.mustache.Mustache$TemplateLoader; SearchStrategy: all) did not find any beans (OnBeanCondition)

   MustacheServletWebConfiguration matched:
      - @ConditionalOnClass found required class 'org.springframework.boot.web.servlet.view.MustacheViewResolver' (OnClassCondition)
      - found 'session' scope (OnWebApplicationCondition)

   MustacheServletWebConfiguration#mustacheViewResolver matched:
      - @ConditionalOnProperty (spring.mustache.enabled) matched (OnPropertyCondition)
      - @ConditionalOnMissingBean (types: org.springframework.boot.web.servlet.view.MustacheViewResolver; SearchStrategy: all) did not find any beans (OnBeanCondition)

   MybatisAutoConfiguration matched:
      - @ConditionalOnClass found required classes 'org.apache.ibatis.session.SqlSessionFactory', 'org.mybatis.spring.SqlSessionFactoryBean' (OnClassCondition)
      - @ConditionalOnSingleCandidate (types: javax.sql.DataSource; SearchStrategy: all) found a single bean 'dataSource' (OnBeanCondition)

   MybatisAutoConfiguration#sqlSessionFactory matched:
      - @ConditionalOnMissingBean (types: org.apache.ibatis.session.SqlSessionFactory; SearchStrategy: all) did not find any beans (OnBeanCondition)

   MybatisAutoConfiguration#sqlSessionTemplate matched:
      - @ConditionalOnMissingBean (types: org.mybatis.spring.SqlSessionTemplate; SearchStrategy: all) did not find any beans (OnBeanCondition)

   MybatisAutoConfiguration.MapperScannerRegistrarNotFoundConfiguration matched:
      - @ConditionalOnMissingBean (types: org.mybatis.spring.mapper.MapperFactoryBean,org.mybatis.spring.mapper.MapperScannerConfigurer; SearchStrategy: all) did not find any beans (OnBeanCondition)

   MybatisLanguageDriverAutoConfiguration matched:
      - @ConditionalOnClass found required class 'org.apache.ibatis.scripting.LanguageDriver' (OnClassCondition)

   NamedParameterJdbcTemplateConfiguration matched:
      - @ConditionalOnSingleCandidate (types: org.springframework.jdbc.core.JdbcTemplate; SearchStrategy: all) found a single bean 'jdbcTemplate'; @ConditionalOnMissingBean (types: org.springframework.jdbc.core.namedparam.NamedParameterJdbcOperations; SearchStrategy: all) did not find any beans (OnBeanCondition)

   NoOpCacheConfiguration matched:
      - Cache org.springframework.boot.autoconfigure.cache.NoOpCacheConfiguration automatic cache type (CacheCondition)

   PersistenceExceptionTranslationAutoConfiguration matched:
      - @ConditionalOnClass found required class 'org.springframework.dao.annotation.PersistenceExceptionTranslationPostProcessor' (OnClassCondition)

   PersistenceExceptionTranslationAutoConfiguration#persistenceExceptionTranslationPostProcessor matched:
      - @ConditionalOnProperty (spring.dao.exceptiontranslation.enabled) matched (OnPropertyCondition)
      - @ConditionalOnMissingBean (types: org.springframework.dao.annotation.PersistenceExceptionTranslationPostProcessor; SearchStrategy: all) did not find any beans (OnBeanCondition)

   PropertyPlaceholderAutoConfiguration#propertySourcesPlaceholderConfigurer matched:
      - @ConditionalOnMissingBean (types: org.springframework.context.support.PropertySourcesPlaceholderConfigurer; SearchStrategy: current) did not find any beans (OnBeanCondition)

   RestClientAutoConfiguration matched:
      - @ConditionalOnClass found required class 'org.springframework.web.client.RestClient' (OnClassCondition)
      - NoneNestedConditions 0 matched 1 did not; NestedCondition on NotReactiveWebApplicationCondition.ReactiveWebApplication did not find reactive web application classes (NotReactiveWebApplicationCondition)

   RestClientAutoConfiguration#httpMessageConvertersRestClientCustomizer matched:
      - @ConditionalOnMissingBean (types: org.springframework.boot.autoconfigure.web.client.HttpMessageConvertersRestClientCustomizer; SearchStrategy: all) did not find any beans (OnBeanCondition)

   RestClientAutoConfiguration#restClientBuilder matched:
      - @ConditionalOnMissingBean (types: org.springframework.web.client.RestClient$Builder; SearchStrategy: all) did not find any beans (OnBeanCondition)

   RestClientAutoConfiguration#restClientBuilderConfigurer matched:
      - @ConditionalOnMissingBean (types: org.springframework.boot.autoconfigure.web.client.RestClientBuilderConfigurer; SearchStrategy: all) did not find any beans (OnBeanCondition)

   RestClientAutoConfiguration#restClientSsl matched:
      - @ConditionalOnBean (types: org.springframework.boot.ssl.SslBundles; SearchStrategy: all) found bean 'sslBundleRegistry'; @ConditionalOnMissingBean (types: org.springframework.boot.autoconfigure.web.client.RestClientSsl; SearchStrategy: all) did not find any beans (OnBeanCondition)

   RestTemplateAutoConfiguration matched:
      - @ConditionalOnClass found required class 'org.springframework.web.client.RestTemplate' (OnClassCondition)
      - NoneNestedConditions 0 matched 1 did not; NestedCondition on NotReactiveWebApplicationCondition.ReactiveWebApplication did not find reactive web application classes (NotReactiveWebApplicationCondition)

   RestTemplateAutoConfiguration#restTemplateBuilder matched:
      - @ConditionalOnMissingBean (types: org.springframework.boot.web.client.RestTemplateBuilder; SearchStrategy: all) did not find any beans (OnBeanCondition)

   ServletWebServerFactoryAutoConfiguration matched:
      - @ConditionalOnClass found required class 'jakarta.servlet.ServletRequest' (OnClassCondition)
      - found 'session' scope (OnWebApplicationCondition)

   ServletWebServerFactoryAutoConfiguration#tomcatServletWebServerFactoryCustomizer matched:
      - @ConditionalOnClass found required class 'org.apache.catalina.startup.Tomcat' (OnClassCondition)

   ServletWebServerFactoryConfiguration.EmbeddedTomcat matched:
      - @ConditionalOnClass found required classes 'jakarta.servlet.Servlet', 'org.apache.catalina.startup.Tomcat', 'org.apache.coyote.UpgradeProtocol' (OnClassCondition)
      - @ConditionalOnMissingBean (types: org.springframework.boot.web.servlet.server.ServletWebServerFactory; SearchStrategy: current) did not find any beans (OnBeanCondition)

   SimpleCacheConfiguration matched:
      - Cache org.springframework.boot.autoconfigure.cache.SimpleCacheConfiguration automatic cache type (CacheCondition)

   SpringApplicationAdminJmxAutoConfiguration matched:
      - @ConditionalOnProperty (spring.application.admin.enabled=true) matched (OnPropertyCondition)

   SpringApplicationAdminJmxAutoConfiguration#springApplicationAdminRegistrar matched:
      - @ConditionalOnMissingBean (types: org.springframework.boot.admin.SpringApplicationAdminMXBeanRegistrar; SearchStrategy: all) did not find any beans (OnBeanCondition)

   SqlInitializationAutoConfiguration matched:
      - @ConditionalOnProperty (spring.sql.init.enabled) matched (OnPropertyCondition)
      - NoneNestedConditions 0 matched 1 did not; NestedCondition on SqlInitializationAutoConfiguration.SqlInitializationModeCondition.ModeIsNever @ConditionalOnProperty (spring.sql.init.mode=never) did not find property 'mode' (SqlInitializationAutoConfiguration.SqlInitializationModeCondition)

   SslAutoConfiguration#sslBundleRegistry matched:
      - @ConditionalOnMissingBean (types: org.springframework.boot.ssl.SslBundleRegistry,org.springframework.boot.ssl.SslBundles; SearchStrategy: all) did not find any beans (OnBeanCondition)

   TaskExecutionAutoConfiguration matched:
      - @ConditionalOnClass found required class 'org.springframework.scheduling.concurrent.ThreadPoolTaskExecutor' (OnClassCondition)

   TaskExecutorConfigurations.SimpleAsyncTaskExecutorBuilderConfiguration#simpleAsyncTaskExecutorBuilder matched:
      - @ConditionalOnMissingBean (types: org.springframework.boot.task.SimpleAsyncTaskExecutorBuilder; SearchStrategy: all) did not find any beans (OnBeanCondition)
      - @ConditionalOnThreading found PLATFORM (OnThreadingCondition)

   TaskExecutorConfigurations.TaskExecutorConfiguration matched:
      - @ConditionalOnMissingBean (types: java.util.concurrent.Executor; SearchStrategy: all) did not find any beans (OnBeanCondition)

   TaskExecutorConfigurations.TaskExecutorConfiguration#applicationTaskExecutor matched:
      - @ConditionalOnThreading found PLATFORM (OnThreadingCondition)

   TaskExecutorConfigurations.ThreadPoolTaskExecutorBuilderConfiguration#threadPoolTaskExecutorBuilder matched:
      - @ConditionalOnMissingBean (types: org.springframework.boot.task.ThreadPoolTaskExecutorBuilder; SearchStrategy: all) did not find any beans (OnBeanCondition)

   TaskSchedulingAutoConfiguration matched:
      - @ConditionalOnClass found required class 'org.springframework.scheduling.concurrent.ThreadPoolTaskScheduler' (OnClassCondition)

   TaskSchedulingConfigurations.SimpleAsyncTaskSchedulerBuilderConfiguration#simpleAsyncTaskSchedulerBuilder matched:
      - @ConditionalOnMissingBean (types: org.springframework.boot.task.SimpleAsyncTaskSchedulerBuilder; SearchStrategy: all) did not find any beans (OnBeanCondition)
      - @ConditionalOnThreading found PLATFORM (OnThreadingCondition)

   TaskSchedulingConfigurations.ThreadPoolTaskSchedulerBuilderConfiguration#threadPoolTaskSchedulerBuilder matched:
      - @ConditionalOnMissingBean (types: org.springframework.boot.task.ThreadPoolTaskSchedulerBuilder; SearchStrategy: all) did not find any beans (OnBeanCondition)

   TransactionAutoConfiguration matched:
      - @ConditionalOnClass found required class 'org.springframework.transaction.PlatformTransactionManager' (OnClassCondition)

   TransactionAutoConfiguration.EnableTransactionManagementConfiguration matched:
      - @ConditionalOnBean (types: org.springframework.transaction.TransactionManager; SearchStrategy: all) found bean 'transactionManager'; @ConditionalOnMissingBean (types: org.springframework.transaction.annotation.AbstractTransactionManagementConfiguration; SearchStrategy: all) did not find any beans (OnBeanCondition)

   TransactionAutoConfiguration.EnableTransactionManagementConfiguration.CglibAutoProxyConfiguration matched:
      - @ConditionalOnProperty (spring.aop.proxy-target-class=true) matched (OnPropertyCondition)

   TransactionAutoConfiguration.TransactionTemplateConfiguration matched:
      - @ConditionalOnSingleCandidate (types: org.springframework.transaction.PlatformTransactionManager; SearchStrategy: all) found a single bean 'transactionManager' (OnBeanCondition)

   TransactionAutoConfiguration.TransactionTemplateConfiguration#transactionTemplate matched:
      - @ConditionalOnMissingBean (types: org.springframework.transaction.support.TransactionOperations; SearchStrategy: all) did not find any beans (OnBeanCondition)

   TransactionManagerCustomizationAutoConfiguration matched:
      - @ConditionalOnClass found required class 'org.springframework.transaction.PlatformTransactionManager' (OnClassCondition)

   TransactionManagerCustomizationAutoConfiguration#platformTransactionManagerCustomizers matched:
      - @ConditionalOnMissingBean (types: org.springframework.boot.autoconfigure.transaction.TransactionManagerCustomizers; SearchStrategy: all) did not find any beans (OnBeanCondition)

   ValidationAutoConfiguration matched:
      - @ConditionalOnClass found required class 'jakarta.validation.executable.ExecutableValidator' (OnClassCondition)
      - @ConditionalOnResource found location classpath:META-INF/services/jakarta.validation.spi.ValidationProvider (OnResourceCondition)

   ValidationAutoConfiguration#defaultValidator matched:
      - @ConditionalOnMissingBean (types: jakarta.validation.Validator; SearchStrategy: all) did not find any beans (OnBeanCondition)

   ValidationAutoConfiguration#methodValidationPostProcessor matched:
      - @ConditionalOnMissingBean (types: org.springframework.validation.beanvalidation.MethodValidationPostProcessor; SearchStrategy: current) did not find any beans (OnBeanCondition)

   WebMvcAutoConfiguration matched:
      - @ConditionalOnClass found required classes 'jakarta.servlet.Servlet', 'org.springframework.web.servlet.DispatcherServlet', 'org.springframework.web.servlet.config.annotation.WebMvcConfigurer' (OnClassCondition)
      - found 'session' scope (OnWebApplicationCondition)
      - @ConditionalOnMissingBean (types: org.springframework.web.servlet.config.annotation.WebMvcConfigurationSupport; SearchStrategy: all) did not find any beans (OnBeanCondition)

   WebMvcAutoConfiguration#formContentFilter matched:
      - @ConditionalOnProperty (spring.mvc.formcontent.filter.enabled) matched (OnPropertyCondition)
      - @ConditionalOnMissingBean (types: org.springframework.web.filter.FormContentFilter; SearchStrategy: all) did not find any beans (OnBeanCondition)

   WebMvcAutoConfiguration.EnableWebMvcConfiguration#flashMapManager matched:
      - @ConditionalOnMissingBean (names: flashMapManager; SearchStrategy: all) did not find any beans (OnBeanCondition)

   WebMvcAutoConfiguration.EnableWebMvcConfiguration#localeResolver matched:
      - @ConditionalOnMissingBean (names: localeResolver; SearchStrategy: all) did not find any beans (OnBeanCondition)

   WebMvcAutoConfiguration.EnableWebMvcConfiguration#themeResolver matched:
      - @ConditionalOnMissingBean (names: themeResolver; SearchStrategy: all) did not find any beans (OnBeanCondition)

   WebMvcAutoConfiguration.EnableWebMvcConfiguration#viewNameTranslator matched:
      - @ConditionalOnMissingBean (names: viewNameTranslator; SearchStrategy: all) did not find any beans (OnBeanCondition)

   WebMvcAutoConfiguration.WebMvcAutoConfigurationAdapter#defaultViewResolver matched:
      - @ConditionalOnMissingBean (types: org.springframework.web.servlet.view.InternalResourceViewResolver; SearchStrategy: all) did not find any beans (OnBeanCondition)

   WebMvcAutoConfiguration.WebMvcAutoConfigurationAdapter#requestContextFilter matched:
      - @ConditionalOnMissingBean (types: org.springframework.web.context.request.RequestContextListener,org.springframework.web.filter.RequestContextFilter; SearchStrategy: all) did not find any beans (OnBeanCondition)

   WebMvcAutoConfiguration.WebMvcAutoConfigurationAdapter#viewResolver matched:
      - @ConditionalOnBean (types: org.springframework.web.servlet.ViewResolver; SearchStrategy: all) found beans 'defaultViewResolver', 'beanNameViewResolver', 'mvcViewResolver'; @ConditionalOnMissingBean (names: viewResolver types: org.springframework.web.servlet.view.ContentNegotiatingViewResolver; SearchStrategy: all) did not find any beans (OnBeanCondition)

   WebSocketServletAutoConfiguration matched:
      - @ConditionalOnClass found required classes 'jakarta.servlet.Servlet', 'jakarta.websocket.server.ServerContainer' (OnClassCondition)
      - found 'session' scope (OnWebApplicationCondition)

   WebSocketServletAutoConfiguration.TomcatWebSocketConfiguration matched:
      - @ConditionalOnClass found required classes 'org.apache.catalina.startup.Tomcat', 'org.apache.tomcat.websocket.server.WsSci' (OnClassCondition)

   WebSocketServletAutoConfiguration.TomcatWebSocketConfiguration#websocketServletWebServerCustomizer matched:
      - @ConditionalOnMissingBean (names: websocketServletWebServerCustomizer; SearchStrategy: all) did not find any beans (OnBeanCondition)


Negative matches:
-----------------

   ActiveMQAutoConfiguration:
      Did not match:
         - @ConditionalOnClass did not find required class 'jakarta.jms.ConnectionFactory' (OnClassCondition)

   AopAutoConfiguration.AspectJAutoProxyingConfiguration:
      Did not match:
         - @ConditionalOnClass did not find required class 'org.aspectj.weaver.Advice' (OnClassCondition)

   ArtemisAutoConfiguration:
      Did not match:
         - @ConditionalOnClass did not find required class 'jakarta.jms.ConnectionFactory' (OnClassCondition)

   BatchAutoConfiguration:
      Did not match:
         - @ConditionalOnClass did not find required class 'org.springframework.batch.core.launch.JobLauncher' (OnClassCondition)

   Cache2kCacheConfiguration:
      Did not match:
         - @ConditionalOnClass did not find required class 'org.cache2k.Cache2kBuilder' (OnClassCondition)

   CacheAutoConfiguration:
      Did not match:
         - @ConditionalOnBean (types: org.springframework.cache.interceptor.CacheAspectSupport; SearchStrategy: all) did not find any beans of type org.springframework.cache.interceptor.CacheAspectSupport (OnBeanCondition)
      Matched:
         - @ConditionalOnClass found required class 'org.springframework.cache.CacheManager' (OnClassCondition)

   CacheAutoConfiguration.CacheManagerEntityManagerFactoryDependsOnPostProcessor:
      Did not match:
         - @ConditionalOnClass did not find required class 'org.springframework.orm.jpa.LocalContainerEntityManagerFactoryBean' (OnClassCondition)
         - Ancestor org.springframework.boot.autoconfigure.cache.CacheAutoConfiguration did not match (ConditionEvaluationReport.AncestorsMatchedCondition)

   CaffeineCacheConfiguration:
      Did not match:
         - @ConditionalOnClass did not find required class 'com.github.benmanes.caffeine.cache.Caffeine' (OnClassCondition)

   CassandraAutoConfiguration:
      Did not match:
         - @ConditionalOnClass did not find required class 'com.datastax.oss.driver.api.core.CqlSession' (OnClassCondition)

   CassandraDataAutoConfiguration:
      Did not match:
         - @ConditionalOnClass did not find required class 'com.datastax.oss.driver.api.core.CqlSession' (OnClassCondition)

   CassandraReactiveDataAutoConfiguration:
      Did not match:
         - @ConditionalOnClass did not find required class 'com.datastax.oss.driver.api.core.CqlSession' (OnClassCondition)

   CassandraReactiveRepositoriesAutoConfiguration:
      Did not match:
         - @ConditionalOnClass did not find required class 'org.springframework.data.cassandra.ReactiveSession' (OnClassCondition)

   CassandraRepositoriesAutoConfiguration:
      Did not match:
         - @ConditionalOnClass did not find required class 'com.datastax.oss.driver.api.core.CqlSession' (OnClassCondition)

   ClientHttpConnectorAutoConfiguration:
      Did not match:
         - @ConditionalOnClass did not find required class 'org.springframework.web.reactive.function.client.WebClient' (OnClassCondition)

   CodecsAutoConfiguration:
      Did not match:
         - @ConditionalOnClass did not find required class 'org.springframework.web.reactive.function.client.WebClient' (OnClassCondition)

   CouchbaseAutoConfiguration:
      Did not match:
         - @ConditionalOnClass did not find required class 'com.couchbase.client.java.Cluster' (OnClassCondition)

   CouchbaseCacheConfiguration:
      Did not match:
         - @ConditionalOnClass did not find required class 'com.couchbase.client.java.Cluster' (OnClassCondition)

   CouchbaseDataAutoConfiguration:
      Did not match:
         - @ConditionalOnClass did not find required class 'com.couchbase.client.java.Bucket' (OnClassCondition)

   CouchbaseReactiveDataAutoConfiguration:
      Did not match:
         - @ConditionalOnClass did not find required class 'com.couchbase.client.java.Cluster' (OnClassCondition)

   CouchbaseReactiveRepositoriesAutoConfiguration:
      Did not match:
         - @ConditionalOnClass did not find required class 'com.couchbase.client.java.Cluster' (OnClassCondition)

   CouchbaseRepositoriesAutoConfiguration:
      Did not match:
         - @ConditionalOnClass did not find required class 'com.couchbase.client.java.Bucket' (OnClassCondition)

   DataSourceAutoConfiguration.EmbeddedDatabaseConfiguration:
      Did not match:
         - EmbeddedDataSource spring.datasource.url is set (DataSourceAutoConfiguration.EmbeddedDatabaseCondition)

   DataSourceCheckpointRestoreConfiguration:
      Did not match:
         - @ConditionalOnClass did not find required class 'org.crac.Resource' (OnClassCondition)

   DataSourceConfiguration.Dbcp2:
      Did not match:
         - @ConditionalOnClass did not find required class 'org.apache.commons.dbcp2.BasicDataSource' (OnClassCondition)

   DataSourceConfiguration.Generic:
      Did not match:
         - @ConditionalOnProperty (spring.datasource.type) did not find property 'spring.datasource.type' (OnPropertyCondition)

   DataSourceConfiguration.OracleUcp:
      Did not match:
         - @ConditionalOnClass did not find required classes 'oracle.ucp.jdbc.PoolDataSourceImpl', 'oracle.jdbc.OracleConnection' (OnClassCondition)

   DataSourceConfiguration.Tomcat:
      Did not match:
         - @ConditionalOnClass did not find required class 'org.apache.tomcat.jdbc.pool.DataSource' (OnClassCondition)

   DataSourceJmxConfiguration.TomcatDataSourceJmxConfiguration:
      Did not match:
         - @ConditionalOnClass did not find required class 'org.apache.tomcat.jdbc.pool.DataSourceProxy' (OnClassCondition)

   DataSourcePoolMetadataProvidersConfiguration.CommonsDbcp2PoolDataSourceMetadataProviderConfiguration:
      Did not match:
         - @ConditionalOnClass did not find required class 'org.apache.commons.dbcp2.BasicDataSource' (OnClassCondition)

   DataSourcePoolMetadataProvidersConfiguration.OracleUcpPoolDataSourceMetadataProviderConfiguration:
      Did not match:
         - @ConditionalOnClass did not find required classes 'oracle.ucp.jdbc.PoolDataSource', 'oracle.jdbc.OracleConnection' (OnClassCondition)

   DataSourcePoolMetadataProvidersConfiguration.TomcatDataSourcePoolMetadataProviderConfiguration:
      Did not match:
         - @ConditionalOnClass did not find required class 'org.apache.tomcat.jdbc.pool.DataSource' (OnClassCondition)

   DevToolsDataSourceAutoConfiguration.DatabaseShutdownExecutorEntityManagerFactoryDependsOnPostProcessor:
      Did not match:
         - @ConditionalOnClass did not find required class 'org.springframework.orm.jpa.LocalContainerEntityManagerFactoryBean' (OnClassCondition)

   DevToolsR2dbcAutoConfiguration:
      Did not match:
         - @ConditionalOnClass did not find required class 'io.r2dbc.spi.ConnectionFactory' (OnClassCondition)

   DispatcherServletAutoConfiguration.DispatcherServletConfiguration#multipartResolver:
      Did not match:
         - @ConditionalOnBean (types: org.springframework.web.multipart.MultipartResolver; SearchStrategy: all) did not find any beans of type org.springframework.web.multipart.MultipartResolver (OnBeanCondition)

   ElasticsearchClientAutoConfiguration:
      Did not match:
         - @ConditionalOnClass did not find required class 'co.elastic.clients.elasticsearch.ElasticsearchClient' (OnClassCondition)

   ElasticsearchDataAutoConfiguration:
      Did not match:
         - @ConditionalOnClass did not find required class 'org.springframework.data.elasticsearch.client.elc.ElasticsearchTemplate' (OnClassCondition)

   ElasticsearchRepositoriesAutoConfiguration:
      Did not match:
         - @ConditionalOnClass did not find required class 'org.springframework.data.elasticsearch.repository.ElasticsearchRepository' (OnClassCondition)

   ElasticsearchRestClientAutoConfiguration:
      Did not match:
         - @ConditionalOnClass did not find required class 'org.elasticsearch.client.RestClientBuilder' (OnClassCondition)

   EmbeddedLdapAutoConfiguration:
      Did not match:
         - @ConditionalOnClass did not find required class 'com.unboundid.ldap.listener.InMemoryDirectoryServer' (OnClassCondition)

   EmbeddedWebServerFactoryCustomizerAutoConfiguration.JettyWebServerFactoryCustomizerConfiguration:
      Did not match:
         - @ConditionalOnClass did not find required classes 'org.eclipse.jetty.server.Server', 'org.eclipse.jetty.util.Loader', 'org.eclipse.jetty.ee10.webapp.WebAppContext' (OnClassCondition)

   EmbeddedWebServerFactoryCustomizerAutoConfiguration.NettyWebServerFactoryCustomizerConfiguration:
      Did not match:
         - @ConditionalOnClass did not find required class 'reactor.netty.http.server.HttpServer' (OnClassCondition)

   EmbeddedWebServerFactoryCustomizerAutoConfiguration.TomcatWebServerFactoryCustomizerConfiguration#tomcatVirtualThreadsProtocolHandlerCustomizer:
      Did not match:
         - @ConditionalOnThreading did not find VIRTUAL (OnThreadingCondition)

   EmbeddedWebServerFactoryCustomizerAutoConfiguration.UndertowWebServerFactoryCustomizerConfiguration:
      Did not match:
         - @ConditionalOnClass did not find required classes 'io.undertow.Undertow', 'org.xnio.SslClientAuthMode' (OnClassCondition)

   ErrorWebFluxAutoConfiguration:
      Did not match:
         - @ConditionalOnClass did not find required class 'org.springframework.web.reactive.config.WebFluxConfigurer' (OnClassCondition)

   FlywayAutoConfiguration:
      Did not match:
         - @ConditionalOnClass did not find required class 'org.flywaydb.core.Flyway' (OnClassCondition)

   FreeMarkerAutoConfiguration:
      Did not match:
         - @ConditionalOnClass did not find required class 'freemarker.template.Configuration' (OnClassCondition)

   GraphQlAutoConfiguration:
      Did not match:
         - @ConditionalOnClass did not find required class 'graphql.GraphQL' (OnClassCondition)

   GraphQlQueryByExampleAutoConfiguration:
      Did not match:
         - @ConditionalOnClass did not find required class 'graphql.GraphQL' (OnClassCondition)

   GraphQlQuerydslAutoConfiguration:
      Did not match:
         - @ConditionalOnClass did not find required class 'com.querydsl.core.Query' (OnClassCondition)

   GraphQlRSocketAutoConfiguration:
      Did not match:
         - @ConditionalOnClass did not find required class 'graphql.GraphQL' (OnClassCondition)

   GraphQlReactiveQueryByExampleAutoConfiguration:
      Did not match:
         - @ConditionalOnClass did not find required class 'graphql.GraphQL' (OnClassCondition)

   GraphQlReactiveQuerydslAutoConfiguration:
      Did not match:
         - @ConditionalOnClass did not find required class 'com.querydsl.core.Query' (OnClassCondition)

   GraphQlWebFluxAutoConfiguration:
      Did not match:
         - @ConditionalOnClass did not find required class 'graphql.GraphQL' (OnClassCondition)

   GraphQlWebFluxSecurityAutoConfiguration:
      Did not match:
         - @ConditionalOnClass did not find required class 'graphql.GraphQL' (OnClassCondition)

   GraphQlWebMvcAutoConfiguration:
      Did not match:
         - @ConditionalOnClass did not find required class 'graphql.GraphQL' (OnClassCondition)

   GraphQlWebMvcSecurityAutoConfiguration:
      Did not match:
         - @ConditionalOnClass did not find required class 'graphql.GraphQL' (OnClassCondition)

   GroovyTemplateAutoConfiguration:
      Did not match:
         - @ConditionalOnClass did not find required class 'groovy.text.markup.MarkupTemplateEngine' (OnClassCondition)

   GsonAutoConfiguration:
      Did not match:
         - @ConditionalOnClass did not find required class 'com.google.gson.Gson' (OnClassCondition)

   GsonHttpMessageConvertersConfiguration:
      Did not match:
         - @ConditionalOnClass did not find required class 'com.google.gson.Gson' (OnClassCondition)

   H2ConsoleAutoConfiguration:
      Did not match:
         - @ConditionalOnClass did not find required class 'org.h2.server.web.JakartaWebServlet' (OnClassCondition)

   HazelcastAutoConfiguration:
      Did not match:
         - @ConditionalOnClass did not find required class 'com.hazelcast.core.HazelcastInstance' (OnClassCondition)

   HazelcastCacheConfiguration:
      Did not match:
         - @ConditionalOnClass did not find required class 'com.hazelcast.core.HazelcastInstance' (OnClassCondition)

   HazelcastJpaDependencyAutoConfiguration:
      Did not match:
         - @ConditionalOnClass did not find required class 'com.hazelcast.core.HazelcastInstance' (OnClassCondition)

   HibernateJpaAutoConfiguration:
      Did not match:
         - @ConditionalOnClass did not find required class 'jakarta.persistence.EntityManager' (OnClassCondition)

   HttpHandlerAutoConfiguration:
      Did not match:
         - @ConditionalOnClass did not find required class 'org.springframework.web.reactive.DispatcherHandler' (OnClassCondition)

   HypermediaAutoConfiguration:
      Did not match:
         - @ConditionalOnClass did not find required class 'org.springframework.hateoas.EntityModel' (OnClassCondition)

   InfinispanCacheConfiguration:
      Did not match:
         - @ConditionalOnClass did not find required class 'org.infinispan.spring.embedded.provider.SpringEmbeddedCacheManager' (OnClassCondition)

   IntegrationAutoConfiguration:
      Did not match:
         - @ConditionalOnClass did not find required class 'org.springframework.integration.config.EnableIntegration' (OnClassCondition)

   JCacheCacheConfiguration:
      Did not match:
         - @ConditionalOnClass did not find required class 'javax.cache.Caching' (OnClassCondition)

   JacksonHttpMessageConvertersConfiguration.MappingJackson2XmlHttpMessageConverterConfiguration:
      Did not match:
         - @ConditionalOnClass did not find required class 'com.fasterxml.jackson.dataformat.xml.XmlMapper' (OnClassCondition)

   JdbcRepositoriesAutoConfiguration:
      Did not match:
         - @ConditionalOnClass did not find required class 'org.springframework.data.jdbc.repository.config.AbstractJdbcConfiguration' (OnClassCondition)

   JerseyAutoConfiguration:
      Did not match:
         - @ConditionalOnClass did not find required class 'org.glassfish.jersey.server.spring.SpringComponentProvider' (OnClassCondition)

   JmsAutoConfiguration:
      Did not match:
         - @ConditionalOnClass did not find required class 'jakarta.jms.Message' (OnClassCondition)

   JndiConnectionFactoryAutoConfiguration:
      Did not match:
         - @ConditionalOnClass did not find required class 'org.springframework.jms.core.JmsTemplate' (OnClassCondition)

   JndiDataSourceAutoConfiguration:
      Did not match:
         - @ConditionalOnProperty (spring.datasource.jndi-name) did not find property 'jndi-name' (OnPropertyCondition)
      Matched:
         - @ConditionalOnClass found required classes 'javax.sql.DataSource', 'org.springframework.jdbc.datasource.embedded.EmbeddedDatabaseType' (OnClassCondition)

   JooqAutoConfiguration:
      Did not match:
         - @ConditionalOnClass did not find required class 'org.jooq.DSLContext' (OnClassCondition)

   JpaRepositoriesAutoConfiguration:
      Did not match:
         - @ConditionalOnClass did not find required class 'org.springframework.data.jpa.repository.JpaRepository' (OnClassCondition)

   JsonbAutoConfiguration:
      Did not match:
         - @ConditionalOnClass did not find required class 'jakarta.json.bind.Jsonb' (OnClassCondition)

   JsonbHttpMessageConvertersConfiguration:
      Did not match:
         - @ConditionalOnClass did not find required class 'jakarta.json.bind.Jsonb' (OnClassCondition)

   JtaAutoConfiguration:
      Did not match:
         - @ConditionalOnClass did not find required class 'jakarta.transaction.Transaction' (OnClassCondition)

   KafkaAutoConfiguration:
      Did not match:
         - @ConditionalOnClass did not find required class 'org.springframework.kafka.core.KafkaTemplate' (OnClassCondition)

   LdapAutoConfiguration:
      Did not match:
         - @ConditionalOnClass did not find required class 'org.springframework.ldap.core.ContextSource' (OnClassCondition)

   LdapRepositoriesAutoConfiguration:
      Did not match:
         - @ConditionalOnClass did not find required class 'org.springframework.data.ldap.repository.LdapRepository' (OnClassCondition)

   LiquibaseAutoConfiguration:
      Did not match:
         - @ConditionalOnClass did not find required class 'liquibase.change.DatabaseChange' (OnClassCondition)

   MailSenderAutoConfiguration:
      Did not match:
         - @ConditionalOnClass did not find required class 'jakarta.activation.MimeType' (OnClassCondition)

   MailSenderValidatorAutoConfiguration:
      Did not match:
         - @ConditionalOnSingleCandidate did not find required type 'org.springframework.mail.javamail.JavaMailSenderImpl' (OnBeanCondition)

   MessageSourceAutoConfiguration:
      Did not match:
         - ResourceBundle did not find bundle with basename messages (MessageSourceAutoConfiguration.ResourceBundleCondition)

   MongoAutoConfiguration:
      Did not match:
         - @ConditionalOnClass did not find required class 'com.mongodb.client.MongoClient' (OnClassCondition)

   MongoDataAutoConfiguration:
      Did not match:
         - @ConditionalOnClass did not find required class 'com.mongodb.client.MongoClient' (OnClassCondition)

   MongoReactiveAutoConfiguration:
      Did not match:
         - @ConditionalOnClass did not find required class 'com.mongodb.reactivestreams.client.MongoClient' (OnClassCondition)

   MongoReactiveDataAutoConfiguration:
      Did not match:
         - @ConditionalOnClass did not find required class 'com.mongodb.reactivestreams.client.MongoClient' (OnClassCondition)

   MongoReactiveRepositoriesAutoConfiguration:
      Did not match:
         - @ConditionalOnClass did not find required class 'com.mongodb.reactivestreams.client.MongoClient' (OnClassCondition)

   MongoRepositoriesAutoConfiguration:
      Did not match:
         - @ConditionalOnClass did not find required class 'com.mongodb.client.MongoClient' (OnClassCondition)

   MustacheReactiveWebConfiguration:
      Did not match:
         - did not find reactive web application classes (OnWebApplicationCondition)

   MybatisLanguageDriverAutoConfiguration.FreeMarkerConfiguration:
      Did not match:
         - @ConditionalOnClass did not find required classes 'org.mybatis.scripting.freemarker.FreeMarkerLanguageDriver', 'org.mybatis.scripting.freemarker.FreeMarkerLanguageDriverConfig' (OnClassCondition)

   MybatisLanguageDriverAutoConfiguration.LegacyFreeMarkerConfiguration:
      Did not match:
         - @ConditionalOnClass did not find required class 'org.mybatis.scripting.freemarker.FreeMarkerLanguageDriver' (OnClassCondition)

   MybatisLanguageDriverAutoConfiguration.LegacyVelocityConfiguration:
      Did not match:
         - @ConditionalOnClass did not find required class 'org.mybatis.scripting.velocity.Driver' (OnClassCondition)

   MybatisLanguageDriverAutoConfiguration.ThymeleafConfiguration:
      Did not match:
         - @ConditionalOnClass did not find required class 'org.mybatis.scripting.thymeleaf.ThymeleafLanguageDriver' (OnClassCondition)

   MybatisLanguageDriverAutoConfiguration.VelocityConfiguration:
      Did not match:
         - @ConditionalOnClass did not find required classes 'org.mybatis.scripting.velocity.VelocityLanguageDriver', 'org.mybatis.scripting.velocity.VelocityLanguageDriverConfig' (OnClassCondition)

   Neo4jAutoConfiguration:
      Did not match:
         - @ConditionalOnClass did not find required class 'org.neo4j.driver.Driver' (OnClassCondition)

   Neo4jDataAutoConfiguration:
      Did not match:
         - @ConditionalOnClass did not find required class 'org.neo4j.driver.Driver' (OnClassCondition)

   Neo4jReactiveDataAutoConfiguration:
      Did not match:
         - @ConditionalOnClass did not find required class 'org.neo4j.driver.Driver' (OnClassCondition)

   Neo4jReactiveRepositoriesAutoConfiguration:
      Did not match:
         - @ConditionalOnClass did not find required class 'org.neo4j.driver.Driver' (OnClassCondition)

   Neo4jRepositoriesAutoConfiguration:
      Did not match:
         - @ConditionalOnClass did not find required class 'org.neo4j.driver.Driver' (OnClassCondition)

   NettyAutoConfiguration:
      Did not match:
         - @ConditionalOnClass did not find required class 'io.netty.util.NettyRuntime' (OnClassCondition)

   OAuth2AuthorizationServerAutoConfiguration:
      Did not match:
         - @ConditionalOnClass did not find required class 'org.springframework.security.oauth2.server.authorization.OAuth2Authorization' (OnClassCondition)

   OAuth2AuthorizationServerJwtAutoConfiguration:
      Did not match:
         - @ConditionalOnClass did not find required class 'com.nimbusds.jose.jwk.source.JWKSource' (OnClassCondition)

   OAuth2ClientAutoConfiguration:
      Did not match:
         - @ConditionalOnClass did not find required class 'org.springframework.security.config.annotation.web.configuration.EnableWebSecurity' (OnClassCondition)

   OAuth2ResourceServerAutoConfiguration:
      Did not match:
         - @ConditionalOnClass did not find required class 'org.springframework.security.oauth2.server.resource.authentication.BearerTokenAuthenticationToken' (OnClassCondition)

   ProjectInfoAutoConfiguration#buildProperties:
      Did not match:
         - @ConditionalOnResource did not find resource '${spring.info.build.location:classpath:META-INF/build-info.properties}' (OnResourceCondition)

   ProjectInfoAutoConfiguration#gitProperties:
      Did not match:
         - GitResource did not find git info at classpath:git.properties (ProjectInfoAutoConfiguration.GitResourceAvailableCondition)

   PulsarAutoConfiguration:
      Did not match:
         - @ConditionalOnClass did not find required class 'org.apache.pulsar.client.api.PulsarClient' (OnClassCondition)

   PulsarReactiveAutoConfiguration:
      Did not match:
         - @ConditionalOnClass did not find required class 'org.apache.pulsar.client.api.PulsarClient' (OnClassCondition)

   QuartzAutoConfiguration:
      Did not match:
         - @ConditionalOnClass did not find required class 'org.quartz.Scheduler' (OnClassCondition)

   R2dbcAutoConfiguration:
      Did not match:
         - @ConditionalOnClass did not find required class 'io.r2dbc.spi.ConnectionFactory' (OnClassCondition)

   R2dbcDataAutoConfiguration:
      Did not match:
         - @ConditionalOnClass did not find required class 'org.springframework.data.r2dbc.core.R2dbcEntityTemplate' (OnClassCondition)

   R2dbcInitializationConfiguration:
      Did not match:
         - @ConditionalOnClass did not find required classes 'io.r2dbc.spi.ConnectionFactory', 'org.springframework.r2dbc.connection.init.DatabasePopulator' (OnClassCondition)

   R2dbcProxyAutoConfiguration:
      Did not match:
         - @ConditionalOnClass did not find required class 'io.r2dbc.proxy.ProxyConnectionFactory' (OnClassCondition)

   R2dbcRepositoriesAutoConfiguration:
      Did not match:
         - @ConditionalOnClass did not find required class 'io.r2dbc.spi.ConnectionFactory' (OnClassCondition)

   R2dbcTransactionManagerAutoConfiguration:
      Did not match:
         - @ConditionalOnClass did not find required class 'org.springframework.r2dbc.connection.R2dbcTransactionManager' (OnClassCondition)

   RSocketGraphQlClientAutoConfiguration:
      Did not match:
         - @ConditionalOnClass did not find required class 'graphql.GraphQL' (OnClassCondition)

   RSocketMessagingAutoConfiguration:
      Did not match:
         - @ConditionalOnClass did not find required class 'io.rsocket.RSocket' (OnClassCondition)

   RSocketRequesterAutoConfiguration:
      Did not match:
         - @ConditionalOnClass did not find required class 'io.rsocket.RSocket' (OnClassCondition)

   RSocketSecurityAutoConfiguration:
      Did not match:
         - @ConditionalOnClass did not find required class 'org.springframework.security.rsocket.core.SecuritySocketAcceptorInterceptor' (OnClassCondition)

   RSocketServerAutoConfiguration:
      Did not match:
         - @ConditionalOnClass did not find required class 'io.rsocket.core.RSocketServer' (OnClassCondition)

   RSocketStrategiesAutoConfiguration:
      Did not match:
         - @ConditionalOnClass did not find required class 'io.netty.buffer.PooledByteBufAllocator' (OnClassCondition)

   RabbitAutoConfiguration:
      Did not match:
         - @ConditionalOnClass did not find required class 'com.rabbitmq.client.Channel' (OnClassCondition)

   ReactiveElasticsearchClientAutoConfiguration:
      Did not match:
         - @ConditionalOnClass did not find required class 'co.elastic.clients.transport.ElasticsearchTransport' (OnClassCondition)

   ReactiveElasticsearchRepositoriesAutoConfiguration:
      Did not match:
         - @ConditionalOnClass did not find required class 'reactor.core.publisher.Mono' (OnClassCondition)

   ReactiveMultipartAutoConfiguration:
      Did not match:
         - @ConditionalOnClass did not find required class 'org.springframework.web.reactive.config.WebFluxConfigurer' (OnClassCondition)

   ReactiveOAuth2ClientAutoConfiguration:
      Did not match:
         - @ConditionalOnClass did not find required class 'reactor.core.publisher.Flux' (OnClassCondition)

   ReactiveOAuth2ResourceServerAutoConfiguration:
      Did not match:
         - @ConditionalOnClass did not find required class 'org.springframework.security.config.annotation.web.reactive.EnableWebFluxSecurity' (OnClassCondition)

   ReactiveSecurityAutoConfiguration:
      Did not match:
         - @ConditionalOnClass did not find required class 'reactor.core.publisher.Flux' (OnClassCondition)

   ReactiveUserDetailsServiceAutoConfiguration:
      Did not match:
         - @ConditionalOnClass did not find required class 'org.springframework.security.authentication.ReactiveAuthenticationManager' (OnClassCondition)

   ReactiveWebServerFactoryAutoConfiguration:
      Did not match:
         - @ConditionalOnWebApplication did not find reactive web application classes (OnWebApplicationCondition)

   ReactorAutoConfiguration:
      Did not match:
         - @ConditionalOnClass did not find required class 'reactor.core.publisher.Hooks' (OnClassCondition)

   RedisAutoConfiguration:
      Did not match:
         - @ConditionalOnClass did not find required class 'org.springframework.data.redis.core.RedisOperations' (OnClassCondition)

   RedisCacheConfiguration:
      Did not match:
         - @ConditionalOnClass did not find required class 'org.springframework.data.redis.connection.RedisConnectionFactory' (OnClassCondition)

   RedisReactiveAutoConfiguration:
      Did not match:
         - @ConditionalOnClass did not find required class 'reactor.core.publisher.Flux' (OnClassCondition)

   RedisRepositoriesAutoConfiguration:
      Did not match:
         - @ConditionalOnClass did not find required class 'org.springframework.data.redis.repository.configuration.EnableRedisRepositories' (OnClassCondition)

   RemoteDevToolsAutoConfiguration:
      Did not match:
         - @ConditionalOnProperty (spring.devtools.remote.secret) did not find property 'secret' (OnPropertyCondition)
      Matched:
         - @ConditionalOnClass found required classes 'jakarta.servlet.Filter', 'org.springframework.http.server.ServerHttpRequest' (OnClassCondition)

   RepositoryRestMvcAutoConfiguration:
      Did not match:
         - @ConditionalOnClass did not find required class 'org.springframework.data.rest.webmvc.config.RepositoryRestMvcConfiguration' (OnClassCondition)

   Saml2RelyingPartyAutoConfiguration:
      Did not match:
         - @ConditionalOnClass did not find required class 'org.springframework.security.saml2.provider.service.registration.RelyingPartyRegistrationRepository' (OnClassCondition)

   SecurityAutoConfiguration:
      Did not match:
         - @ConditionalOnClass did not find required class 'org.springframework.security.authentication.DefaultAuthenticationEventPublisher' (OnClassCondition)

   SecurityFilterAutoConfiguration:
      Did not match:
         - @ConditionalOnClass did not find required class 'org.springframework.security.config.http.SessionCreationPolicy' (OnClassCondition)

   SendGridAutoConfiguration:
      Did not match:
         - @ConditionalOnClass did not find required class 'com.sendgrid.SendGrid' (OnClassCondition)

   ServletWebServerFactoryAutoConfiguration.ForwardedHeaderFilterConfiguration:
      Did not match:
         - @ConditionalOnProperty (server.forward-headers-strategy=framework) did not find property 'server.forward-headers-strategy' (OnPropertyCondition)

   ServletWebServerFactoryConfiguration.EmbeddedJetty:
      Did not match:
         - @ConditionalOnClass did not find required classes 'org.eclipse.jetty.server.Server', 'org.eclipse.jetty.util.Loader', 'org.eclipse.jetty.ee10.webapp.WebAppContext' (OnClassCondition)

   ServletWebServerFactoryConfiguration.EmbeddedUndertow:
      Did not match:
         - @ConditionalOnClass did not find required classes 'io.undertow.Undertow', 'org.xnio.SslClientAuthMode' (OnClassCondition)

   SessionAutoConfiguration:
      Did not match:
         - @ConditionalOnClass did not find required class 'org.springframework.session.Session' (OnClassCondition)

   SpringDataWebAutoConfiguration:
      Did not match:
         - @ConditionalOnClass did not find required class 'org.springframework.data.web.PageableHandlerMethodArgumentResolver' (OnClassCondition)

   TaskExecutorConfigurations.SimpleAsyncTaskExecutorBuilderConfiguration#simpleAsyncTaskExecutorBuilderVirtualThreads:
      Did not match:
         - @ConditionalOnMissingBean (types: org.springframework.boot.task.SimpleAsyncTaskExecutorBuilder; SearchStrategy: all) found beans of type 'org.springframework.boot.task.SimpleAsyncTaskExecutorBuilder' simpleAsyncTaskExecutorBuilder (OnBeanCondition)

   TaskExecutorConfigurations.TaskExecutorConfiguration#applicationTaskExecutorVirtualThreads:
      Did not match:
         - @ConditionalOnThreading did not find VIRTUAL (OnThreadingCondition)

   TaskSchedulingAutoConfiguration#scheduledBeanLazyInitializationExcludeFilter:
      Did not match:
         - @ConditionalOnBean (names: org.springframework.context.annotation.internalScheduledAnnotationProcessor; SearchStrategy: all) did not find any beans named org.springframework.context.annotation.internalScheduledAnnotationProcessor (OnBeanCondition)

   TaskSchedulingConfigurations.SimpleAsyncTaskSchedulerBuilderConfiguration#simpleAsyncTaskSchedulerBuilderVirtualThreads:
      Did not match:
         - @ConditionalOnMissingBean (types: org.springframework.boot.task.SimpleAsyncTaskSchedulerBuilder; SearchStrategy: all) found beans of type 'org.springframework.boot.task.SimpleAsyncTaskSchedulerBuilder' simpleAsyncTaskSchedulerBuilder (OnBeanCondition)

   TaskSchedulingConfigurations.TaskSchedulerConfiguration:
      Did not match:
         - @ConditionalOnBean (names: org.springframework.context.annotation.internalScheduledAnnotationProcessor; SearchStrategy: all) did not find any beans named org.springframework.context.annotation.internalScheduledAnnotationProcessor (OnBeanCondition)

   ThymeleafAutoConfiguration:
      Did not match:
         - @ConditionalOnClass did not find required class 'org.thymeleaf.spring6.SpringTemplateEngine' (OnClassCondition)

   TransactionAutoConfiguration#transactionalOperator:
      Did not match:
         - @ConditionalOnSingleCandidate (types: org.springframework.transaction.ReactiveTransactionManager; SearchStrategy: all) did not find any beans (OnBeanCondition)

   TransactionAutoConfiguration.AspectJTransactionManagementConfiguration:
      Did not match:
         - @ConditionalOnBean did not find required type 'org.springframework.transaction.aspectj.AbstractTransactionAspect' (OnBeanCondition)
         - @ConditionalOnBean (types: org.springframework.transaction.aspectj.AbstractTransactionAspect; SearchStrategy: all) did not find any beans of type org.springframework.transaction.aspectj.AbstractTransactionAspect (OnBeanCondition)

   TransactionAutoConfiguration.EnableTransactionManagementConfiguration.JdkDynamicAutoProxyConfiguration:
      Did not match:
         - @ConditionalOnProperty (spring.aop.proxy-target-class=false) did not find property 'proxy-target-class' (OnPropertyCondition)

   UserDetailsServiceAutoConfiguration:
      Did not match:
         - @ConditionalOnClass did not find required class 'org.springframework.security.authentication.AuthenticationManager' (OnClassCondition)

   WebClientAutoConfiguration:
      Did not match:
         - @ConditionalOnClass did not find required class 'org.springframework.web.reactive.function.client.WebClient' (OnClassCondition)

   WebFluxAutoConfiguration:
      Did not match:
         - @ConditionalOnClass did not find required class 'org.springframework.web.reactive.config.WebFluxConfigurer' (OnClassCondition)

   WebMvcAutoConfiguration#hiddenHttpMethodFilter:
      Did not match:
         - @ConditionalOnProperty (spring.mvc.hiddenmethod.filter.enabled) did not find property 'enabled' (OnPropertyCondition)

   WebMvcAutoConfiguration.ProblemDetailsErrorHandlingConfiguration:
      Did not match:
         - @ConditionalOnProperty (spring.mvc.problemdetails.enabled=true) did not find property 'enabled' (OnPropertyCondition)

   WebMvcAutoConfiguration.ResourceChainCustomizerConfiguration:
      Did not match:
         - @ConditionalOnEnabledResourceChain did not find class org.webjars.WebJarVersionLocator (OnEnabledResourceChainCondition)

   WebMvcAutoConfiguration.WebMvcAutoConfigurationAdapter#beanNameViewResolver:
      Did not match:
         - @ConditionalOnMissingBean (types: org.springframework.web.servlet.view.BeanNameViewResolver; SearchStrategy: all) found beans of type 'org.springframework.web.servlet.view.BeanNameViewResolver' beanNameViewResolver (OnBeanCondition)

   WebServiceTemplateAutoConfiguration:
      Did not match:
         - @ConditionalOnClass did not find required class 'org.springframework.oxm.Marshaller' (OnClassCondition)

   WebServicesAutoConfiguration:
      Did not match:
         - @ConditionalOnClass did not find required class 'org.springframework.ws.transport.http.MessageDispatcherServlet' (OnClassCondition)

   WebSessionIdResolverAutoConfiguration:
      Did not match:
         - @ConditionalOnClass did not find required class 'reactor.core.publisher.Mono' (OnClassCondition)

   WebSocketMessagingAutoConfiguration:
      Did not match:
         - @ConditionalOnClass did not find required class 'org.springframework.web.socket.config.annotation.WebSocketMessageBrokerConfigurer' (OnClassCondition)

   WebSocketReactiveAutoConfiguration:
      Did not match:
         - @ConditionalOnWebApplication did not find reactive web application classes (OnWebApplicationCondition)

   WebSocketServletAutoConfiguration.JettyWebSocketConfiguration:
      Did not match:
         - @ConditionalOnClass did not find required class 'org.eclipse.jetty.ee10.websocket.jakarta.server.config.JakartaWebSocketServletContainerInitializer' (OnClassCondition)

   WebSocketServletAutoConfiguration.UndertowWebSocketConfiguration:
      Did not match:
         - @ConditionalOnClass did not find required class 'io.undertow.websockets.jsr.Bootstrap' (OnClassCondition)

   XADataSourceAutoConfiguration:
      Did not match:
         - @ConditionalOnClass did not find required class 'jakarta.transaction.TransactionManager' (OnClassCondition)


Exclusions:
-----------

    None


Unconditional classes:
----------------------

    org.springframework.boot.autoconfigure.context.ConfigurationPropertiesAutoConfiguration

    org.springframework.boot.autoconfigure.ssl.SslAutoConfiguration

    org.springframework.boot.autoconfigure.context.LifecycleAutoConfiguration

    org.springframework.boot.autoconfigure.context.PropertyPlaceholderAutoConfiguration

    org.springframework.boot.autoconfigure.availability.ApplicationAvailabilityAutoConfiguration

    org.springframework.boot.autoconfigure.info.ProjectInfoAutoConfiguration



INFO  25-08-26 12:36:07[restartedMain] [SwimcrudApplication:59] - Started SwimcrudApplication in 3.782 seconds (process running for 5.525)
DEBUG 25-08-26 12:36:07[restartedMain] [ApplicationAvailabilityBean:77] - Application availability state LivenessState changed to CORRECT
DEBUG 25-08-26 12:36:07[restartedMain] [Restarter:251] - Creating new Restarter for thread Thread[#1,main,5,main]
DEBUG 25-08-26 12:36:07[restartedMain] [Restarter:251] - Immediately restarting application
DEBUG 25-08-26 12:36:07[restartedMain] [Restarter:251] - Starting application com.mjc813.swimcrud.SwimcrudApplication with URLs [file:/C:/Users/eyese/lys_mjc813Exam/swimcrud/target/classes/]
DEBUG 25-08-26 12:36:07[restartedMain] [ApplicationAvailabilityBean:77] - Application availability state ReadinessState changed to ACCEPTING_TRAFFIC
INFO  25-08-26 12:36:17[http-nio-8089-exec-3] [[/]:168] - Initializing Spring DispatcherServlet 'dispatcherServlet'
INFO  25-08-26 12:36:17[http-nio-8089-exec-3] [DispatcherServlet:532] - Initializing Servlet 'dispatcherServlet'
DEBUG 25-08-26 12:36:17[http-nio-8089-exec-3] [DispatcherServlet:533] - Detected StandardServletMultipartResolver
DEBUG 25-08-26 12:36:17[http-nio-8089-exec-3] [DispatcherServlet:557] - Detected AcceptHeaderLocaleResolver
DEBUG 25-08-26 12:36:17[http-nio-8089-exec-3] [DispatcherServlet:583] - Detected FixedThemeResolver
DEBUG 25-08-26 12:36:17[http-nio-8089-exec-3] [DispatcherServlet:733] - Detected org.springframework.web.servlet.view.DefaultRequestToViewNameTranslator@32765944
DEBUG 25-08-26 12:36:17[http-nio-8089-exec-3] [DispatcherServlet:797] - Detected org.springframework.web.servlet.support.SessionFlashMapManager@46b5135d
DEBUG 25-08-26 12:36:17[http-nio-8089-exec-3] [DispatcherServlet:549] - enableLoggingRequestDetails='false': request parameters and headers will be masked to prevent unsafe logging of potentially sensitive data
INFO  25-08-26 12:36:17[http-nio-8089-exec-3] [DispatcherServlet:554] - Completed initialization in 6 ms
DEBUG 25-08-26 12:36:18[http-nio-8089-exec-3] [DispatcherServlet:120] - GET "/", parameters={}
DEBUG 25-08-26 12:36:18[http-nio-8089-exec-3] [WelcomePageHandlerMapping:533] - Mapped to ParameterizableViewController [view="index"]
DEBUG 25-08-26 12:36:18[http-nio-8089-exec-3] [ContentNegotiatingViewResolver:354] - Selected 'text/html' given [text/html, application/xhtml+xml, image/avif, image/webp, image/apng, application/xml;q=0.9, */*;q=0.8, application/signed-exchange;v=b3;q=0.7]
DEBUG 25-08-26 12:36:18[http-nio-8089-exec-3] [MustacheView:307] - View name [index], model {}
DEBUG 25-08-26 12:36:18[http-nio-8089-exec-3] [MustacheView:178] - Rendering [classpath:/templates/index.html]
DEBUG 25-08-26 12:36:18[http-nio-8089-exec-3] [DispatcherServlet:1138] - Completed 200 OK
DEBUG 25-08-26 12:36:18[http-nio-8089-exec-6] [DispatcherServlet:120] - GET "/favicon.ico", parameters={}
DEBUG 25-08-26 12:36:18[http-nio-8089-exec-6] [SimpleUrlHandlerMapping:533] - Mapped to ResourceHttpRequestHandler [classpath [META-INF/resources/], classpath [resources/], classpath [static/], classpath [public/], ServletContext [/]]
DEBUG 25-08-26 12:36:18[http-nio-8089-exec-6] [ResourceHttpRequestHandler:584] - Resource not found
DEBUG 25-08-26 12:36:18[http-nio-8089-exec-6] [DefaultHandlerExceptionResolver:702] - Resolved [org.springframework.web.servlet.resource.NoResourceFoundException: No static resource favicon.ico.]
DEBUG 25-08-26 12:36:18[http-nio-8089-exec-6] [DispatcherServlet:1138] - Completed 404 NOT_FOUND
DEBUG 25-08-26 12:36:18[http-nio-8089-exec-6] [DispatcherServlet:120] - "ERROR" dispatch for GET "/error", parameters={}
DEBUG 25-08-26 12:36:18[http-nio-8089-exec-6] [RequestMappingHandlerMapping:533] - Mapped to org.springframework.boot.autoconfigure.web.servlet.error.BasicErrorController#error(HttpServletRequest)
DEBUG 25-08-26 12:36:18[http-nio-8089-exec-6] [HttpEntityMethodProcessor:310] - Using 'application/json;q=0.8', given [image/avif, image/webp, image/apng, image/svg+xml, image/*, */*;q=0.8] and supported [application/json, application/*+json]
DEBUG 25-08-26 12:36:18[http-nio-8089-exec-6] [HttpEntityMethodProcessor:120] - Writing [{timestamp=Tue Aug 26 12:36:18 KST 2025, status=404, error=Not Found, trace=org.springframework.web. (truncated)...]
DEBUG 25-08-26 12:36:18[http-nio-8089-exec-6] [DispatcherServlet:1135] - Exiting from "ERROR" dispatch, status 404
DEBUG 25-08-26 12:36:20[http-nio-8089-exec-2] [DispatcherServlet:120] - GET "/swimpool/list", parameters={}
DEBUG 25-08-26 12:36:20[http-nio-8089-exec-2] [RequestMappingHandlerMapping:533] - Mapped to com.mjc813.swimcrud.swimpool.apicontroller.SwimpoolApiController#list()
DEBUG 25-08-26 12:36:20[http-nio-8089-exec-2] [SqlSessionUtils:49] - Creating a new SqlSession
DEBUG 25-08-26 12:36:20[http-nio-8089-exec-2] [SqlSessionUtils:49] - SqlSession [org.apache.ibatis.session.defaults.DefaultSqlSession@14691fd2] was not registered for synchronization because synchronization is not active
DEBUG 25-08-26 12:36:20[http-nio-8089-exec-2] [DataSourceUtils:117] - Fetching JDBC Connection from DataSource
DEBUG 25-08-26 12:36:20[http-nio-8089-exec-2] [HikariConfig:1106] - HikariPool-1 - configuration:
DEBUG 25-08-26 12:36:20[http-nio-8089-exec-2] [HikariConfig:1138] - allowPoolSuspension.............false
DEBUG 25-08-26 12:36:20[http-nio-8089-exec-2] [HikariConfig:1138] - autoCommit......................true
DEBUG 25-08-26 12:36:20[http-nio-8089-exec-2] [HikariConfig:1138] - catalog.........................none
DEBUG 25-08-26 12:36:20[http-nio-8089-exec-2] [HikariConfig:1138] - connectionInitSql...............none
DEBUG 25-08-26 12:36:20[http-nio-8089-exec-2] [HikariConfig:1138] - connectionTestQuery.............none
DEBUG 25-08-26 12:36:20[http-nio-8089-exec-2] [HikariConfig:1138] - connectionTimeout...............30000
DEBUG 25-08-26 12:36:20[http-nio-8089-exec-2] [HikariConfig:1138] - dataSource......................none
DEBUG 25-08-26 12:36:20[http-nio-8089-exec-2] [HikariConfig:1138] - dataSourceClassName.............none
DEBUG 25-08-26 12:36:20[http-nio-8089-exec-2] [HikariConfig:1138] - dataSourceJNDI..................none
DEBUG 25-08-26 12:36:20[http-nio-8089-exec-2] [HikariConfig:1138] - dataSourceProperties............{password=<masked>}
DEBUG 25-08-26 12:36:20[http-nio-8089-exec-2] [HikariConfig:1138] - driverClassName................."net.sf.log4jdbc.sql.jdbcapi.DriverSpy"
DEBUG 25-08-26 12:36:20[http-nio-8089-exec-2] [HikariConfig:1138] - exceptionOverrideClassName......none
DEBUG 25-08-26 12:36:20[http-nio-8089-exec-2] [HikariConfig:1138] - healthCheckProperties...........{}
DEBUG 25-08-26 12:36:20[http-nio-8089-exec-2] [HikariConfig:1138] - healthCheckRegistry.............none
DEBUG 25-08-26 12:36:20[http-nio-8089-exec-2] [HikariConfig:1138] - idleTimeout.....................600000
DEBUG 25-08-26 12:36:20[http-nio-8089-exec-2] [HikariConfig:1138] - initializationFailTimeout.......1
DEBUG 25-08-26 12:36:20[http-nio-8089-exec-2] [HikariConfig:1138] - isolateInternalQueries..........false
DEBUG 25-08-26 12:36:20[http-nio-8089-exec-2] [HikariConfig:1138] - jdbcUrl.........................jdbc:log4jdbc:mysql://localhost:3306/swimpool_db?serverTimezone=Asia/Seoul&characterEncoding=UTF-8
DEBUG 25-08-26 12:36:20[http-nio-8089-exec-2] [HikariConfig:1138] - keepaliveTime...................0
DEBUG 25-08-26 12:36:20[http-nio-8089-exec-2] [HikariConfig:1138] - leakDetectionThreshold..........0
DEBUG 25-08-26 12:36:20[http-nio-8089-exec-2] [HikariConfig:1138] - maxLifetime.....................1800000
DEBUG 25-08-26 12:36:20[http-nio-8089-exec-2] [HikariConfig:1138] - maximumPoolSize.................10
DEBUG 25-08-26 12:36:20[http-nio-8089-exec-2] [HikariConfig:1138] - metricRegistry..................none
DEBUG 25-08-26 12:36:20[http-nio-8089-exec-2] [HikariConfig:1138] - metricsTrackerFactory...........none
DEBUG 25-08-26 12:36:20[http-nio-8089-exec-2] [HikariConfig:1138] - minimumIdle.....................10
DEBUG 25-08-26 12:36:20[http-nio-8089-exec-2] [HikariConfig:1138] - password........................<masked>
DEBUG 25-08-26 12:36:20[http-nio-8089-exec-2] [HikariConfig:1138] - poolName........................"HikariPool-1"
DEBUG 25-08-26 12:36:20[http-nio-8089-exec-2] [HikariConfig:1138] - readOnly........................false
DEBUG 25-08-26 12:36:20[http-nio-8089-exec-2] [HikariConfig:1138] - registerMbeans..................false
DEBUG 25-08-26 12:36:20[http-nio-8089-exec-2] [HikariConfig:1138] - scheduledExecutor...............none
DEBUG 25-08-26 12:36:20[http-nio-8089-exec-2] [HikariConfig:1138] - schema..........................none
DEBUG 25-08-26 12:36:20[http-nio-8089-exec-2] [HikariConfig:1138] - threadFactory...................internal
DEBUG 25-08-26 12:36:20[http-nio-8089-exec-2] [HikariConfig:1138] - transactionIsolation............default
DEBUG 25-08-26 12:36:20[http-nio-8089-exec-2] [HikariConfig:1138] - username........................"swimmer"
DEBUG 25-08-26 12:36:20[http-nio-8089-exec-2] [HikariConfig:1138] - validationTimeout...............5000
INFO  25-08-26 12:36:20[http-nio-8089-exec-2] [HikariDataSource:109] - HikariPool-1 - Starting...
INFO  25-08-26 12:36:21[http-nio-8089-exec-2] [log4j2:365] -  com.zaxxer.hikari.util.DriverDataSource.getConnection(DriverDataSource.java:137)
1. Connection opened. {executed in 1134ms} 
open connections:  1 (1)
INFO  25-08-26 12:36:21[http-nio-8089-exec-2] [log4j2:197] -  com.zaxxer.hikari.util.DriverDataSource.getConnection(DriverDataSource.java:137)
1. Connection.new Connection returned 
INFO  25-08-26 12:36:21[http-nio-8089-exec-2] [log4j2:197] -  com.zaxxer.hikari.pool.PoolBase.getAndSetNetworkTimeout(PoolBase.java:528)
1. Connection.getNetworkTimeout() returned 0
INFO  25-08-26 12:36:21[http-nio-8089-exec-2] [log4j2:197] -  com.zaxxer.hikari.pool.PoolBase.setupConnection(PoolBase.java:404)
1. Connection.isReadOnly() returned false
INFO  25-08-26 12:36:21[http-nio-8089-exec-2] [log4j2:197] -  com.zaxxer.hikari.pool.PoolBase.setupConnection(PoolBase.java:408)
1. Connection.getAutoCommit() returned true
INFO  25-08-26 12:36:21[http-nio-8089-exec-2] [log4j2:197] -  com.zaxxer.hikari.pool.PoolBase.checkValidationSupport(PoolBase.java:460)
1. Connection.isValid(1) returned true
INFO  25-08-26 12:36:21[http-nio-8089-exec-2] [log4j2:197] -  com.zaxxer.hikari.pool.PoolBase.checkDefaultIsolation(PoolBase.java:481)
1. Connection.getTransactionIsolation() returned 4
INFO  25-08-26 12:36:21[http-nio-8089-exec-2] [HikariPool:554] - HikariPool-1 - Added connection net.sf.log4jdbc.sql.jdbcapi.ConnectionSpy@3491c456
INFO  25-08-26 12:36:21[http-nio-8089-exec-2] [HikariDataSource:122] - HikariPool-1 - Start completed.
INFO  25-08-26 12:36:21[http-nio-8089-exec-2] [log4j2:197] -  com.zaxxer.hikari.pool.HikariProxyConnection.getAutoCommit(HikariProxyConnection.java:-1)
1. Connection.getAutoCommit() returned true
DEBUG 25-08-26 12:36:21[http-nio-8089-exec-2] [SpringManagedTransaction:49] - JDBC Connection [HikariProxyConnection@620883248 wrapping net.sf.log4jdbc.sql.jdbcapi.ConnectionSpy@3491c456] will not be managed by Spring
DEBUG 25-08-26 12:36:21[http-nio-8089-exec-2] [findAll:135] - ==>  Preparing: SELECT id , name , lanes , lane_type , phone_number , addr FROM swimpool_tbl ORDER BY id
INFO  25-08-26 12:36:21[http-nio-8089-exec-2] [log4j2:197] -  com.zaxxer.hikari.pool.ProxyConnection.prepareStatement(ProxyConnection.java:328)
1. PreparedStatement.new PreparedStatement returned 
INFO  25-08-26 12:36:21[http-nio-8089-exec-2] [log4j2:197] -  com.zaxxer.hikari.pool.ProxyConnection.prepareStatement(ProxyConnection.java:328)
1. Connection.prepareStatement(SELECT
            id
            , name
            , lanes
            , lane_type
            , phone_number
            , addr
        FROM swimpool_tbl
        ORDER BY id) returned net.sf.log4jdbc.sql.jdbcapi.PreparedStatementSpy@7413a7bb
DEBUG 25-08-26 12:36:21[http-nio-8089-exec-2] [findAll:135] - ==> Parameters: 
DEBUG 25-08-26 12:36:21[HikariPool-1 housekeeper] [HikariPool:405] - HikariPool-1 - Pool stats (total=1, active=1, idle=0, waiting=0)
INFO  25-08-26 12:36:21[HikariPool-1 connection adder] [log4j2:365] -  com.zaxxer.hikari.util.DriverDataSource.getConnection(DriverDataSource.java:137)
2. Connection opened. {executed in 48ms} 
open connections:  1 2 (2)
INFO  25-08-26 12:36:21[HikariPool-1 connection adder] [log4j2:197] -  com.zaxxer.hikari.util.DriverDataSource.getConnection(DriverDataSource.java:137)
2. Connection.new Connection returned 
INFO  25-08-26 12:36:21[HikariPool-1 connection adder] [log4j2:197] -  com.zaxxer.hikari.pool.PoolBase.setupConnection(PoolBase.java:404)
2. Connection.isReadOnly() returned false
INFO  25-08-26 12:36:21[HikariPool-1 connection adder] [log4j2:197] -  com.zaxxer.hikari.pool.PoolBase.setupConnection(PoolBase.java:408)
2. Connection.getAutoCommit() returned true
DEBUG 25-08-26 12:36:21[HikariPool-1 connection adder] [HikariPool:728] - HikariPool-1 - Added connection net.sf.log4jdbc.sql.jdbcapi.ConnectionSpy@58819fd7
DEBUG 25-08-26 12:36:21[HikariPool-1 connection adder] [HikariPool:405] - HikariPool-1 - After adding stats (total=2, active=1, idle=1, waiting=0)
INFO  25-08-26 12:36:21[http-nio-8089-exec-2] [log4j2:243] -  com.zaxxer.hikari.pool.ProxyPreparedStatement.execute(ProxyPreparedStatement.java:44)
1. SELECT id , name , lanes , lane_type , phone_number , addr FROM swimpool_tbl ORDER BY id  {executed in 136 ms}
INFO  25-08-26 12:36:22[http-nio-8089-exec-2] [log4j2:197] -  com.zaxxer.hikari.pool.ProxyPreparedStatement.execute(ProxyPreparedStatement.java:44)
1. PreparedStatement.execute() returned true
INFO  25-08-26 12:36:22[http-nio-8089-exec-2] [log4j2:197] -  com.zaxxer.hikari.pool.ProxyStatement.getResultSet(ProxyStatement.java:213)
1. ResultSet.new ResultSet returned 
INFO  25-08-26 12:36:22[http-nio-8089-exec-2] [log4j2:197] -  com.zaxxer.hikari.pool.ProxyStatement.getResultSet(ProxyStatement.java:213)
1. PreparedStatement.getResultSet() returned net.sf.log4jdbc.sql.jdbcapi.ResultSetSpy@1ce7346f
INFO  25-08-26 12:36:22[HikariPool-1 connection adder] [log4j2:365] -  com.zaxxer.hikari.util.DriverDataSource.getConnection(DriverDataSource.java:137)
3. Connection opened. {executed in 43ms} 
open connections:  1 2 3 (3)
INFO  25-08-26 12:36:22[HikariPool-1 connection adder] [log4j2:197] -  com.zaxxer.hikari.util.DriverDataSource.getConnection(DriverDataSource.java:137)
3. Connection.new Connection returned 
INFO  25-08-26 12:36:22[HikariPool-1 connection adder] [log4j2:197] -  com.zaxxer.hikari.pool.PoolBase.setupConnection(PoolBase.java:404)
3. Connection.isReadOnly() returned false
INFO  25-08-26 12:36:22[HikariPool-1 connection adder] [log4j2:197] -  com.zaxxer.hikari.pool.PoolBase.setupConnection(PoolBase.java:408)
3. Connection.getAutoCommit() returned true
DEBUG 25-08-26 12:36:22[HikariPool-1 connection adder] [HikariPool:728] - HikariPool-1 - Added connection net.sf.log4jdbc.sql.jdbcapi.ConnectionSpy@5fb2ba4f
INFO  25-08-26 12:36:22[http-nio-8089-exec-2] [log4j2:197] -  com.zaxxer.hikari.pool.HikariProxyResultSet.getMetaData(HikariProxyResultSet.java:-1)
1. ResultSet.getMetaData() returned com.mysql.cj.jdbc.result.ResultSetMetaData@38a89c2c - Field level information: 
	com.mysql.cj.result.Field@e409c90[dbName=swimpool_db,tableName=swimpool_tbl,originalTableName=swimpool_tbl,columnName=id,originalColumnName=id,mysqlType=3(FIELD_TYPE_INT),sqlType=4,flags= AUTO_INCREMENT PRIMARY_KEY, charsetIndex=63, charsetName=ISO-8859-1]
	com.mysql.cj.result.Field@512f8939[dbName=swimpool_db,tableName=swimpool_tbl,originalTableName=swimpool_tbl,columnName=name,originalColumnName=name,mysqlType=253(FIELD_TYPE_VARCHAR),sqlType=12,flags=, charsetIndex=45, charsetName=UTF-8]
	com.mysql.cj.result.Field@50489c9b[dbName=swimpool_db,tableName=swimpool_tbl,originalTableName=swimpool_tbl,columnName=lanes,originalColumnName=lanes,mysqlType=3(FIELD_TYPE_INT),sqlType=4,flags=, charsetIndex=63, charsetName=ISO-8859-1]
	com.mysql.cj.result.Field@2c7d3342[dbName=swimpool_db,tableName=swimpool_tbl,originalTableName=swimpool_tbl,columnName=lane_type,originalColumnName=lane_type,mysqlType=253(FIELD_TYPE_VARCHAR),sqlType=12,flags=, charsetIndex=45, charsetName=UTF-8]
	com.mysql.cj.result.Field@26539e41[dbName=swimpool_db,tableName=swimpool_tbl,originalTableName=swimpool_tbl,columnName=phone_number,originalColumnName=phone_number,mysqlType=253(FIELD_TYPE_VARCHAR),sqlType=12,flags=, charsetIndex=45, charsetName=UTF-8]
	com.mysql.cj.result.Field@b18bdf3[dbName=swimpool_db,tableName=swimpool_tbl,originalTableName=swimpool_tbl,columnName=addr,originalColumnName=addr,mysqlType=253(FIELD_TYPE_VARCHAR),sqlType=12,flags=, charsetIndex=45, charsetName=UTF-8]
INFO  25-08-26 12:36:22[http-nio-8089-exec-2] [log4j2:197] -  com.zaxxer.hikari.pool.HikariProxyResultSet.getType(HikariProxyResultSet.java:-1)
1. ResultSet.getType() returned 1003
INFO  25-08-26 12:36:22[http-nio-8089-exec-2] [log4j2:197] -  com.zaxxer.hikari.pool.HikariProxyResultSet.isClosed(HikariProxyResultSet.java:-1)
1. ResultSet.isClosed() returned false
INFO  25-08-26 12:36:22[http-nio-8089-exec-2] [log4j2:197] -  com.zaxxer.hikari.pool.HikariProxyResultSet.next(HikariProxyResultSet.java:-1)
1. ResultSet.next() returned true
INFO  25-08-26 12:36:22[http-nio-8089-exec-2] [log4j2:197] -  com.zaxxer.hikari.pool.HikariProxyResultSet.getInt(HikariProxyResultSet.java:-1)
1. ResultSet.getInt(id) returned 1
INFO  25-08-26 12:36:22[http-nio-8089-exec-2] [log4j2:197] -  com.zaxxer.hikari.pool.HikariProxyResultSet.getString(HikariProxyResultSet.java:-1)
1. ResultSet.getString(name) returned A수영장
INFO  25-08-26 12:36:22[http-nio-8089-exec-2] [log4j2:197] -  com.zaxxer.hikari.pool.HikariProxyResultSet.getInt(HikariProxyResultSet.java:-1)
1. ResultSet.getInt(lanes) returned 10
INFO  25-08-26 12:36:22[http-nio-8089-exec-2] [log4j2:197] -  com.zaxxer.hikari.pool.HikariProxyResultSet.getString(HikariProxyResultSet.java:-1)
1. ResultSet.getString(lane_type) returned 25M
INFO  25-08-26 12:36:22[http-nio-8089-exec-2] [log4j2:197] -  com.zaxxer.hikari.pool.HikariProxyResultSet.getString(HikariProxyResultSet.java:-1)
1. ResultSet.getString(phone_number) returned 21234123
INFO  25-08-26 12:36:22[http-nio-8089-exec-2] [log4j2:197] -  com.zaxxer.hikari.pool.HikariProxyResultSet.getString(HikariProxyResultSet.java:-1)
1. ResultSet.getString(addr) returned aaaaaaaa
INFO  25-08-26 12:36:22[http-nio-8089-exec-2] [log4j2:197] -  com.zaxxer.hikari.pool.HikariProxyResultSet.isClosed(HikariProxyResultSet.java:-1)
1. ResultSet.isClosed() returned false
INFO  25-08-26 12:36:22[http-nio-8089-exec-2] [log4j2:197] -  com.zaxxer.hikari.pool.HikariProxyResultSet.next(HikariProxyResultSet.java:-1)
1. ResultSet.next() returned true
INFO  25-08-26 12:36:22[http-nio-8089-exec-2] [log4j2:197] -  com.zaxxer.hikari.pool.HikariProxyResultSet.getInt(HikariProxyResultSet.java:-1)
1. ResultSet.getInt(id) returned 2
INFO  25-08-26 12:36:22[http-nio-8089-exec-2] [log4j2:197] -  com.zaxxer.hikari.pool.HikariProxyResultSet.getString(HikariProxyResultSet.java:-1)
1. ResultSet.getString(name) returned B수영장
INFO  25-08-26 12:36:22[http-nio-8089-exec-2] [log4j2:197] -  com.zaxxer.hikari.pool.HikariProxyResultSet.getInt(HikariProxyResultSet.java:-1)
1. ResultSet.getInt(lanes) returned 20
INFO  25-08-26 12:36:22[http-nio-8089-exec-2] [log4j2:197] -  com.zaxxer.hikari.pool.HikariProxyResultSet.getString(HikariProxyResultSet.java:-1)
1. ResultSet.getString(lane_type) returned 25M
INFO  25-08-26 12:36:22[http-nio-8089-exec-2] [log4j2:197] -  com.zaxxer.hikari.pool.HikariProxyResultSet.getString(HikariProxyResultSet.java:-1)
1. ResultSet.getString(phone_number) returned 3124823890
INFO  25-08-26 12:36:22[http-nio-8089-exec-2] [log4j2:197] -  com.zaxxer.hikari.pool.HikariProxyResultSet.getString(HikariProxyResultSet.java:-1)
1. ResultSet.getString(addr) returned bbbbbb
INFO  25-08-26 12:36:22[http-nio-8089-exec-2] [log4j2:197] -  com.zaxxer.hikari.pool.HikariProxyResultSet.isClosed(HikariProxyResultSet.java:-1)
1. ResultSet.isClosed() returned false
INFO  25-08-26 12:36:22[http-nio-8089-exec-2] [log4j2:197] -  com.zaxxer.hikari.pool.HikariProxyResultSet.next(HikariProxyResultSet.java:-1)
1. ResultSet.next() returned true
INFO  25-08-26 12:36:22[http-nio-8089-exec-2] [log4j2:197] -  com.zaxxer.hikari.pool.HikariProxyResultSet.getInt(HikariProxyResultSet.java:-1)
1. ResultSet.getInt(id) returned 3
INFO  25-08-26 12:36:22[http-nio-8089-exec-2] [log4j2:197] -  com.zaxxer.hikari.pool.HikariProxyResultSet.getString(HikariProxyResultSet.java:-1)
1. ResultSet.getString(name) returned C수영장
INFO  25-08-26 12:36:22[http-nio-8089-exec-2] [log4j2:197] -  com.zaxxer.hikari.pool.HikariProxyResultSet.getInt(HikariProxyResultSet.java:-1)
1. ResultSet.getInt(lanes) returned 12
INFO  25-08-26 12:36:22[http-nio-8089-exec-2] [log4j2:197] -  com.zaxxer.hikari.pool.HikariProxyResultSet.getString(HikariProxyResultSet.java:-1)
1. ResultSet.getString(lane_type) returned 50M
INFO  25-08-26 12:36:22[http-nio-8089-exec-2] [log4j2:197] -  com.zaxxer.hikari.pool.HikariProxyResultSet.getString(HikariProxyResultSet.java:-1)
1. ResultSet.getString(phone_number) returned 1089089003
INFO  25-08-26 12:36:22[http-nio-8089-exec-2] [log4j2:197] -  com.zaxxer.hikari.pool.HikariProxyResultSet.getString(HikariProxyResultSet.java:-1)
1. ResultSet.getString(addr) returned ccccccccccc
INFO  25-08-26 12:36:22[http-nio-8089-exec-2] [log4j2:197] -  com.zaxxer.hikari.pool.HikariProxyResultSet.isClosed(HikariProxyResultSet.java:-1)
1. ResultSet.isClosed() returned false
INFO  25-08-26 12:36:22[http-nio-8089-exec-2] [log4j2:197] -  com.zaxxer.hikari.pool.HikariProxyResultSet.next(HikariProxyResultSet.java:-1)
1. ResultSet.next() returned true
INFO  25-08-26 12:36:22[http-nio-8089-exec-2] [log4j2:197] -  com.zaxxer.hikari.pool.HikariProxyResultSet.getInt(HikariProxyResultSet.java:-1)
1. ResultSet.getInt(id) returned 4
INFO  25-08-26 12:36:22[http-nio-8089-exec-2] [log4j2:197] -  com.zaxxer.hikari.pool.HikariProxyResultSet.getString(HikariProxyResultSet.java:-1)
1. ResultSet.getString(name) returned D수영장
INFO  25-08-26 12:36:22[http-nio-8089-exec-2] [log4j2:197] -  com.zaxxer.hikari.pool.HikariProxyResultSet.getInt(HikariProxyResultSet.java:-1)
1. ResultSet.getInt(lanes) returned 30
INFO  25-08-26 12:36:22[http-nio-8089-exec-2] [log4j2:197] -  com.zaxxer.hikari.pool.HikariProxyResultSet.getString(HikariProxyResultSet.java:-1)
1. ResultSet.getString(lane_type) returned 25M
INFO  25-08-26 12:36:22[http-nio-8089-exec-2] [log4j2:197] -  com.zaxxer.hikari.pool.HikariProxyResultSet.getString(HikariProxyResultSet.java:-1)
1. ResultSet.getString(phone_number) returned 1012341234
INFO  25-08-26 12:36:22[http-nio-8089-exec-2] [log4j2:197] -  com.zaxxer.hikari.pool.HikariProxyResultSet.getString(HikariProxyResultSet.java:-1)
1. ResultSet.getString(addr) returned dddddddd
INFO  25-08-26 12:36:22[http-nio-8089-exec-2] [log4j2:197] -  com.zaxxer.hikari.pool.HikariProxyResultSet.isClosed(HikariProxyResultSet.java:-1)
1. ResultSet.isClosed() returned false
INFO  25-08-26 12:36:22[http-nio-8089-exec-2] [log4j2:197] -  com.zaxxer.hikari.pool.HikariProxyResultSet.next(HikariProxyResultSet.java:-1)
1. ResultSet.next() returned true
INFO  25-08-26 12:36:22[http-nio-8089-exec-2] [log4j2:197] -  com.zaxxer.hikari.pool.HikariProxyResultSet.getInt(HikariProxyResultSet.java:-1)
1. ResultSet.getInt(id) returned 5
INFO  25-08-26 12:36:22[http-nio-8089-exec-2] [log4j2:197] -  com.zaxxer.hikari.pool.HikariProxyResultSet.getString(HikariProxyResultSet.java:-1)
1. ResultSet.getString(name) returned E수영장
DEBUG 25-08-26 12:36:22[HikariPool-1 connection adder] [HikariPool:405] - HikariPool-1 - After adding stats (total=3, active=1, idle=2, waiting=0)
INFO  25-08-26 12:36:22[http-nio-8089-exec-2] [log4j2:197] -  com.zaxxer.hikari.pool.HikariProxyResultSet.getInt(HikariProxyResultSet.java:-1)
1. ResultSet.getInt(lanes) returned 5
INFO  25-08-26 12:36:22[http-nio-8089-exec-2] [log4j2:197] -  com.zaxxer.hikari.pool.HikariProxyResultSet.getString(HikariProxyResultSet.java:-1)
1. ResultSet.getString(lane_type) returned 25M
INFO  25-08-26 12:36:22[http-nio-8089-exec-2] [log4j2:197] -  com.zaxxer.hikari.pool.HikariProxyResultSet.getString(HikariProxyResultSet.java:-1)
1. ResultSet.getString(phone_number) returned 1090009000
INFO  25-08-26 12:36:22[http-nio-8089-exec-2] [log4j2:197] -  com.zaxxer.hikari.pool.HikariProxyResultSet.getString(HikariProxyResultSet.java:-1)
1. ResultSet.getString(addr) returned eeeeeeee
INFO  25-08-26 12:36:22[http-nio-8089-exec-2] [log4j2:197] -  com.zaxxer.hikari.pool.HikariProxyResultSet.isClosed(HikariProxyResultSet.java:-1)
1. ResultSet.isClosed() returned false
INFO  25-08-26 12:36:22[http-nio-8089-exec-2] [log4j2:197] -  com.zaxxer.hikari.pool.HikariProxyResultSet.next(HikariProxyResultSet.java:-1)
1. ResultSet.next() returned true
INFO  25-08-26 12:36:22[http-nio-8089-exec-2] [log4j2:197] -  com.zaxxer.hikari.pool.HikariProxyResultSet.getInt(HikariProxyResultSet.java:-1)
1. ResultSet.getInt(id) returned 6
INFO  25-08-26 12:36:22[http-nio-8089-exec-2] [log4j2:197] -  com.zaxxer.hikari.pool.HikariProxyResultSet.getString(HikariProxyResultSet.java:-1)
1. ResultSet.getString(name) returned bbbbb
INFO  25-08-26 12:36:22[http-nio-8089-exec-2] [log4j2:197] -  com.zaxxer.hikari.pool.HikariProxyResultSet.getInt(HikariProxyResultSet.java:-1)
1. ResultSet.getInt(lanes) returned 10
INFO  25-08-26 12:36:22[http-nio-8089-exec-2] [log4j2:197] -  com.zaxxer.hikari.pool.HikariProxyResultSet.getString(HikariProxyResultSet.java:-1)
1. ResultSet.getString(lane_type) returned 50
INFO  25-08-26 12:36:22[http-nio-8089-exec-2] [log4j2:197] -  com.zaxxer.hikari.pool.HikariProxyResultSet.getString(HikariProxyResultSet.java:-1)
1. ResultSet.getString(phone_number) returned 010-1234-1234
INFO  25-08-26 12:36:22[http-nio-8089-exec-2] [log4j2:197] -  com.zaxxer.hikari.pool.HikariProxyResultSet.getString(HikariProxyResultSet.java:-1)
1. ResultSet.getString(addr) returned llllllllllllllllllll
INFO  25-08-26 12:36:22[http-nio-8089-exec-2] [log4j2:197] -  com.zaxxer.hikari.pool.HikariProxyResultSet.isClosed(HikariProxyResultSet.java:-1)
1. ResultSet.isClosed() returned false
INFO  25-08-26 12:36:22[http-nio-8089-exec-2] [log4j2:197] -  com.zaxxer.hikari.pool.HikariProxyResultSet.next(HikariProxyResultSet.java:-1)
1. ResultSet.next() returned true
INFO  25-08-26 12:36:22[http-nio-8089-exec-2] [log4j2:197] -  com.zaxxer.hikari.pool.HikariProxyResultSet.getInt(HikariProxyResultSet.java:-1)
1. ResultSet.getInt(id) returned 7
INFO  25-08-26 12:36:22[http-nio-8089-exec-2] [log4j2:197] -  com.zaxxer.hikari.pool.HikariProxyResultSet.getString(HikariProxyResultSet.java:-1)
1. ResultSet.getString(name) returned bbbbb
INFO  25-08-26 12:36:22[http-nio-8089-exec-2] [log4j2:197] -  com.zaxxer.hikari.pool.HikariProxyResultSet.getInt(HikariProxyResultSet.java:-1)
1. ResultSet.getInt(lanes) returned 10
INFO  25-08-26 12:36:22[http-nio-8089-exec-2] [log4j2:197] -  com.zaxxer.hikari.pool.HikariProxyResultSet.getString(HikariProxyResultSet.java:-1)
1. ResultSet.getString(lane_type) returned 50
INFO  25-08-26 12:36:22[http-nio-8089-exec-2] [log4j2:197] -  com.zaxxer.hikari.pool.HikariProxyResultSet.getString(HikariProxyResultSet.java:-1)
1. ResultSet.getString(phone_number) returned 010-1234-1234
INFO  25-08-26 12:36:22[http-nio-8089-exec-2] [log4j2:197] -  com.zaxxer.hikari.pool.HikariProxyResultSet.getString(HikariProxyResultSet.java:-1)
1. ResultSet.getString(addr) returned llllllllllllllllllll
INFO  25-08-26 12:36:22[http-nio-8089-exec-2] [log4j2:197] -  com.zaxxer.hikari.pool.HikariProxyResultSet.isClosed(HikariProxyResultSet.java:-1)
1. ResultSet.isClosed() returned false
INFO  25-08-26 12:36:22[http-nio-8089-exec-2] [log4j2:197] -  com.zaxxer.hikari.pool.HikariProxyResultSet.next(HikariProxyResultSet.java:-1)
1. ResultSet.next() returned true
INFO  25-08-26 12:36:22[http-nio-8089-exec-2] [log4j2:197] -  com.zaxxer.hikari.pool.HikariProxyResultSet.getInt(HikariProxyResultSet.java:-1)
1. ResultSet.getInt(id) returned 8
INFO  25-08-26 12:36:22[http-nio-8089-exec-2] [log4j2:197] -  com.zaxxer.hikari.pool.HikariProxyResultSet.getString(HikariProxyResultSet.java:-1)
1. ResultSet.getString(name) returned F수영장
INFO  25-08-26 12:36:22[http-nio-8089-exec-2] [log4j2:197] -  com.zaxxer.hikari.pool.HikariProxyResultSet.getInt(HikariProxyResultSet.java:-1)
1. ResultSet.getInt(lanes) returned 8
INFO  25-08-26 12:36:22[http-nio-8089-exec-2] [log4j2:197] -  com.zaxxer.hikari.pool.HikariProxyResultSet.getString(HikariProxyResultSet.java:-1)
1. ResultSet.getString(lane_type) returned 50M
INFO  25-08-26 12:36:22[http-nio-8089-exec-2] [log4j2:197] -  com.zaxxer.hikari.pool.HikariProxyResultSet.getString(HikariProxyResultSet.java:-1)
1. ResultSet.getString(phone_number) returned 029909000
INFO  25-08-26 12:36:22[http-nio-8089-exec-2] [log4j2:197] -  com.zaxxer.hikari.pool.HikariProxyResultSet.getString(HikariProxyResultSet.java:-1)
1. ResultSet.getString(addr) returned llllllllllllllllllll
INFO  25-08-26 12:36:22[http-nio-8089-exec-2] [log4j2:197] -  com.zaxxer.hikari.pool.HikariProxyResultSet.isClosed(HikariProxyResultSet.java:-1)
1. ResultSet.isClosed() returned false
INFO  25-08-26 12:36:22[http-nio-8089-exec-2] [log4j2:197] -  com.zaxxer.hikari.pool.HikariProxyResultSet.next(HikariProxyResultSet.java:-1)
1. ResultSet.next() returned true
INFO  25-08-26 12:36:22[http-nio-8089-exec-2] [log4j2:197] -  com.zaxxer.hikari.pool.HikariProxyResultSet.getInt(HikariProxyResultSet.java:-1)
1. ResultSet.getInt(id) returned 9
INFO  25-08-26 12:36:22[http-nio-8089-exec-2] [log4j2:197] -  com.zaxxer.hikari.pool.HikariProxyResultSet.getString(HikariProxyResultSet.java:-1)
1. ResultSet.getString(name) returned 토끼
INFO  25-08-26 12:36:22[http-nio-8089-exec-2] [log4j2:197] -  com.zaxxer.hikari.pool.HikariProxyResultSet.getInt(HikariProxyResultSet.java:-1)
1. ResultSet.getInt(lanes) returned 6
INFO  25-08-26 12:36:22[http-nio-8089-exec-2] [log4j2:197] -  com.zaxxer.hikari.pool.HikariProxyResultSet.getString(HikariProxyResultSet.java:-1)
1. ResultSet.getString(lane_type) returned 25M
INFO  25-08-26 12:36:22[http-nio-8089-exec-2] [log4j2:197] -  com.zaxxer.hikari.pool.HikariProxyResultSet.getString(HikariProxyResultSet.java:-1)
1. ResultSet.getString(phone_number) returned 010-1111-1111
INFO  25-08-26 12:36:22[http-nio-8089-exec-2] [log4j2:197] -  com.zaxxer.hikari.pool.HikariProxyResultSet.getString(HikariProxyResultSet.java:-1)
1. ResultSet.getString(addr) returned llllllllllllllllllll
INFO  25-08-26 12:36:22[http-nio-8089-exec-2] [log4j2:197] -  com.zaxxer.hikari.pool.HikariProxyResultSet.isClosed(HikariProxyResultSet.java:-1)
1. ResultSet.isClosed() returned false
INFO  25-08-26 12:36:22[http-nio-8089-exec-2] [log4j2:390] - 
|---|------|------|----------|--------------|---------------------|
|id |name  |lanes |lane_type |phone_number  |addr                 |
|---|------|------|----------|--------------|---------------------|
|1  |A수영장  |10    |25M       |21234123      |aaaaaaaa             |
|2  |B수영장  |20    |25M       |3124823890    |bbbbbb               |
|3  |C수영장  |12    |50M       |1089089003    |ccccccccccc          |
|4  |D수영장  |30    |25M       |1012341234    |dddddddd             |
|5  |E수영장  |5     |25M       |1090009000    |eeeeeeee             |
|6  |bbbbb |10    |50        |010-1234-1234 |llllllllllllllllllll |
|7  |bbbbb |10    |50        |010-1234-1234 |llllllllllllllllllll |
|8  |F수영장  |8     |50M       |029909000     |llllllllllllllllllll |
|9  |토끼    |6     |25M       |010-1111-1111 |llllllllllllllllllll |
|---|------|------|----------|--------------|---------------------|

INFO  25-08-26 12:36:22[http-nio-8089-exec-2] [log4j2:197] -  com.zaxxer.hikari.pool.HikariProxyResultSet.next(HikariProxyResultSet.java:-1)
1. ResultSet.next() returned false
DEBUG 25-08-26 12:36:22[http-nio-8089-exec-2] [findAll:135] - <==      Total: 9
INFO  25-08-26 12:36:22[http-nio-8089-exec-2] [log4j2:197] -  com.zaxxer.hikari.pool.HikariProxyResultSet.close(HikariProxyResultSet.java:-1)
1. ResultSet.close() returned void
INFO  25-08-26 12:36:22[http-nio-8089-exec-2] [log4j2:197] -  com.zaxxer.hikari.pool.ProxyConnection.getMetaData(ProxyConnection.java:371)
1. Connection.getMetaData() returned com.mysql.cj.jdbc.DatabaseMetaDataInformationSchema@1ddb3c63
INFO  25-08-26 12:36:22[http-nio-8089-exec-2] [log4j2:197] -  com.zaxxer.hikari.pool.HikariProxyPreparedStatement.getMoreResults(HikariProxyPreparedStatement.java:-1)
1. PreparedStatement.getMoreResults() returned false
INFO  25-08-26 12:36:22[http-nio-8089-exec-2] [log4j2:197] -  com.zaxxer.hikari.pool.HikariProxyPreparedStatement.getUpdateCount(HikariProxyPreparedStatement.java:-1)
1. PreparedStatement.getUpdateCount() returned -1
INFO  25-08-26 12:36:22[HikariPool-1 connection adder] [log4j2:365] -  com.zaxxer.hikari.util.DriverDataSource.getConnection(DriverDataSource.java:137)
4. Connection opened. {executed in 35ms} 
open connections:  1 2 3 4 (4)
INFO  25-08-26 12:36:22[http-nio-8089-exec-2] [log4j2:197] -  com.zaxxer.hikari.pool.ProxyStatement.close(ProxyStatement.java:75)
1. PreparedStatement.close() returned 
INFO  25-08-26 12:36:22[HikariPool-1 connection adder] [log4j2:197] -  com.zaxxer.hikari.util.DriverDataSource.getConnection(DriverDataSource.java:137)
4. Connection.new Connection returned 
DEBUG 25-08-26 12:36:22[http-nio-8089-exec-2] [SqlSessionUtils:49] - Closing non transactional SqlSession [org.apache.ibatis.session.defaults.DefaultSqlSession@14691fd2]
INFO  25-08-26 12:36:22[HikariPool-1 connection adder] [log4j2:197] -  com.zaxxer.hikari.pool.PoolBase.setupConnection(PoolBase.java:404)
4. Connection.isReadOnly() returned false
INFO  25-08-26 12:36:22[HikariPool-1 connection adder] [log4j2:197] -  com.zaxxer.hikari.pool.PoolBase.setupConnection(PoolBase.java:408)
4. Connection.getAutoCommit() returned true
DEBUG 25-08-26 12:36:22[HikariPool-1 connection adder] [HikariPool:728] - HikariPool-1 - Added connection net.sf.log4jdbc.sql.jdbcapi.ConnectionSpy@5f61f9ae
INFO  25-08-26 12:36:22[http-nio-8089-exec-2] [log4j2:197] -  com.zaxxer.hikari.pool.ProxyConnection.close(ProxyConnection.java:258)
1. Connection.clearWarnings() returned 
DEBUG 25-08-26 12:36:22[http-nio-8089-exec-2] [HttpEntityMethodProcessor:310] - Using 'application/json;q=0.8', given [text/html, application/xhtml+xml, image/avif, image/webp, image/apng, application/xml;q=0.9, */*;q=0.8, application/signed-exchange;v=b3;q=0.7] and supported [application/json, application/*+json]
DEBUG 25-08-26 12:36:22[http-nio-8089-exec-2] [HttpEntityMethodProcessor:120] - Writing [com.mjc813.swimcrud.swimpool.common.ResponseDto@7c5e792]
DEBUG 25-08-26 12:36:22[HikariPool-1 connection adder] [HikariPool:405] - HikariPool-1 - After adding stats (total=4, active=0, idle=4, waiting=0)
DEBUG 25-08-26 12:36:22[http-nio-8089-exec-2] [DispatcherServlet:1138] - Completed 200 OK
INFO  25-08-26 12:36:22[HikariPool-1 connection adder] [log4j2:365] -  com.zaxxer.hikari.util.DriverDataSource.getConnection(DriverDataSource.java:137)
5. Connection opened. {executed in 32ms} 
open connections:  1 2 3 4 5 (5)
INFO  25-08-26 12:36:22[HikariPool-1 connection adder] [log4j2:197] -  com.zaxxer.hikari.util.DriverDataSource.getConnection(DriverDataSource.java:137)
5. Connection.new Connection returned 
INFO  25-08-26 12:36:22[HikariPool-1 connection adder] [log4j2:197] -  com.zaxxer.hikari.pool.PoolBase.setupConnection(PoolBase.java:404)
5. Connection.isReadOnly() returned false
INFO  25-08-26 12:36:22[HikariPool-1 connection adder] [log4j2:197] -  com.zaxxer.hikari.pool.PoolBase.setupConnection(PoolBase.java:408)
5. Connection.getAutoCommit() returned true
DEBUG 25-08-26 12:36:22[HikariPool-1 connection adder] [HikariPool:728] - HikariPool-1 - Added connection net.sf.log4jdbc.sql.jdbcapi.ConnectionSpy@75693be7
DEBUG 25-08-26 12:36:22[HikariPool-1 connection adder] [HikariPool:405] - HikariPool-1 - After adding stats (total=5, active=0, idle=5, waiting=0)
INFO  25-08-26 12:36:22[HikariPool-1 connection adder] [log4j2:365] -  com.zaxxer.hikari.util.DriverDataSource.getConnection(DriverDataSource.java:137)
6. Connection opened. {executed in 33ms} 
open connections:  1 2 3 4 5 6 (6)
INFO  25-08-26 12:36:22[HikariPool-1 connection adder] [log4j2:197] -  com.zaxxer.hikari.util.DriverDataSource.getConnection(DriverDataSource.java:137)
6. Connection.new Connection returned 
INFO  25-08-26 12:36:22[HikariPool-1 connection adder] [log4j2:197] -  com.zaxxer.hikari.pool.PoolBase.setupConnection(PoolBase.java:404)
6. Connection.isReadOnly() returned false
INFO  25-08-26 12:36:22[HikariPool-1 connection adder] [log4j2:197] -  com.zaxxer.hikari.pool.PoolBase.setupConnection(PoolBase.java:408)
6. Connection.getAutoCommit() returned true
DEBUG 25-08-26 12:36:22[HikariPool-1 connection adder] [HikariPool:728] - HikariPool-1 - Added connection net.sf.log4jdbc.sql.jdbcapi.ConnectionSpy@11dde805
DEBUG 25-08-26 12:36:22[HikariPool-1 connection adder] [HikariPool:405] - HikariPool-1 - After adding stats (total=6, active=0, idle=6, waiting=0)
INFO  25-08-26 12:36:22[HikariPool-1 connection adder] [log4j2:365] -  com.zaxxer.hikari.util.DriverDataSource.getConnection(DriverDataSource.java:137)
7. Connection opened. {executed in 33ms} 
open connections:  1 2 3 4 5 6 7 (7)
INFO  25-08-26 12:36:22[HikariPool-1 connection adder] [log4j2:197] -  com.zaxxer.hikari.util.DriverDataSource.getConnection(DriverDataSource.java:137)
7. Connection.new Connection returned 
INFO  25-08-26 12:36:22[HikariPool-1 connection adder] [log4j2:197] -  com.zaxxer.hikari.pool.PoolBase.setupConnection(PoolBase.java:404)
7. Connection.isReadOnly() returned false
INFO  25-08-26 12:36:22[HikariPool-1 connection adder] [log4j2:197] -  com.zaxxer.hikari.pool.PoolBase.setupConnection(PoolBase.java:408)
7. Connection.getAutoCommit() returned true
DEBUG 25-08-26 12:36:22[HikariPool-1 connection adder] [HikariPool:728] - HikariPool-1 - Added connection net.sf.log4jdbc.sql.jdbcapi.ConnectionSpy@30dd1fa9
DEBUG 25-08-26 12:36:22[HikariPool-1 connection adder] [HikariPool:405] - HikariPool-1 - After adding stats (total=7, active=0, idle=7, waiting=0)
INFO  25-08-26 12:36:22[HikariPool-1 connection adder] [log4j2:365] -  com.zaxxer.hikari.util.DriverDataSource.getConnection(DriverDataSource.java:137)
8. Connection opened. {executed in 39ms} 
open connections:  1 2 3 4 5 6 7 8 (8)
INFO  25-08-26 12:36:22[HikariPool-1 connection adder] [log4j2:197] -  com.zaxxer.hikari.util.DriverDataSource.getConnection(DriverDataSource.java:137)
8. Connection.new Connection returned 
INFO  25-08-26 12:36:22[HikariPool-1 connection adder] [log4j2:197] -  com.zaxxer.hikari.pool.PoolBase.setupConnection(PoolBase.java:404)
8. Connection.isReadOnly() returned false
INFO  25-08-26 12:36:22[HikariPool-1 connection adder] [log4j2:197] -  com.zaxxer.hikari.pool.PoolBase.setupConnection(PoolBase.java:408)
8. Connection.getAutoCommit() returned true
DEBUG 25-08-26 12:36:22[HikariPool-1 connection adder] [HikariPool:728] - HikariPool-1 - Added connection net.sf.log4jdbc.sql.jdbcapi.ConnectionSpy@32acf29c
DEBUG 25-08-26 12:36:22[HikariPool-1 connection adder] [HikariPool:405] - HikariPool-1 - After adding stats (total=8, active=0, idle=8, waiting=0)
INFO  25-08-26 12:36:22[HikariPool-1 connection adder] [log4j2:365] -  com.zaxxer.hikari.util.DriverDataSource.getConnection(DriverDataSource.java:137)
9. Connection opened. {executed in 43ms} 
open connections:  1 2 3 4 5 6 7 8 9 (9)
INFO  25-08-26 12:36:22[HikariPool-1 connection adder] [log4j2:197] -  com.zaxxer.hikari.util.DriverDataSource.getConnection(DriverDataSource.java:137)
9. Connection.new Connection returned 
INFO  25-08-26 12:36:22[HikariPool-1 connection adder] [log4j2:197] -  com.zaxxer.hikari.pool.PoolBase.setupConnection(PoolBase.java:404)
9. Connection.isReadOnly() returned false
INFO  25-08-26 12:36:22[HikariPool-1 connection adder] [log4j2:197] -  com.zaxxer.hikari.pool.PoolBase.setupConnection(PoolBase.java:408)
9. Connection.getAutoCommit() returned true
DEBUG 25-08-26 12:36:22[HikariPool-1 connection adder] [HikariPool:728] - HikariPool-1 - Added connection net.sf.log4jdbc.sql.jdbcapi.ConnectionSpy@54924d16
DEBUG 25-08-26 12:36:22[HikariPool-1 connection adder] [HikariPool:405] - HikariPool-1 - After adding stats (total=9, active=0, idle=9, waiting=0)
INFO  25-08-26 12:36:22[HikariPool-1 connection adder] [log4j2:365] -  com.zaxxer.hikari.util.DriverDataSource.getConnection(DriverDataSource.java:137)
10. Connection opened. {executed in 40ms} 
open connections:  1 2 3 4 5 6 7 8 9 10 (10)
INFO  25-08-26 12:36:22[HikariPool-1 connection adder] [log4j2:197] -  com.zaxxer.hikari.util.DriverDataSource.getConnection(DriverDataSource.java:137)
10. Connection.new Connection returned 
INFO  25-08-26 12:36:22[HikariPool-1 connection adder] [log4j2:197] -  com.zaxxer.hikari.pool.PoolBase.setupConnection(PoolBase.java:404)
10. Connection.isReadOnly() returned false
INFO  25-08-26 12:36:22[HikariPool-1 connection adder] [log4j2:197] -  com.zaxxer.hikari.pool.PoolBase.setupConnection(PoolBase.java:408)
10. Connection.getAutoCommit() returned true
DEBUG 25-08-26 12:36:22[HikariPool-1 connection adder] [HikariPool:728] - HikariPool-1 - Added connection net.sf.log4jdbc.sql.jdbcapi.ConnectionSpy@502a13f3
DEBUG 25-08-26 12:36:22[HikariPool-1 connection adder] [HikariPool:405] - HikariPool-1 - After adding stats (total=10, active=0, idle=10, waiting=0)
DEBUG 25-08-26 12:36:22[HikariPool-1 connection adder] [HikariPool:405] - HikariPool-1 - Connection not added, stats (total=10, active=0, idle=10, waiting=0)
DEBUG 25-08-26 12:36:51[HikariPool-1 housekeeper] [HikariPool:405] - HikariPool-1 - Pool stats (total=10, active=0, idle=10, waiting=0)
DEBUG 25-08-26 12:36:51[HikariPool-1 housekeeper] [HikariPool:510] - HikariPool-1 - Fill pool skipped, pool has sufficient level or currently being filled.
DEBUG 25-08-26 12:37:21[HikariPool-1 housekeeper] [HikariPool:405] - HikariPool-1 - Pool stats (total=10, active=0, idle=10, waiting=0)
DEBUG 25-08-26 12:37:21[HikariPool-1 housekeeper] [HikariPool:510] - HikariPool-1 - Fill pool skipped, pool has sufficient level or currently being filled.
DEBUG 25-08-26 12:37:51[HikariPool-1 housekeeper] [HikariPool:405] - HikariPool-1 - Pool stats (total=10, active=0, idle=10, waiting=0)
DEBUG 25-08-26 12:37:51[HikariPool-1 housekeeper] [HikariPool:510] - HikariPool-1 - Fill pool skipped, pool has sufficient level or currently being filled.
DEBUG 25-08-26 12:37:53[http-nio-8089-exec-1] [DispatcherServlet:120] - GET "/swimpool/list", parameters={}
DEBUG 25-08-26 12:37:53[http-nio-8089-exec-1] [RequestMappingHandlerMapping:533] - Mapped to com.mjc813.swimcrud.swimpool.apicontroller.SwimpoolApiController#list()
DEBUG 25-08-26 12:37:53[http-nio-8089-exec-1] [SqlSessionUtils:49] - Creating a new SqlSession
DEBUG 25-08-26 12:37:53[http-nio-8089-exec-1] [SqlSessionUtils:49] - SqlSession [org.apache.ibatis.session.defaults.DefaultSqlSession@63584ed7] was not registered for synchronization because synchronization is not active
DEBUG 25-08-26 12:37:53[http-nio-8089-exec-1] [DataSourceUtils:117] - Fetching JDBC Connection from DataSource
INFO  25-08-26 12:37:53[http-nio-8089-exec-1] [log4j2:197] -  com.zaxxer.hikari.pool.PoolBase.isConnectionDead(PoolBase.java:157)
1. Connection.isValid(5) returned true
INFO  25-08-26 12:37:53[http-nio-8089-exec-1] [log4j2:197] -  com.zaxxer.hikari.pool.HikariProxyConnection.getAutoCommit(HikariProxyConnection.java:-1)
1. Connection.getAutoCommit() returned true
DEBUG 25-08-26 12:37:53[http-nio-8089-exec-1] [SpringManagedTransaction:49] - JDBC Connection [HikariProxyConnection@1839185100 wrapping net.sf.log4jdbc.sql.jdbcapi.ConnectionSpy@3491c456] will not be managed by Spring
DEBUG 25-08-26 12:37:53[http-nio-8089-exec-1] [findAll:135] - ==>  Preparing: SELECT id , name , lanes , lane_type , phone_number , addr FROM swimpool_tbl ORDER BY id
INFO  25-08-26 12:37:53[http-nio-8089-exec-1] [log4j2:197] -  com.zaxxer.hikari.pool.ProxyConnection.prepareStatement(ProxyConnection.java:328)
1. PreparedStatement.new PreparedStatement returned 
INFO  25-08-26 12:37:53[http-nio-8089-exec-1] [log4j2:197] -  com.zaxxer.hikari.pool.ProxyConnection.prepareStatement(ProxyConnection.java:328)
1. Connection.prepareStatement(SELECT
            id
            , name
            , lanes
            , lane_type
            , phone_number
            , addr
        FROM swimpool_tbl
        ORDER BY id) returned net.sf.log4jdbc.sql.jdbcapi.PreparedStatementSpy@69a025a7
DEBUG 25-08-26 12:37:53[http-nio-8089-exec-1] [findAll:135] - ==> Parameters: 
INFO  25-08-26 12:37:53[http-nio-8089-exec-1] [log4j2:243] -  com.zaxxer.hikari.pool.ProxyPreparedStatement.execute(ProxyPreparedStatement.java:44)
1. SELECT id , name , lanes , lane_type , phone_number , addr FROM swimpool_tbl ORDER BY id  {executed in 13 ms}
INFO  25-08-26 12:37:53[http-nio-8089-exec-1] [log4j2:197] -  com.zaxxer.hikari.pool.ProxyPreparedStatement.execute(ProxyPreparedStatement.java:44)
1. PreparedStatement.execute() returned true
INFO  25-08-26 12:37:53[http-nio-8089-exec-1] [log4j2:197] -  com.zaxxer.hikari.pool.ProxyStatement.getResultSet(ProxyStatement.java:213)
1. ResultSet.new ResultSet returned 
INFO  25-08-26 12:37:53[http-nio-8089-exec-1] [log4j2:197] -  com.zaxxer.hikari.pool.ProxyStatement.getResultSet(ProxyStatement.java:213)
1. PreparedStatement.getResultSet() returned net.sf.log4jdbc.sql.jdbcapi.ResultSetSpy@2ca2b6f7
INFO  25-08-26 12:37:53[http-nio-8089-exec-1] [log4j2:197] -  com.zaxxer.hikari.pool.HikariProxyResultSet.getMetaData(HikariProxyResultSet.java:-1)
1. ResultSet.getMetaData() returned com.mysql.cj.jdbc.result.ResultSetMetaData@d2d7b42 - Field level information: 
	com.mysql.cj.result.Field@1d44dff7[dbName=swimpool_db,tableName=swimpool_tbl,originalTableName=swimpool_tbl,columnName=id,originalColumnName=id,mysqlType=3(FIELD_TYPE_INT),sqlType=4,flags= AUTO_INCREMENT PRIMARY_KEY, charsetIndex=63, charsetName=ISO-8859-1]
	com.mysql.cj.result.Field@75214ce5[dbName=swimpool_db,tableName=swimpool_tbl,originalTableName=swimpool_tbl,columnName=name,originalColumnName=name,mysqlType=253(FIELD_TYPE_VARCHAR),sqlType=12,flags=, charsetIndex=45, charsetName=UTF-8]
	com.mysql.cj.result.Field@4c8d49b8[dbName=swimpool_db,tableName=swimpool_tbl,originalTableName=swimpool_tbl,columnName=lanes,originalColumnName=lanes,mysqlType=3(FIELD_TYPE_INT),sqlType=4,flags=, charsetIndex=63, charsetName=ISO-8859-1]
	com.mysql.cj.result.Field@2a1cdc00[dbName=swimpool_db,tableName=swimpool_tbl,originalTableName=swimpool_tbl,columnName=lane_type,originalColumnName=lane_type,mysqlType=253(FIELD_TYPE_VARCHAR),sqlType=12,flags=, charsetIndex=45, charsetName=UTF-8]
	com.mysql.cj.result.Field@119c05d3[dbName=swimpool_db,tableName=swimpool_tbl,originalTableName=swimpool_tbl,columnName=phone_number,originalColumnName=phone_number,mysqlType=253(FIELD_TYPE_VARCHAR),sqlType=12,flags=, charsetIndex=45, charsetName=UTF-8]
	com.mysql.cj.result.Field@6e252561[dbName=swimpool_db,tableName=swimpool_tbl,originalTableName=swimpool_tbl,columnName=addr,originalColumnName=addr,mysqlType=253(FIELD_TYPE_VARCHAR),sqlType=12,flags=, charsetIndex=45, charsetName=UTF-8]
INFO  25-08-26 12:37:53[http-nio-8089-exec-1] [log4j2:197] -  com.zaxxer.hikari.pool.HikariProxyResultSet.getType(HikariProxyResultSet.java:-1)
1. ResultSet.getType() returned 1003
INFO  25-08-26 12:37:53[http-nio-8089-exec-1] [log4j2:197] -  com.zaxxer.hikari.pool.HikariProxyResultSet.isClosed(HikariProxyResultSet.java:-1)
1. ResultSet.isClosed() returned false
INFO  25-08-26 12:37:53[http-nio-8089-exec-1] [log4j2:197] -  com.zaxxer.hikari.pool.HikariProxyResultSet.next(HikariProxyResultSet.java:-1)
1. ResultSet.next() returned true
INFO  25-08-26 12:37:53[http-nio-8089-exec-1] [log4j2:197] -  com.zaxxer.hikari.pool.HikariProxyResultSet.getInt(HikariProxyResultSet.java:-1)
1. ResultSet.getInt(id) returned 1
INFO  25-08-26 12:37:53[http-nio-8089-exec-1] [log4j2:197] -  com.zaxxer.hikari.pool.HikariProxyResultSet.getString(HikariProxyResultSet.java:-1)
1. ResultSet.getString(name) returned A수영장
INFO  25-08-26 12:37:53[http-nio-8089-exec-1] [log4j2:197] -  com.zaxxer.hikari.pool.HikariProxyResultSet.getInt(HikariProxyResultSet.java:-1)
1. ResultSet.getInt(lanes) returned 10
INFO  25-08-26 12:37:53[http-nio-8089-exec-1] [log4j2:197] -  com.zaxxer.hikari.pool.HikariProxyResultSet.getString(HikariProxyResultSet.java:-1)
1. ResultSet.getString(lane_type) returned 25M
INFO  25-08-26 12:37:53[http-nio-8089-exec-1] [log4j2:197] -  com.zaxxer.hikari.pool.HikariProxyResultSet.getString(HikariProxyResultSet.java:-1)
1. ResultSet.getString(phone_number) returned 21234123
INFO  25-08-26 12:37:53[http-nio-8089-exec-1] [log4j2:197] -  com.zaxxer.hikari.pool.HikariProxyResultSet.getString(HikariProxyResultSet.java:-1)
1. ResultSet.getString(addr) returned aaaaaaaa
INFO  25-08-26 12:37:53[http-nio-8089-exec-1] [log4j2:197] -  com.zaxxer.hikari.pool.HikariProxyResultSet.isClosed(HikariProxyResultSet.java:-1)
1. ResultSet.isClosed() returned false
INFO  25-08-26 12:37:53[http-nio-8089-exec-1] [log4j2:197] -  com.zaxxer.hikari.pool.HikariProxyResultSet.next(HikariProxyResultSet.java:-1)
1. ResultSet.next() returned true
INFO  25-08-26 12:37:53[http-nio-8089-exec-1] [log4j2:197] -  com.zaxxer.hikari.pool.HikariProxyResultSet.getInt(HikariProxyResultSet.java:-1)
1. ResultSet.getInt(id) returned 2
INFO  25-08-26 12:37:53[http-nio-8089-exec-1] [log4j2:197] -  com.zaxxer.hikari.pool.HikariProxyResultSet.getString(HikariProxyResultSet.java:-1)
1. ResultSet.getString(name) returned B수영장
INFO  25-08-26 12:37:53[http-nio-8089-exec-1] [log4j2:197] -  com.zaxxer.hikari.pool.HikariProxyResultSet.getInt(HikariProxyResultSet.java:-1)
1. ResultSet.getInt(lanes) returned 20
INFO  25-08-26 12:37:53[http-nio-8089-exec-1] [log4j2:197] -  com.zaxxer.hikari.pool.HikariProxyResultSet.getString(HikariProxyResultSet.java:-1)
1. ResultSet.getString(lane_type) returned 25M
INFO  25-08-26 12:37:53[http-nio-8089-exec-1] [log4j2:197] -  com.zaxxer.hikari.pool.HikariProxyResultSet.getString(HikariProxyResultSet.java:-1)
1. ResultSet.getString(phone_number) returned 3124823890
INFO  25-08-26 12:37:53[http-nio-8089-exec-1] [log4j2:197] -  com.zaxxer.hikari.pool.HikariProxyResultSet.getString(HikariProxyResultSet.java:-1)
1. ResultSet.getString(addr) returned bbbbbb
INFO  25-08-26 12:37:53[http-nio-8089-exec-1] [log4j2:197] -  com.zaxxer.hikari.pool.HikariProxyResultSet.isClosed(HikariProxyResultSet.java:-1)
1. ResultSet.isClosed() returned false
INFO  25-08-26 12:37:53[http-nio-8089-exec-1] [log4j2:197] -  com.zaxxer.hikari.pool.HikariProxyResultSet.next(HikariProxyResultSet.java:-1)
1. ResultSet.next() returned true
INFO  25-08-26 12:37:53[http-nio-8089-exec-1] [log4j2:197] -  com.zaxxer.hikari.pool.HikariProxyResultSet.getInt(HikariProxyResultSet.java:-1)
1. ResultSet.getInt(id) returned 3
INFO  25-08-26 12:37:53[http-nio-8089-exec-1] [log4j2:197] -  com.zaxxer.hikari.pool.HikariProxyResultSet.getString(HikariProxyResultSet.java:-1)
1. ResultSet.getString(name) returned C수영장
INFO  25-08-26 12:37:53[http-nio-8089-exec-1] [log4j2:197] -  com.zaxxer.hikari.pool.HikariProxyResultSet.getInt(HikariProxyResultSet.java:-1)
1. ResultSet.getInt(lanes) returned 12
INFO  25-08-26 12:37:53[http-nio-8089-exec-1] [log4j2:197] -  com.zaxxer.hikari.pool.HikariProxyResultSet.getString(HikariProxyResultSet.java:-1)
1. ResultSet.getString(lane_type) returned 50M
INFO  25-08-26 12:37:53[http-nio-8089-exec-1] [log4j2:197] -  com.zaxxer.hikari.pool.HikariProxyResultSet.getString(HikariProxyResultSet.java:-1)
1. ResultSet.getString(phone_number) returned 1089089003
INFO  25-08-26 12:37:53[http-nio-8089-exec-1] [log4j2:197] -  com.zaxxer.hikari.pool.HikariProxyResultSet.getString(HikariProxyResultSet.java:-1)
1. ResultSet.getString(addr) returned ccccccccccc
INFO  25-08-26 12:37:53[http-nio-8089-exec-1] [log4j2:197] -  com.zaxxer.hikari.pool.HikariProxyResultSet.isClosed(HikariProxyResultSet.java:-1)
1. ResultSet.isClosed() returned false
INFO  25-08-26 12:37:53[http-nio-8089-exec-1] [log4j2:197] -  com.zaxxer.hikari.pool.HikariProxyResultSet.next(HikariProxyResultSet.java:-1)
1. ResultSet.next() returned true
INFO  25-08-26 12:37:53[http-nio-8089-exec-1] [log4j2:197] -  com.zaxxer.hikari.pool.HikariProxyResultSet.getInt(HikariProxyResultSet.java:-1)
1. ResultSet.getInt(id) returned 4
INFO  25-08-26 12:37:53[http-nio-8089-exec-1] [log4j2:197] -  com.zaxxer.hikari.pool.HikariProxyResultSet.getString(HikariProxyResultSet.java:-1)
1. ResultSet.getString(name) returned D수영장
INFO  25-08-26 12:37:53[http-nio-8089-exec-1] [log4j2:197] -  com.zaxxer.hikari.pool.HikariProxyResultSet.getInt(HikariProxyResultSet.java:-1)
1. ResultSet.getInt(lanes) returned 30
INFO  25-08-26 12:37:53[http-nio-8089-exec-1] [log4j2:197] -  com.zaxxer.hikari.pool.HikariProxyResultSet.getString(HikariProxyResultSet.java:-1)
1. ResultSet.getString(lane_type) returned 25M
INFO  25-08-26 12:37:53[http-nio-8089-exec-1] [log4j2:197] -  com.zaxxer.hikari.pool.HikariProxyResultSet.getString(HikariProxyResultSet.java:-1)
1. ResultSet.getString(phone_number) returned 1012341234
INFO  25-08-26 12:37:53[http-nio-8089-exec-1] [log4j2:197] -  com.zaxxer.hikari.pool.HikariProxyResultSet.getString(HikariProxyResultSet.java:-1)
1. ResultSet.getString(addr) returned dddddddd
INFO  25-08-26 12:37:53[http-nio-8089-exec-1] [log4j2:197] -  com.zaxxer.hikari.pool.HikariProxyResultSet.isClosed(HikariProxyResultSet.java:-1)
1. ResultSet.isClosed() returned false
INFO  25-08-26 12:37:53[http-nio-8089-exec-1] [log4j2:197] -  com.zaxxer.hikari.pool.HikariProxyResultSet.next(HikariProxyResultSet.java:-1)
1. ResultSet.next() returned true
INFO  25-08-26 12:37:53[http-nio-8089-exec-1] [log4j2:197] -  com.zaxxer.hikari.pool.HikariProxyResultSet.getInt(HikariProxyResultSet.java:-1)
1. ResultSet.getInt(id) returned 5
INFO  25-08-26 12:37:53[http-nio-8089-exec-1] [log4j2:197] -  com.zaxxer.hikari.pool.HikariProxyResultSet.getString(HikariProxyResultSet.java:-1)
1. ResultSet.getString(name) returned E수영장
INFO  25-08-26 12:37:53[http-nio-8089-exec-1] [log4j2:197] -  com.zaxxer.hikari.pool.HikariProxyResultSet.getInt(HikariProxyResultSet.java:-1)
1. ResultSet.getInt(lanes) returned 5
INFO  25-08-26 12:37:53[http-nio-8089-exec-1] [log4j2:197] -  com.zaxxer.hikari.pool.HikariProxyResultSet.getString(HikariProxyResultSet.java:-1)
1. ResultSet.getString(lane_type) returned 25M
INFO  25-08-26 12:37:53[http-nio-8089-exec-1] [log4j2:197] -  com.zaxxer.hikari.pool.HikariProxyResultSet.getString(HikariProxyResultSet.java:-1)
1. ResultSet.getString(phone_number) returned 1090009000
INFO  25-08-26 12:37:53[http-nio-8089-exec-1] [log4j2:197] -  com.zaxxer.hikari.pool.HikariProxyResultSet.getString(HikariProxyResultSet.java:-1)
1. ResultSet.getString(addr) returned eeeeeeee
INFO  25-08-26 12:37:53[http-nio-8089-exec-1] [log4j2:197] -  com.zaxxer.hikari.pool.HikariProxyResultSet.isClosed(HikariProxyResultSet.java:-1)
1. ResultSet.isClosed() returned false
INFO  25-08-26 12:37:53[http-nio-8089-exec-1] [log4j2:197] -  com.zaxxer.hikari.pool.HikariProxyResultSet.next(HikariProxyResultSet.java:-1)
1. ResultSet.next() returned true
INFO  25-08-26 12:37:53[http-nio-8089-exec-1] [log4j2:197] -  com.zaxxer.hikari.pool.HikariProxyResultSet.getInt(HikariProxyResultSet.java:-1)
1. ResultSet.getInt(id) returned 6
INFO  25-08-26 12:37:53[http-nio-8089-exec-1] [log4j2:197] -  com.zaxxer.hikari.pool.HikariProxyResultSet.getString(HikariProxyResultSet.java:-1)
1. ResultSet.getString(name) returned bbbbb
INFO  25-08-26 12:37:53[http-nio-8089-exec-1] [log4j2:197] -  com.zaxxer.hikari.pool.HikariProxyResultSet.getInt(HikariProxyResultSet.java:-1)
1. ResultSet.getInt(lanes) returned 10
INFO  25-08-26 12:37:53[http-nio-8089-exec-1] [log4j2:197] -  com.zaxxer.hikari.pool.HikariProxyResultSet.getString(HikariProxyResultSet.java:-1)
1. ResultSet.getString(lane_type) returned 50
INFO  25-08-26 12:37:53[http-nio-8089-exec-1] [log4j2:197] -  com.zaxxer.hikari.pool.HikariProxyResultSet.getString(HikariProxyResultSet.java:-1)
1. ResultSet.getString(phone_number) returned 010-1234-1234
INFO  25-08-26 12:37:53[http-nio-8089-exec-1] [log4j2:197] -  com.zaxxer.hikari.pool.HikariProxyResultSet.getString(HikariProxyResultSet.java:-1)
1. ResultSet.getString(addr) returned llllllllllllllllllll
INFO  25-08-26 12:37:53[http-nio-8089-exec-1] [log4j2:197] -  com.zaxxer.hikari.pool.HikariProxyResultSet.isClosed(HikariProxyResultSet.java:-1)
1. ResultSet.isClosed() returned false
INFO  25-08-26 12:37:53[http-nio-8089-exec-1] [log4j2:197] -  com.zaxxer.hikari.pool.HikariProxyResultSet.next(HikariProxyResultSet.java:-1)
1. ResultSet.next() returned true
INFO  25-08-26 12:37:53[http-nio-8089-exec-1] [log4j2:197] -  com.zaxxer.hikari.pool.HikariProxyResultSet.getInt(HikariProxyResultSet.java:-1)
1. ResultSet.getInt(id) returned 7
INFO  25-08-26 12:37:53[http-nio-8089-exec-1] [log4j2:197] -  com.zaxxer.hikari.pool.HikariProxyResultSet.getString(HikariProxyResultSet.java:-1)
1. ResultSet.getString(name) returned bbbbb
INFO  25-08-26 12:37:53[http-nio-8089-exec-1] [log4j2:197] -  com.zaxxer.hikari.pool.HikariProxyResultSet.getInt(HikariProxyResultSet.java:-1)
1. ResultSet.getInt(lanes) returned 10
INFO  25-08-26 12:37:53[http-nio-8089-exec-1] [log4j2:197] -  com.zaxxer.hikari.pool.HikariProxyResultSet.getString(HikariProxyResultSet.java:-1)
1. ResultSet.getString(lane_type) returned 50
INFO  25-08-26 12:37:53[http-nio-8089-exec-1] [log4j2:197] -  com.zaxxer.hikari.pool.HikariProxyResultSet.getString(HikariProxyResultSet.java:-1)
1. ResultSet.getString(phone_number) returned 010-1234-1234
INFO  25-08-26 12:37:53[http-nio-8089-exec-1] [log4j2:197] -  com.zaxxer.hikari.pool.HikariProxyResultSet.getString(HikariProxyResultSet.java:-1)
1. ResultSet.getString(addr) returned llllllllllllllllllll
INFO  25-08-26 12:37:53[http-nio-8089-exec-1] [log4j2:197] -  com.zaxxer.hikari.pool.HikariProxyResultSet.isClosed(HikariProxyResultSet.java:-1)
1. ResultSet.isClosed() returned false
INFO  25-08-26 12:37:53[http-nio-8089-exec-1] [log4j2:197] -  com.zaxxer.hikari.pool.HikariProxyResultSet.next(HikariProxyResultSet.java:-1)
1. ResultSet.next() returned true
INFO  25-08-26 12:37:53[http-nio-8089-exec-1] [log4j2:197] -  com.zaxxer.hikari.pool.HikariProxyResultSet.getInt(HikariProxyResultSet.java:-1)
1. ResultSet.getInt(id) returned 8
INFO  25-08-26 12:37:53[http-nio-8089-exec-1] [log4j2:197] -  com.zaxxer.hikari.pool.HikariProxyResultSet.getString(HikariProxyResultSet.java:-1)
1. ResultSet.getString(name) returned F수영장
INFO  25-08-26 12:37:53[http-nio-8089-exec-1] [log4j2:197] -  com.zaxxer.hikari.pool.HikariProxyResultSet.getInt(HikariProxyResultSet.java:-1)
1. ResultSet.getInt(lanes) returned 8
INFO  25-08-26 12:37:53[http-nio-8089-exec-1] [log4j2:197] -  com.zaxxer.hikari.pool.HikariProxyResultSet.getString(HikariProxyResultSet.java:-1)
1. ResultSet.getString(lane_type) returned 50M
INFO  25-08-26 12:37:53[http-nio-8089-exec-1] [log4j2:197] -  com.zaxxer.hikari.pool.HikariProxyResultSet.getString(HikariProxyResultSet.java:-1)
1. ResultSet.getString(phone_number) returned 029909000
INFO  25-08-26 12:37:53[http-nio-8089-exec-1] [log4j2:197] -  com.zaxxer.hikari.pool.HikariProxyResultSet.getString(HikariProxyResultSet.java:-1)
1. ResultSet.getString(addr) returned llllllllllllllllllll
INFO  25-08-26 12:37:53[http-nio-8089-exec-1] [log4j2:197] -  com.zaxxer.hikari.pool.HikariProxyResultSet.isClosed(HikariProxyResultSet.java:-1)
1. ResultSet.isClosed() returned false
INFO  25-08-26 12:37:53[http-nio-8089-exec-1] [log4j2:197] -  com.zaxxer.hikari.pool.HikariProxyResultSet.next(HikariProxyResultSet.java:-1)
1. ResultSet.next() returned true
INFO  25-08-26 12:37:53[http-nio-8089-exec-1] [log4j2:197] -  com.zaxxer.hikari.pool.HikariProxyResultSet.getInt(HikariProxyResultSet.java:-1)
1. ResultSet.getInt(id) returned 9
INFO  25-08-26 12:37:53[http-nio-8089-exec-1] [log4j2:197] -  com.zaxxer.hikari.pool.HikariProxyResultSet.getString(HikariProxyResultSet.java:-1)
1. ResultSet.getString(name) returned 토끼
INFO  25-08-26 12:37:53[http-nio-8089-exec-1] [log4j2:197] -  com.zaxxer.hikari.pool.HikariProxyResultSet.getInt(HikariProxyResultSet.java:-1)
1. ResultSet.getInt(lanes) returned 6
INFO  25-08-26 12:37:53[http-nio-8089-exec-1] [log4j2:197] -  com.zaxxer.hikari.pool.HikariProxyResultSet.getString(HikariProxyResultSet.java:-1)
1. ResultSet.getString(lane_type) returned 25M
INFO  25-08-26 12:37:53[http-nio-8089-exec-1] [log4j2:197] -  com.zaxxer.hikari.pool.HikariProxyResultSet.getString(HikariProxyResultSet.java:-1)
1. ResultSet.getString(phone_number) returned 010-1111-1111
INFO  25-08-26 12:37:53[http-nio-8089-exec-1] [log4j2:197] -  com.zaxxer.hikari.pool.HikariProxyResultSet.getString(HikariProxyResultSet.java:-1)
1. ResultSet.getString(addr) returned llllllllllllllllllll
INFO  25-08-26 12:37:53[http-nio-8089-exec-1] [log4j2:197] -  com.zaxxer.hikari.pool.HikariProxyResultSet.isClosed(HikariProxyResultSet.java:-1)
1. ResultSet.isClosed() returned false
INFO  25-08-26 12:37:53[http-nio-8089-exec-1] [log4j2:390] - 
|---|------|------|----------|--------------|---------------------|
|id |name  |lanes |lane_type |phone_number  |addr                 |
|---|------|------|----------|--------------|---------------------|
|1  |A수영장  |10    |25M       |21234123      |aaaaaaaa             |
|2  |B수영장  |20    |25M       |3124823890    |bbbbbb               |
|3  |C수영장  |12    |50M       |1089089003    |ccccccccccc          |
|4  |D수영장  |30    |25M       |1012341234    |dddddddd             |
|5  |E수영장  |5     |25M       |1090009000    |eeeeeeee             |
|6  |bbbbb |10    |50        |010-1234-1234 |llllllllllllllllllll |
|7  |bbbbb |10    |50        |010-1234-1234 |llllllllllllllllllll |
|8  |F수영장  |8     |50M       |029909000     |llllllllllllllllllll |
|9  |토끼    |6     |25M       |010-1111-1111 |llllllllllllllllllll |
|---|------|------|----------|--------------|---------------------|

INFO  25-08-26 12:37:53[http-nio-8089-exec-1] [log4j2:197] -  com.zaxxer.hikari.pool.HikariProxyResultSet.next(HikariProxyResultSet.java:-1)
1. ResultSet.next() returned false
DEBUG 25-08-26 12:37:53[http-nio-8089-exec-1] [findAll:135] - <==      Total: 9
INFO  25-08-26 12:37:53[http-nio-8089-exec-1] [log4j2:197] -  com.zaxxer.hikari.pool.HikariProxyResultSet.close(HikariProxyResultSet.java:-1)
1. ResultSet.close() returned void
INFO  25-08-26 12:37:53[http-nio-8089-exec-1] [log4j2:197] -  com.zaxxer.hikari.pool.ProxyConnection.getMetaData(ProxyConnection.java:371)
1. Connection.getMetaData() returned com.mysql.cj.jdbc.DatabaseMetaDataInformationSchema@4f34850
INFO  25-08-26 12:37:53[http-nio-8089-exec-1] [log4j2:197] -  com.zaxxer.hikari.pool.HikariProxyPreparedStatement.getMoreResults(HikariProxyPreparedStatement.java:-1)
1. PreparedStatement.getMoreResults() returned false
INFO  25-08-26 12:37:53[http-nio-8089-exec-1] [log4j2:197] -  com.zaxxer.hikari.pool.HikariProxyPreparedStatement.getUpdateCount(HikariProxyPreparedStatement.java:-1)
1. PreparedStatement.getUpdateCount() returned -1
INFO  25-08-26 12:37:53[http-nio-8089-exec-1] [log4j2:197] -  com.zaxxer.hikari.pool.ProxyStatement.close(ProxyStatement.java:75)
1. PreparedStatement.close() returned 
DEBUG 25-08-26 12:37:53[http-nio-8089-exec-1] [SqlSessionUtils:49] - Closing non transactional SqlSession [org.apache.ibatis.session.defaults.DefaultSqlSession@63584ed7]
INFO  25-08-26 12:37:53[http-nio-8089-exec-1] [log4j2:197] -  com.zaxxer.hikari.pool.ProxyConnection.close(ProxyConnection.java:258)
1. Connection.clearWarnings() returned 
DEBUG 25-08-26 12:37:53[http-nio-8089-exec-1] [HttpEntityMethodProcessor:310] - Using 'application/json;q=0.8', given [text/html, application/xhtml+xml, image/avif, image/webp, image/apng, application/xml;q=0.9, */*;q=0.8, application/signed-exchange;v=b3;q=0.7] and supported [application/json, application/*+json]
DEBUG 25-08-26 12:37:53[http-nio-8089-exec-1] [HttpEntityMethodProcessor:120] - Writing [com.mjc813.swimcrud.swimpool.common.ResponseDto@75b06780]
DEBUG 25-08-26 12:37:53[http-nio-8089-exec-1] [DispatcherServlet:1138] - Completed 200 OK
DEBUG 25-08-26 12:38:21[HikariPool-1 housekeeper] [HikariPool:405] - HikariPool-1 - Pool stats (total=10, active=0, idle=10, waiting=0)
DEBUG 25-08-26 12:38:21[HikariPool-1 housekeeper] [HikariPool:510] - HikariPool-1 - Fill pool skipped, pool has sufficient level or currently being filled.
DEBUG 25-08-26 12:38:51[HikariPool-1 housekeeper] [HikariPool:405] - HikariPool-1 - Pool stats (total=10, active=0, idle=10, waiting=0)
DEBUG 25-08-26 12:38:51[HikariPool-1 housekeeper] [HikariPool:510] - HikariPool-1 - Fill pool skipped, pool has sufficient level or currently being filled.
DEBUG 25-08-26 12:39:17[http-nio-8089-exec-7] [DispatcherServlet:120] - GET "/swimpool", parameters={}
DEBUG 25-08-26 12:39:17[http-nio-8089-exec-7] [RequestMappingHandlerMapping:533] - Mapped to com.mjc813.swimcrud.swimpool.controller.MenuController#swimpoolMenu()
DEBUG 25-08-26 12:39:17[http-nio-8089-exec-7] [ContentNegotiatingViewResolver:354] - Selected 'text/html' given [text/html, application/xhtml+xml, image/avif, image/webp, image/apng, application/xml;q=0.9, */*;q=0.8, application/signed-exchange;v=b3;q=0.7]
DEBUG 25-08-26 12:39:17[http-nio-8089-exec-7] [MustacheView:307] - View name [/swimpool/list], model {}
DEBUG 25-08-26 12:39:17[http-nio-8089-exec-7] [MustacheView:178] - Rendering [classpath:/templates//swimpool/list.html]
DEBUG 25-08-26 12:39:17[http-nio-8089-exec-7] [DispatcherServlet:1138] - Completed 200 OK
DEBUG 25-08-26 12:39:17[http-nio-8089-exec-9] [DispatcherServlet:120] - GET "/js/jquery-3.7.1.min.js", parameters={}
DEBUG 25-08-26 12:39:17[http-nio-8089-exec-9] [SimpleUrlHandlerMapping:533] - Mapped to ResourceHttpRequestHandler [classpath [META-INF/resources/], classpath [resources/], classpath [static/], classpath [public/], ServletContext [/]]
DEBUG 25-08-26 12:39:17[http-nio-8089-exec-10] [DispatcherServlet:120] - GET "/smbg/css/styles.css", parameters={}
DEBUG 25-08-26 12:39:17[http-nio-8089-exec-10] [SimpleUrlHandlerMapping:533] - Mapped to ResourceHttpRequestHandler [classpath [META-INF/resources/], classpath [resources/], classpath [static/], classpath [public/], ServletContext [/]]
DEBUG 25-08-26 12:39:17[http-nio-8089-exec-9] [DispatcherServlet:1138] - Completed 200 OK
DEBUG 25-08-26 12:39:17[http-nio-8089-exec-10] [DispatcherServlet:1138] - Completed 200 OK
DEBUG 25-08-26 12:39:17[http-nio-8089-exec-3] [DispatcherServlet:120] - GET "/swimpool/list", parameters={}
DEBUG 25-08-26 12:39:17[http-nio-8089-exec-3] [RequestMappingHandlerMapping:533] - Mapped to com.mjc813.swimcrud.swimpool.apicontroller.SwimpoolApiController#list()
DEBUG 25-08-26 12:39:17[http-nio-8089-exec-3] [SqlSessionUtils:49] - Creating a new SqlSession
DEBUG 25-08-26 12:39:17[http-nio-8089-exec-3] [SqlSessionUtils:49] - SqlSession [org.apache.ibatis.session.defaults.DefaultSqlSession@7fcdf54b] was not registered for synchronization because synchronization is not active
DEBUG 25-08-26 12:39:17[http-nio-8089-exec-3] [DataSourceUtils:117] - Fetching JDBC Connection from DataSource
INFO  25-08-26 12:39:17[http-nio-8089-exec-3] [log4j2:197] -  com.zaxxer.hikari.pool.PoolBase.isConnectionDead(PoolBase.java:157)
1. Connection.isValid(5) returned true
INFO  25-08-26 12:39:17[http-nio-8089-exec-3] [log4j2:197] -  com.zaxxer.hikari.pool.HikariProxyConnection.getAutoCommit(HikariProxyConnection.java:-1)
1. Connection.getAutoCommit() returned true
DEBUG 25-08-26 12:39:17[http-nio-8089-exec-3] [SpringManagedTransaction:49] - JDBC Connection [HikariProxyConnection@844875507 wrapping net.sf.log4jdbc.sql.jdbcapi.ConnectionSpy@3491c456] will not be managed by Spring
DEBUG 25-08-26 12:39:17[http-nio-8089-exec-3] [findAll:135] - ==>  Preparing: SELECT id , name , lanes , lane_type , phone_number , addr FROM swimpool_tbl ORDER BY id
INFO  25-08-26 12:39:17[http-nio-8089-exec-3] [log4j2:197] -  com.zaxxer.hikari.pool.ProxyConnection.prepareStatement(ProxyConnection.java:328)
1. PreparedStatement.new PreparedStatement returned 
INFO  25-08-26 12:39:17[http-nio-8089-exec-3] [log4j2:197] -  com.zaxxer.hikari.pool.ProxyConnection.prepareStatement(ProxyConnection.java:328)
1. Connection.prepareStatement(SELECT
            id
            , name
            , lanes
            , lane_type
            , phone_number
            , addr
        FROM swimpool_tbl
        ORDER BY id) returned net.sf.log4jdbc.sql.jdbcapi.PreparedStatementSpy@fdd5d70
DEBUG 25-08-26 12:39:17[http-nio-8089-exec-3] [findAll:135] - ==> Parameters: 
INFO  25-08-26 12:39:17[http-nio-8089-exec-3] [log4j2:243] -  com.zaxxer.hikari.pool.ProxyPreparedStatement.execute(ProxyPreparedStatement.java:44)
1. SELECT id , name , lanes , lane_type , phone_number , addr FROM swimpool_tbl ORDER BY id  {executed in 4 ms}
INFO  25-08-26 12:39:17[http-nio-8089-exec-3] [log4j2:197] -  com.zaxxer.hikari.pool.ProxyPreparedStatement.execute(ProxyPreparedStatement.java:44)
1. PreparedStatement.execute() returned true
INFO  25-08-26 12:39:17[http-nio-8089-exec-3] [log4j2:197] -  com.zaxxer.hikari.pool.ProxyStatement.getResultSet(ProxyStatement.java:213)
1. ResultSet.new ResultSet returned 
INFO  25-08-26 12:39:17[http-nio-8089-exec-3] [log4j2:197] -  com.zaxxer.hikari.pool.ProxyStatement.getResultSet(ProxyStatement.java:213)
1. PreparedStatement.getResultSet() returned net.sf.log4jdbc.sql.jdbcapi.ResultSetSpy@7d1313da
INFO  25-08-26 12:39:17[http-nio-8089-exec-3] [log4j2:197] -  com.zaxxer.hikari.pool.HikariProxyResultSet.getMetaData(HikariProxyResultSet.java:-1)
1. ResultSet.getMetaData() returned com.mysql.cj.jdbc.result.ResultSetMetaData@6d64c69e - Field level information: 
	com.mysql.cj.result.Field@164e99f[dbName=swimpool_db,tableName=swimpool_tbl,originalTableName=swimpool_tbl,columnName=id,originalColumnName=id,mysqlType=3(FIELD_TYPE_INT),sqlType=4,flags= AUTO_INCREMENT PRIMARY_KEY, charsetIndex=63, charsetName=ISO-8859-1]
	com.mysql.cj.result.Field@64b7121e[dbName=swimpool_db,tableName=swimpool_tbl,originalTableName=swimpool_tbl,columnName=name,originalColumnName=name,mysqlType=253(FIELD_TYPE_VARCHAR),sqlType=12,flags=, charsetIndex=45, charsetName=UTF-8]
	com.mysql.cj.result.Field@15f5091[dbName=swimpool_db,tableName=swimpool_tbl,originalTableName=swimpool_tbl,columnName=lanes,originalColumnName=lanes,mysqlType=3(FIELD_TYPE_INT),sqlType=4,flags=, charsetIndex=63, charsetName=ISO-8859-1]
	com.mysql.cj.result.Field@4ac43612[dbName=swimpool_db,tableName=swimpool_tbl,originalTableName=swimpool_tbl,columnName=lane_type,originalColumnName=lane_type,mysqlType=253(FIELD_TYPE_VARCHAR),sqlType=12,flags=, charsetIndex=45, charsetName=UTF-8]
	com.mysql.cj.result.Field@6c4a16c4[dbName=swimpool_db,tableName=swimpool_tbl,originalTableName=swimpool_tbl,columnName=phone_number,originalColumnName=phone_number,mysqlType=253(FIELD_TYPE_VARCHAR),sqlType=12,flags=, charsetIndex=45, charsetName=UTF-8]
	com.mysql.cj.result.Field@30b1deb1[dbName=swimpool_db,tableName=swimpool_tbl,originalTableName=swimpool_tbl,columnName=addr,originalColumnName=addr,mysqlType=253(FIELD_TYPE_VARCHAR),sqlType=12,flags=, charsetIndex=45, charsetName=UTF-8]
INFO  25-08-26 12:39:17[http-nio-8089-exec-3] [log4j2:197] -  com.zaxxer.hikari.pool.HikariProxyResultSet.getType(HikariProxyResultSet.java:-1)
1. ResultSet.getType() returned 1003
INFO  25-08-26 12:39:17[http-nio-8089-exec-3] [log4j2:197] -  com.zaxxer.hikari.pool.HikariProxyResultSet.isClosed(HikariProxyResultSet.java:-1)
1. ResultSet.isClosed() returned false
INFO  25-08-26 12:39:17[http-nio-8089-exec-3] [log4j2:197] -  com.zaxxer.hikari.pool.HikariProxyResultSet.next(HikariProxyResultSet.java:-1)
1. ResultSet.next() returned true
INFO  25-08-26 12:39:17[http-nio-8089-exec-3] [log4j2:197] -  com.zaxxer.hikari.pool.HikariProxyResultSet.getInt(HikariProxyResultSet.java:-1)
1. ResultSet.getInt(id) returned 1
INFO  25-08-26 12:39:17[http-nio-8089-exec-3] [log4j2:197] -  com.zaxxer.hikari.pool.HikariProxyResultSet.getString(HikariProxyResultSet.java:-1)
1. ResultSet.getString(name) returned A수영장
INFO  25-08-26 12:39:17[http-nio-8089-exec-3] [log4j2:197] -  com.zaxxer.hikari.pool.HikariProxyResultSet.getInt(HikariProxyResultSet.java:-1)
1. ResultSet.getInt(lanes) returned 10
INFO  25-08-26 12:39:17[http-nio-8089-exec-3] [log4j2:197] -  com.zaxxer.hikari.pool.HikariProxyResultSet.getString(HikariProxyResultSet.java:-1)
1. ResultSet.getString(lane_type) returned 25M
INFO  25-08-26 12:39:17[http-nio-8089-exec-3] [log4j2:197] -  com.zaxxer.hikari.pool.HikariProxyResultSet.getString(HikariProxyResultSet.java:-1)
1. ResultSet.getString(phone_number) returned 21234123
INFO  25-08-26 12:39:17[http-nio-8089-exec-3] [log4j2:197] -  com.zaxxer.hikari.pool.HikariProxyResultSet.getString(HikariProxyResultSet.java:-1)
1. ResultSet.getString(addr) returned aaaaaaaa
INFO  25-08-26 12:39:17[http-nio-8089-exec-3] [log4j2:197] -  com.zaxxer.hikari.pool.HikariProxyResultSet.isClosed(HikariProxyResultSet.java:-1)
1. ResultSet.isClosed() returned false
INFO  25-08-26 12:39:17[http-nio-8089-exec-3] [log4j2:197] -  com.zaxxer.hikari.pool.HikariProxyResultSet.next(HikariProxyResultSet.java:-1)
1. ResultSet.next() returned true
INFO  25-08-26 12:39:17[http-nio-8089-exec-3] [log4j2:197] -  com.zaxxer.hikari.pool.HikariProxyResultSet.getInt(HikariProxyResultSet.java:-1)
1. ResultSet.getInt(id) returned 2
INFO  25-08-26 12:39:17[http-nio-8089-exec-3] [log4j2:197] -  com.zaxxer.hikari.pool.HikariProxyResultSet.getString(HikariProxyResultSet.java:-1)
1. ResultSet.getString(name) returned B수영장
INFO  25-08-26 12:39:17[http-nio-8089-exec-3] [log4j2:197] -  com.zaxxer.hikari.pool.HikariProxyResultSet.getInt(HikariProxyResultSet.java:-1)
1. ResultSet.getInt(lanes) returned 20
INFO  25-08-26 12:39:17[http-nio-8089-exec-3] [log4j2:197] -  com.zaxxer.hikari.pool.HikariProxyResultSet.getString(HikariProxyResultSet.java:-1)
1. ResultSet.getString(lane_type) returned 25M
INFO  25-08-26 12:39:17[http-nio-8089-exec-3] [log4j2:197] -  com.zaxxer.hikari.pool.HikariProxyResultSet.getString(HikariProxyResultSet.java:-1)
1. ResultSet.getString(phone_number) returned 3124823890
INFO  25-08-26 12:39:17[http-nio-8089-exec-3] [log4j2:197] -  com.zaxxer.hikari.pool.HikariProxyResultSet.getString(HikariProxyResultSet.java:-1)
1. ResultSet.getString(addr) returned bbbbbb
INFO  25-08-26 12:39:17[http-nio-8089-exec-3] [log4j2:197] -  com.zaxxer.hikari.pool.HikariProxyResultSet.isClosed(HikariProxyResultSet.java:-1)
1. ResultSet.isClosed() returned false
INFO  25-08-26 12:39:17[http-nio-8089-exec-3] [log4j2:197] -  com.zaxxer.hikari.pool.HikariProxyResultSet.next(HikariProxyResultSet.java:-1)
1. ResultSet.next() returned true
INFO  25-08-26 12:39:17[http-nio-8089-exec-3] [log4j2:197] -  com.zaxxer.hikari.pool.HikariProxyResultSet.getInt(HikariProxyResultSet.java:-1)
1. ResultSet.getInt(id) returned 3
INFO  25-08-26 12:39:17[http-nio-8089-exec-3] [log4j2:197] -  com.zaxxer.hikari.pool.HikariProxyResultSet.getString(HikariProxyResultSet.java:-1)
1. ResultSet.getString(name) returned C수영장
INFO  25-08-26 12:39:17[http-nio-8089-exec-3] [log4j2:197] -  com.zaxxer.hikari.pool.HikariProxyResultSet.getInt(HikariProxyResultSet.java:-1)
1. ResultSet.getInt(lanes) returned 12
INFO  25-08-26 12:39:17[http-nio-8089-exec-3] [log4j2:197] -  com.zaxxer.hikari.pool.HikariProxyResultSet.getString(HikariProxyResultSet.java:-1)
1. ResultSet.getString(lane_type) returned 50M
INFO  25-08-26 12:39:17[http-nio-8089-exec-3] [log4j2:197] -  com.zaxxer.hikari.pool.HikariProxyResultSet.getString(HikariProxyResultSet.java:-1)
1. ResultSet.getString(phone_number) returned 1089089003
INFO  25-08-26 12:39:17[http-nio-8089-exec-3] [log4j2:197] -  com.zaxxer.hikari.pool.HikariProxyResultSet.getString(HikariProxyResultSet.java:-1)
1. ResultSet.getString(addr) returned ccccccccccc
INFO  25-08-26 12:39:17[http-nio-8089-exec-3] [log4j2:197] -  com.zaxxer.hikari.pool.HikariProxyResultSet.isClosed(HikariProxyResultSet.java:-1)
1. ResultSet.isClosed() returned false
INFO  25-08-26 12:39:17[http-nio-8089-exec-3] [log4j2:197] -  com.zaxxer.hikari.pool.HikariProxyResultSet.next(HikariProxyResultSet.java:-1)
1. ResultSet.next() returned true
INFO  25-08-26 12:39:17[http-nio-8089-exec-3] [log4j2:197] -  com.zaxxer.hikari.pool.HikariProxyResultSet.getInt(HikariProxyResultSet.java:-1)
1. ResultSet.getInt(id) returned 4
INFO  25-08-26 12:39:17[http-nio-8089-exec-3] [log4j2:197] -  com.zaxxer.hikari.pool.HikariProxyResultSet.getString(HikariProxyResultSet.java:-1)
1. ResultSet.getString(name) returned D수영장
INFO  25-08-26 12:39:17[http-nio-8089-exec-3] [log4j2:197] -  com.zaxxer.hikari.pool.HikariProxyResultSet.getInt(HikariProxyResultSet.java:-1)
1. ResultSet.getInt(lanes) returned 30
INFO  25-08-26 12:39:17[http-nio-8089-exec-3] [log4j2:197] -  com.zaxxer.hikari.pool.HikariProxyResultSet.getString(HikariProxyResultSet.java:-1)
1. ResultSet.getString(lane_type) returned 25M
INFO  25-08-26 12:39:17[http-nio-8089-exec-3] [log4j2:197] -  com.zaxxer.hikari.pool.HikariProxyResultSet.getString(HikariProxyResultSet.java:-1)
1. ResultSet.getString(phone_number) returned 1012341234
INFO  25-08-26 12:39:17[http-nio-8089-exec-3] [log4j2:197] -  com.zaxxer.hikari.pool.HikariProxyResultSet.getString(HikariProxyResultSet.java:-1)
1. ResultSet.getString(addr) returned dddddddd
INFO  25-08-26 12:39:17[http-nio-8089-exec-3] [log4j2:197] -  com.zaxxer.hikari.pool.HikariProxyResultSet.isClosed(HikariProxyResultSet.java:-1)
1. ResultSet.isClosed() returned false
INFO  25-08-26 12:39:17[http-nio-8089-exec-3] [log4j2:197] -  com.zaxxer.hikari.pool.HikariProxyResultSet.next(HikariProxyResultSet.java:-1)
1. ResultSet.next() returned true
INFO  25-08-26 12:39:17[http-nio-8089-exec-3] [log4j2:197] -  com.zaxxer.hikari.pool.HikariProxyResultSet.getInt(HikariProxyResultSet.java:-1)
1. ResultSet.getInt(id) returned 5
INFO  25-08-26 12:39:17[http-nio-8089-exec-3] [log4j2:197] -  com.zaxxer.hikari.pool.HikariProxyResultSet.getString(HikariProxyResultSet.java:-1)
1. ResultSet.getString(name) returned E수영장
INFO  25-08-26 12:39:17[http-nio-8089-exec-3] [log4j2:197] -  com.zaxxer.hikari.pool.HikariProxyResultSet.getInt(HikariProxyResultSet.java:-1)
1. ResultSet.getInt(lanes) returned 5
INFO  25-08-26 12:39:17[http-nio-8089-exec-3] [log4j2:197] -  com.zaxxer.hikari.pool.HikariProxyResultSet.getString(HikariProxyResultSet.java:-1)
1. ResultSet.getString(lane_type) returned 25M
INFO  25-08-26 12:39:17[http-nio-8089-exec-3] [log4j2:197] -  com.zaxxer.hikari.pool.HikariProxyResultSet.getString(HikariProxyResultSet.java:-1)
1. ResultSet.getString(phone_number) returned 1090009000
INFO  25-08-26 12:39:17[http-nio-8089-exec-3] [log4j2:197] -  com.zaxxer.hikari.pool.HikariProxyResultSet.getString(HikariProxyResultSet.java:-1)
1. ResultSet.getString(addr) returned eeeeeeee
INFO  25-08-26 12:39:17[http-nio-8089-exec-3] [log4j2:197] -  com.zaxxer.hikari.pool.HikariProxyResultSet.isClosed(HikariProxyResultSet.java:-1)
1. ResultSet.isClosed() returned false
INFO  25-08-26 12:39:17[http-nio-8089-exec-3] [log4j2:197] -  com.zaxxer.hikari.pool.HikariProxyResultSet.next(HikariProxyResultSet.java:-1)
1. ResultSet.next() returned true
INFO  25-08-26 12:39:17[http-nio-8089-exec-3] [log4j2:197] -  com.zaxxer.hikari.pool.HikariProxyResultSet.getInt(HikariProxyResultSet.java:-1)
1. ResultSet.getInt(id) returned 6
INFO  25-08-26 12:39:17[http-nio-8089-exec-3] [log4j2:197] -  com.zaxxer.hikari.pool.HikariProxyResultSet.getString(HikariProxyResultSet.java:-1)
1. ResultSet.getString(name) returned bbbbb
INFO  25-08-26 12:39:17[http-nio-8089-exec-3] [log4j2:197] -  com.zaxxer.hikari.pool.HikariProxyResultSet.getInt(HikariProxyResultSet.java:-1)
1. ResultSet.getInt(lanes) returned 10
INFO  25-08-26 12:39:17[http-nio-8089-exec-3] [log4j2:197] -  com.zaxxer.hikari.pool.HikariProxyResultSet.getString(HikariProxyResultSet.java:-1)
1. ResultSet.getString(lane_type) returned 50
INFO  25-08-26 12:39:17[http-nio-8089-exec-3] [log4j2:197] -  com.zaxxer.hikari.pool.HikariProxyResultSet.getString(HikariProxyResultSet.java:-1)
1. ResultSet.getString(phone_number) returned 010-1234-1234
INFO  25-08-26 12:39:17[http-nio-8089-exec-3] [log4j2:197] -  com.zaxxer.hikari.pool.HikariProxyResultSet.getString(HikariProxyResultSet.java:-1)
1. ResultSet.getString(addr) returned llllllllllllllllllll
INFO  25-08-26 12:39:17[http-nio-8089-exec-3] [log4j2:197] -  com.zaxxer.hikari.pool.HikariProxyResultSet.isClosed(HikariProxyResultSet.java:-1)
1. ResultSet.isClosed() returned false
INFO  25-08-26 12:39:17[http-nio-8089-exec-3] [log4j2:197] -  com.zaxxer.hikari.pool.HikariProxyResultSet.next(HikariProxyResultSet.java:-1)
1. ResultSet.next() returned true
INFO  25-08-26 12:39:17[http-nio-8089-exec-3] [log4j2:197] -  com.zaxxer.hikari.pool.HikariProxyResultSet.getInt(HikariProxyResultSet.java:-1)
1. ResultSet.getInt(id) returned 7
INFO  25-08-26 12:39:17[http-nio-8089-exec-3] [log4j2:197] -  com.zaxxer.hikari.pool.HikariProxyResultSet.getString(HikariProxyResultSet.java:-1)
1. ResultSet.getString(name) returned bbbbb
INFO  25-08-26 12:39:17[http-nio-8089-exec-3] [log4j2:197] -  com.zaxxer.hikari.pool.HikariProxyResultSet.getInt(HikariProxyResultSet.java:-1)
1. ResultSet.getInt(lanes) returned 10
INFO  25-08-26 12:39:17[http-nio-8089-exec-3] [log4j2:197] -  com.zaxxer.hikari.pool.HikariProxyResultSet.getString(HikariProxyResultSet.java:-1)
1. ResultSet.getString(lane_type) returned 50
INFO  25-08-26 12:39:17[http-nio-8089-exec-3] [log4j2:197] -  com.zaxxer.hikari.pool.HikariProxyResultSet.getString(HikariProxyResultSet.java:-1)
1. ResultSet.getString(phone_number) returned 010-1234-1234
INFO  25-08-26 12:39:17[http-nio-8089-exec-3] [log4j2:197] -  com.zaxxer.hikari.pool.HikariProxyResultSet.getString(HikariProxyResultSet.java:-1)
1. ResultSet.getString(addr) returned llllllllllllllllllll
INFO  25-08-26 12:39:17[http-nio-8089-exec-3] [log4j2:197] -  com.zaxxer.hikari.pool.HikariProxyResultSet.isClosed(HikariProxyResultSet.java:-1)
1. ResultSet.isClosed() returned false
INFO  25-08-26 12:39:17[http-nio-8089-exec-3] [log4j2:197] -  com.zaxxer.hikari.pool.HikariProxyResultSet.next(HikariProxyResultSet.java:-1)
1. ResultSet.next() returned true
INFO  25-08-26 12:39:17[http-nio-8089-exec-3] [log4j2:197] -  com.zaxxer.hikari.pool.HikariProxyResultSet.getInt(HikariProxyResultSet.java:-1)
1. ResultSet.getInt(id) returned 8
INFO  25-08-26 12:39:17[http-nio-8089-exec-3] [log4j2:197] -  com.zaxxer.hikari.pool.HikariProxyResultSet.getString(HikariProxyResultSet.java:-1)
1. ResultSet.getString(name) returned F수영장
INFO  25-08-26 12:39:17[http-nio-8089-exec-3] [log4j2:197] -  com.zaxxer.hikari.pool.HikariProxyResultSet.getInt(HikariProxyResultSet.java:-1)
1. ResultSet.getInt(lanes) returned 8
INFO  25-08-26 12:39:17[http-nio-8089-exec-3] [log4j2:197] -  com.zaxxer.hikari.pool.HikariProxyResultSet.getString(HikariProxyResultSet.java:-1)
1. ResultSet.getString(lane_type) returned 50M
INFO  25-08-26 12:39:17[http-nio-8089-exec-3] [log4j2:197] -  com.zaxxer.hikari.pool.HikariProxyResultSet.getString(HikariProxyResultSet.java:-1)
1. ResultSet.getString(phone_number) returned 029909000
INFO  25-08-26 12:39:17[http-nio-8089-exec-3] [log4j2:197] -  com.zaxxer.hikari.pool.HikariProxyResultSet.getString(HikariProxyResultSet.java:-1)
1. ResultSet.getString(addr) returned llllllllllllllllllll
INFO  25-08-26 12:39:17[http-nio-8089-exec-3] [log4j2:197] -  com.zaxxer.hikari.pool.HikariProxyResultSet.isClosed(HikariProxyResultSet.java:-1)
1. ResultSet.isClosed() returned false
INFO  25-08-26 12:39:17[http-nio-8089-exec-3] [log4j2:197] -  com.zaxxer.hikari.pool.HikariProxyResultSet.next(HikariProxyResultSet.java:-1)
1. ResultSet.next() returned true
INFO  25-08-26 12:39:17[http-nio-8089-exec-3] [log4j2:197] -  com.zaxxer.hikari.pool.HikariProxyResultSet.getInt(HikariProxyResultSet.java:-1)
1. ResultSet.getInt(id) returned 9
INFO  25-08-26 12:39:17[http-nio-8089-exec-3] [log4j2:197] -  com.zaxxer.hikari.pool.HikariProxyResultSet.getString(HikariProxyResultSet.java:-1)
1. ResultSet.getString(name) returned 토끼
INFO  25-08-26 12:39:17[http-nio-8089-exec-3] [log4j2:197] -  com.zaxxer.hikari.pool.HikariProxyResultSet.getInt(HikariProxyResultSet.java:-1)
1. ResultSet.getInt(lanes) returned 6
INFO  25-08-26 12:39:17[http-nio-8089-exec-3] [log4j2:197] -  com.zaxxer.hikari.pool.HikariProxyResultSet.getString(HikariProxyResultSet.java:-1)
1. ResultSet.getString(lane_type) returned 25M
INFO  25-08-26 12:39:17[http-nio-8089-exec-3] [log4j2:197] -  com.zaxxer.hikari.pool.HikariProxyResultSet.getString(HikariProxyResultSet.java:-1)
1. ResultSet.getString(phone_number) returned 010-1111-1111
INFO  25-08-26 12:39:17[http-nio-8089-exec-3] [log4j2:197] -  com.zaxxer.hikari.pool.HikariProxyResultSet.getString(HikariProxyResultSet.java:-1)
1. ResultSet.getString(addr) returned llllllllllllllllllll
INFO  25-08-26 12:39:17[http-nio-8089-exec-3] [log4j2:197] -  com.zaxxer.hikari.pool.HikariProxyResultSet.isClosed(HikariProxyResultSet.java:-1)
1. ResultSet.isClosed() returned false
INFO  25-08-26 12:39:17[http-nio-8089-exec-3] [log4j2:390] - 
|---|------|------|----------|--------------|---------------------|
|id |name  |lanes |lane_type |phone_number  |addr                 |
|---|------|------|----------|--------------|---------------------|
|1  |A수영장  |10    |25M       |21234123      |aaaaaaaa             |
|2  |B수영장  |20    |25M       |3124823890    |bbbbbb               |
|3  |C수영장  |12    |50M       |1089089003    |ccccccccccc          |
|4  |D수영장  |30    |25M       |1012341234    |dddddddd             |
|5  |E수영장  |5     |25M       |1090009000    |eeeeeeee             |
|6  |bbbbb |10    |50        |010-1234-1234 |llllllllllllllllllll |
|7  |bbbbb |10    |50        |010-1234-1234 |llllllllllllllllllll |
|8  |F수영장  |8     |50M       |029909000     |llllllllllllllllllll |
|9  |토끼    |6     |25M       |010-1111-1111 |llllllllllllllllllll |
|---|------|------|----------|--------------|---------------------|

INFO  25-08-26 12:39:17[http-nio-8089-exec-3] [log4j2:197] -  com.zaxxer.hikari.pool.HikariProxyResultSet.next(HikariProxyResultSet.java:-1)
1. ResultSet.next() returned false
DEBUG 25-08-26 12:39:17[http-nio-8089-exec-3] [findAll:135] - <==      Total: 9
INFO  25-08-26 12:39:17[http-nio-8089-exec-3] [log4j2:197] -  com.zaxxer.hikari.pool.HikariProxyResultSet.close(HikariProxyResultSet.java:-1)
1. ResultSet.close() returned void
INFO  25-08-26 12:39:17[http-nio-8089-exec-3] [log4j2:197] -  com.zaxxer.hikari.pool.ProxyConnection.getMetaData(ProxyConnection.java:371)
1. Connection.getMetaData() returned com.mysql.cj.jdbc.DatabaseMetaDataInformationSchema@200e1028
INFO  25-08-26 12:39:17[http-nio-8089-exec-3] [log4j2:197] -  com.zaxxer.hikari.pool.HikariProxyPreparedStatement.getMoreResults(HikariProxyPreparedStatement.java:-1)
1. PreparedStatement.getMoreResults() returned false
INFO  25-08-26 12:39:17[http-nio-8089-exec-3] [log4j2:197] -  com.zaxxer.hikari.pool.HikariProxyPreparedStatement.getUpdateCount(HikariProxyPreparedStatement.java:-1)
1. PreparedStatement.getUpdateCount() returned -1
INFO  25-08-26 12:39:17[http-nio-8089-exec-3] [log4j2:197] -  com.zaxxer.hikari.pool.ProxyStatement.close(ProxyStatement.java:75)
1. PreparedStatement.close() returned 
DEBUG 25-08-26 12:39:17[http-nio-8089-exec-3] [SqlSessionUtils:49] - Closing non transactional SqlSession [org.apache.ibatis.session.defaults.DefaultSqlSession@7fcdf54b]
INFO  25-08-26 12:39:17[http-nio-8089-exec-3] [log4j2:197] -  com.zaxxer.hikari.pool.ProxyConnection.close(ProxyConnection.java:258)
1. Connection.clearWarnings() returned 
DEBUG 25-08-26 12:39:17[http-nio-8089-exec-3] [HttpEntityMethodProcessor:310] - Using 'application/json', given [*/*] and supported [application/json, application/*+json]
DEBUG 25-08-26 12:39:17[http-nio-8089-exec-3] [HttpEntityMethodProcessor:120] - Writing [com.mjc813.swimcrud.swimpool.common.ResponseDto@1ccecedb]
DEBUG 25-08-26 12:39:17[http-nio-8089-exec-3] [DispatcherServlet:1138] - Completed 200 OK
DEBUG 25-08-26 12:39:21[HikariPool-1 housekeeper] [HikariPool:405] - HikariPool-1 - Pool stats (total=10, active=0, idle=10, waiting=0)
DEBUG 25-08-26 12:39:21[HikariPool-1 housekeeper] [HikariPool:510] - HikariPool-1 - Fill pool skipped, pool has sufficient level or currently being filled.
DEBUG 25-08-26 12:39:51[HikariPool-1 housekeeper] [HikariPool:405] - HikariPool-1 - Pool stats (total=10, active=0, idle=10, waiting=0)
DEBUG 25-08-26 12:39:51[HikariPool-1 housekeeper] [HikariPool:510] - HikariPool-1 - Fill pool skipped, pool has sufficient level or currently being filled.
DEBUG 25-08-26 12:40:21[HikariPool-1 housekeeper] [HikariPool:405] - HikariPool-1 - Pool stats (total=10, active=0, idle=10, waiting=0)
DEBUG 25-08-26 12:40:21[HikariPool-1 housekeeper] [HikariPool:510] - HikariPool-1 - Fill pool skipped, pool has sufficient level or currently being filled.
DEBUG 25-08-26 12:40:22[http-nio-8089-exec-4] [DispatcherServlet:120] - GET "/swimpool", parameters={}
DEBUG 25-08-26 12:40:22[http-nio-8089-exec-4] [RequestMappingHandlerMapping:533] - Mapped to com.mjc813.swimcrud.swimpool.controller.MenuController#swimpoolMenu()
DEBUG 25-08-26 12:40:22[http-nio-8089-exec-4] [ContentNegotiatingViewResolver:354] - Selected 'text/html' given [text/html, application/xhtml+xml, image/avif, image/webp, image/apng, application/xml;q=0.9, */*;q=0.8, application/signed-exchange;v=b3;q=0.7]
DEBUG 25-08-26 12:40:22[http-nio-8089-exec-4] [MustacheView:307] - View name [/swimpool/list], model {}
DEBUG 25-08-26 12:40:22[http-nio-8089-exec-4] [MustacheView:178] - Rendering [classpath:/templates//swimpool/list.html]
DEBUG 25-08-26 12:40:22[http-nio-8089-exec-4] [DispatcherServlet:1138] - Completed 200 OK
DEBUG 25-08-26 12:40:22[http-nio-8089-exec-5] [DispatcherServlet:120] - GET "/smbg/css/styles.css", parameters={}
DEBUG 25-08-26 12:40:22[http-nio-8089-exec-5] [SimpleUrlHandlerMapping:533] - Mapped to ResourceHttpRequestHandler [classpath [META-INF/resources/], classpath [resources/], classpath [static/], classpath [public/], ServletContext [/]]
DEBUG 25-08-26 12:40:22[http-nio-8089-exec-1] [DispatcherServlet:120] - GET "/js/jquery-3.7.1.min.js", parameters={}
DEBUG 25-08-26 12:40:22[http-nio-8089-exec-1] [SimpleUrlHandlerMapping:533] - Mapped to ResourceHttpRequestHandler [classpath [META-INF/resources/], classpath [resources/], classpath [static/], classpath [public/], ServletContext [/]]
DEBUG 25-08-26 12:40:22[http-nio-8089-exec-1] [DispatcherServlet:1138] - Completed 200 OK
DEBUG 25-08-26 12:40:22[http-nio-8089-exec-5] [DispatcherServlet:1138] - Completed 200 OK
DEBUG 25-08-26 12:40:22[http-nio-8089-exec-8] [DispatcherServlet:120] - GET "/swimpool/list", parameters={}
DEBUG 25-08-26 12:40:22[http-nio-8089-exec-8] [RequestMappingHandlerMapping:533] - Mapped to com.mjc813.swimcrud.swimpool.apicontroller.SwimpoolApiController#list()
DEBUG 25-08-26 12:40:22[http-nio-8089-exec-8] [SqlSessionUtils:49] - Creating a new SqlSession
DEBUG 25-08-26 12:40:22[http-nio-8089-exec-8] [SqlSessionUtils:49] - SqlSession [org.apache.ibatis.session.defaults.DefaultSqlSession@68d8ff3c] was not registered for synchronization because synchronization is not active
DEBUG 25-08-26 12:40:22[http-nio-8089-exec-8] [DataSourceUtils:117] - Fetching JDBC Connection from DataSource
INFO  25-08-26 12:40:22[http-nio-8089-exec-8] [log4j2:197] -  com.zaxxer.hikari.pool.PoolBase.isConnectionDead(PoolBase.java:157)
1. Connection.isValid(5) returned true
INFO  25-08-26 12:40:22[http-nio-8089-exec-8] [log4j2:197] -  com.zaxxer.hikari.pool.HikariProxyConnection.getAutoCommit(HikariProxyConnection.java:-1)
1. Connection.getAutoCommit() returned true
DEBUG 25-08-26 12:40:22[http-nio-8089-exec-8] [SpringManagedTransaction:49] - JDBC Connection [HikariProxyConnection@1713314903 wrapping net.sf.log4jdbc.sql.jdbcapi.ConnectionSpy@3491c456] will not be managed by Spring
DEBUG 25-08-26 12:40:22[http-nio-8089-exec-8] [findAll:135] - ==>  Preparing: SELECT id , name , lanes , lane_type , phone_number , addr FROM swimpool_tbl ORDER BY id
INFO  25-08-26 12:40:22[http-nio-8089-exec-8] [log4j2:197] -  com.zaxxer.hikari.pool.ProxyConnection.prepareStatement(ProxyConnection.java:328)
1. PreparedStatement.new PreparedStatement returned 
INFO  25-08-26 12:40:22[http-nio-8089-exec-8] [log4j2:197] -  com.zaxxer.hikari.pool.ProxyConnection.prepareStatement(ProxyConnection.java:328)
1. Connection.prepareStatement(SELECT
            id
            , name
            , lanes
            , lane_type
            , phone_number
            , addr
        FROM swimpool_tbl
        ORDER BY id) returned net.sf.log4jdbc.sql.jdbcapi.PreparedStatementSpy@6220944c
DEBUG 25-08-26 12:40:22[http-nio-8089-exec-8] [findAll:135] - ==> Parameters: 
INFO  25-08-26 12:40:22[http-nio-8089-exec-8] [log4j2:243] -  com.zaxxer.hikari.pool.ProxyPreparedStatement.execute(ProxyPreparedStatement.java:44)
1. SELECT id , name , lanes , lane_type , phone_number , addr FROM swimpool_tbl ORDER BY id  {executed in 3 ms}
INFO  25-08-26 12:40:22[http-nio-8089-exec-8] [log4j2:197] -  com.zaxxer.hikari.pool.ProxyPreparedStatement.execute(ProxyPreparedStatement.java:44)
1. PreparedStatement.execute() returned true
INFO  25-08-26 12:40:22[http-nio-8089-exec-8] [log4j2:197] -  com.zaxxer.hikari.pool.ProxyStatement.getResultSet(ProxyStatement.java:213)
1. ResultSet.new ResultSet returned 
INFO  25-08-26 12:40:22[http-nio-8089-exec-8] [log4j2:197] -  com.zaxxer.hikari.pool.ProxyStatement.getResultSet(ProxyStatement.java:213)
1. PreparedStatement.getResultSet() returned net.sf.log4jdbc.sql.jdbcapi.ResultSetSpy@2722166c
INFO  25-08-26 12:40:22[http-nio-8089-exec-8] [log4j2:197] -  com.zaxxer.hikari.pool.HikariProxyResultSet.getMetaData(HikariProxyResultSet.java:-1)
1. ResultSet.getMetaData() returned com.mysql.cj.jdbc.result.ResultSetMetaData@82c2cab - Field level information: 
	com.mysql.cj.result.Field@164f745d[dbName=swimpool_db,tableName=swimpool_tbl,originalTableName=swimpool_tbl,columnName=id,originalColumnName=id,mysqlType=3(FIELD_TYPE_INT),sqlType=4,flags= AUTO_INCREMENT PRIMARY_KEY, charsetIndex=63, charsetName=ISO-8859-1]
	com.mysql.cj.result.Field@70ab102c[dbName=swimpool_db,tableName=swimpool_tbl,originalTableName=swimpool_tbl,columnName=name,originalColumnName=name,mysqlType=253(FIELD_TYPE_VARCHAR),sqlType=12,flags=, charsetIndex=45, charsetName=UTF-8]
	com.mysql.cj.result.Field@470de923[dbName=swimpool_db,tableName=swimpool_tbl,originalTableName=swimpool_tbl,columnName=lanes,originalColumnName=lanes,mysqlType=3(FIELD_TYPE_INT),sqlType=4,flags=, charsetIndex=63, charsetName=ISO-8859-1]
	com.mysql.cj.result.Field@2e2dcc1d[dbName=swimpool_db,tableName=swimpool_tbl,originalTableName=swimpool_tbl,columnName=lane_type,originalColumnName=lane_type,mysqlType=253(FIELD_TYPE_VARCHAR),sqlType=12,flags=, charsetIndex=45, charsetName=UTF-8]
	com.mysql.cj.result.Field@432da819[dbName=swimpool_db,tableName=swimpool_tbl,originalTableName=swimpool_tbl,columnName=phone_number,originalColumnName=phone_number,mysqlType=253(FIELD_TYPE_VARCHAR),sqlType=12,flags=, charsetIndex=45, charsetName=UTF-8]
	com.mysql.cj.result.Field@6baffa20[dbName=swimpool_db,tableName=swimpool_tbl,originalTableName=swimpool_tbl,columnName=addr,originalColumnName=addr,mysqlType=253(FIELD_TYPE_VARCHAR),sqlType=12,flags=, charsetIndex=45, charsetName=UTF-8]
INFO  25-08-26 12:40:22[http-nio-8089-exec-8] [log4j2:197] -  com.zaxxer.hikari.pool.HikariProxyResultSet.getType(HikariProxyResultSet.java:-1)
1. ResultSet.getType() returned 1003
INFO  25-08-26 12:40:22[http-nio-8089-exec-8] [log4j2:197] -  com.zaxxer.hikari.pool.HikariProxyResultSet.isClosed(HikariProxyResultSet.java:-1)
1. ResultSet.isClosed() returned false
INFO  25-08-26 12:40:22[http-nio-8089-exec-8] [log4j2:197] -  com.zaxxer.hikari.pool.HikariProxyResultSet.next(HikariProxyResultSet.java:-1)
1. ResultSet.next() returned true
INFO  25-08-26 12:40:22[http-nio-8089-exec-8] [log4j2:197] -  com.zaxxer.hikari.pool.HikariProxyResultSet.getInt(HikariProxyResultSet.java:-1)
1. ResultSet.getInt(id) returned 1
INFO  25-08-26 12:40:22[http-nio-8089-exec-8] [log4j2:197] -  com.zaxxer.hikari.pool.HikariProxyResultSet.getString(HikariProxyResultSet.java:-1)
1. ResultSet.getString(name) returned A수영장
INFO  25-08-26 12:40:22[http-nio-8089-exec-8] [log4j2:197] -  com.zaxxer.hikari.pool.HikariProxyResultSet.getInt(HikariProxyResultSet.java:-1)
1. ResultSet.getInt(lanes) returned 10
INFO  25-08-26 12:40:22[http-nio-8089-exec-8] [log4j2:197] -  com.zaxxer.hikari.pool.HikariProxyResultSet.getString(HikariProxyResultSet.java:-1)
1. ResultSet.getString(lane_type) returned 25M
INFO  25-08-26 12:40:22[http-nio-8089-exec-8] [log4j2:197] -  com.zaxxer.hikari.pool.HikariProxyResultSet.getString(HikariProxyResultSet.java:-1)
1. ResultSet.getString(phone_number) returned 21234123
INFO  25-08-26 12:40:22[http-nio-8089-exec-8] [log4j2:197] -  com.zaxxer.hikari.pool.HikariProxyResultSet.getString(HikariProxyResultSet.java:-1)
1. ResultSet.getString(addr) returned aaaaaaaa
INFO  25-08-26 12:40:22[http-nio-8089-exec-8] [log4j2:197] -  com.zaxxer.hikari.pool.HikariProxyResultSet.isClosed(HikariProxyResultSet.java:-1)
1. ResultSet.isClosed() returned false
INFO  25-08-26 12:40:22[http-nio-8089-exec-8] [log4j2:197] -  com.zaxxer.hikari.pool.HikariProxyResultSet.next(HikariProxyResultSet.java:-1)
1. ResultSet.next() returned true
INFO  25-08-26 12:40:22[http-nio-8089-exec-8] [log4j2:197] -  com.zaxxer.hikari.pool.HikariProxyResultSet.getInt(HikariProxyResultSet.java:-1)
1. ResultSet.getInt(id) returned 2
INFO  25-08-26 12:40:22[http-nio-8089-exec-8] [log4j2:197] -  com.zaxxer.hikari.pool.HikariProxyResultSet.getString(HikariProxyResultSet.java:-1)
1. ResultSet.getString(name) returned B수영장
INFO  25-08-26 12:40:22[http-nio-8089-exec-8] [log4j2:197] -  com.zaxxer.hikari.pool.HikariProxyResultSet.getInt(HikariProxyResultSet.java:-1)
1. ResultSet.getInt(lanes) returned 20
INFO  25-08-26 12:40:22[http-nio-8089-exec-8] [log4j2:197] -  com.zaxxer.hikari.pool.HikariProxyResultSet.getString(HikariProxyResultSet.java:-1)
1. ResultSet.getString(lane_type) returned 25M
INFO  25-08-26 12:40:22[http-nio-8089-exec-8] [log4j2:197] -  com.zaxxer.hikari.pool.HikariProxyResultSet.getString(HikariProxyResultSet.java:-1)
1. ResultSet.getString(phone_number) returned 3124823890
INFO  25-08-26 12:40:22[http-nio-8089-exec-8] [log4j2:197] -  com.zaxxer.hikari.pool.HikariProxyResultSet.getString(HikariProxyResultSet.java:-1)
1. ResultSet.getString(addr) returned bbbbbb
INFO  25-08-26 12:40:22[http-nio-8089-exec-8] [log4j2:197] -  com.zaxxer.hikari.pool.HikariProxyResultSet.isClosed(HikariProxyResultSet.java:-1)
1. ResultSet.isClosed() returned false
INFO  25-08-26 12:40:22[http-nio-8089-exec-8] [log4j2:197] -  com.zaxxer.hikari.pool.HikariProxyResultSet.next(HikariProxyResultSet.java:-1)
1. ResultSet.next() returned true
INFO  25-08-26 12:40:22[http-nio-8089-exec-8] [log4j2:197] -  com.zaxxer.hikari.pool.HikariProxyResultSet.getInt(HikariProxyResultSet.java:-1)
1. ResultSet.getInt(id) returned 3
INFO  25-08-26 12:40:22[http-nio-8089-exec-8] [log4j2:197] -  com.zaxxer.hikari.pool.HikariProxyResultSet.getString(HikariProxyResultSet.java:-1)
1. ResultSet.getString(name) returned C수영장
INFO  25-08-26 12:40:22[http-nio-8089-exec-8] [log4j2:197] -  com.zaxxer.hikari.pool.HikariProxyResultSet.getInt(HikariProxyResultSet.java:-1)
1. ResultSet.getInt(lanes) returned 12
INFO  25-08-26 12:40:22[http-nio-8089-exec-8] [log4j2:197] -  com.zaxxer.hikari.pool.HikariProxyResultSet.getString(HikariProxyResultSet.java:-1)
1. ResultSet.getString(lane_type) returned 50M
INFO  25-08-26 12:40:22[http-nio-8089-exec-8] [log4j2:197] -  com.zaxxer.hikari.pool.HikariProxyResultSet.getString(HikariProxyResultSet.java:-1)
1. ResultSet.getString(phone_number) returned 1089089003
INFO  25-08-26 12:40:22[http-nio-8089-exec-8] [log4j2:197] -  com.zaxxer.hikari.pool.HikariProxyResultSet.getString(HikariProxyResultSet.java:-1)
1. ResultSet.getString(addr) returned ccccccccccc
INFO  25-08-26 12:40:22[http-nio-8089-exec-8] [log4j2:197] -  com.zaxxer.hikari.pool.HikariProxyResultSet.isClosed(HikariProxyResultSet.java:-1)
1. ResultSet.isClosed() returned false
INFO  25-08-26 12:40:22[http-nio-8089-exec-8] [log4j2:197] -  com.zaxxer.hikari.pool.HikariProxyResultSet.next(HikariProxyResultSet.java:-1)
1. ResultSet.next() returned true
INFO  25-08-26 12:40:22[http-nio-8089-exec-8] [log4j2:197] -  com.zaxxer.hikari.pool.HikariProxyResultSet.getInt(HikariProxyResultSet.java:-1)
1. ResultSet.getInt(id) returned 4
INFO  25-08-26 12:40:22[http-nio-8089-exec-8] [log4j2:197] -  com.zaxxer.hikari.pool.HikariProxyResultSet.getString(HikariProxyResultSet.java:-1)
1. ResultSet.getString(name) returned D수영장
INFO  25-08-26 12:40:22[http-nio-8089-exec-8] [log4j2:197] -  com.zaxxer.hikari.pool.HikariProxyResultSet.getInt(HikariProxyResultSet.java:-1)
1. ResultSet.getInt(lanes) returned 30
INFO  25-08-26 12:40:22[http-nio-8089-exec-8] [log4j2:197] -  com.zaxxer.hikari.pool.HikariProxyResultSet.getString(HikariProxyResultSet.java:-1)
1. ResultSet.getString(lane_type) returned 25M
INFO  25-08-26 12:40:22[http-nio-8089-exec-8] [log4j2:197] -  com.zaxxer.hikari.pool.HikariProxyResultSet.getString(HikariProxyResultSet.java:-1)
1. ResultSet.getString(phone_number) returned 1012341234
INFO  25-08-26 12:40:22[http-nio-8089-exec-8] [log4j2:197] -  com.zaxxer.hikari.pool.HikariProxyResultSet.getString(HikariProxyResultSet.java:-1)
1. ResultSet.getString(addr) returned dddddddd
INFO  25-08-26 12:40:22[http-nio-8089-exec-8] [log4j2:197] -  com.zaxxer.hikari.pool.HikariProxyResultSet.isClosed(HikariProxyResultSet.java:-1)
1. ResultSet.isClosed() returned false
INFO  25-08-26 12:40:22[http-nio-8089-exec-8] [log4j2:197] -  com.zaxxer.hikari.pool.HikariProxyResultSet.next(HikariProxyResultSet.java:-1)
1. ResultSet.next() returned true
INFO  25-08-26 12:40:22[http-nio-8089-exec-8] [log4j2:197] -  com.zaxxer.hikari.pool.HikariProxyResultSet.getInt(HikariProxyResultSet.java:-1)
1. ResultSet.getInt(id) returned 5
INFO  25-08-26 12:40:22[http-nio-8089-exec-8] [log4j2:197] -  com.zaxxer.hikari.pool.HikariProxyResultSet.getString(HikariProxyResultSet.java:-1)
1. ResultSet.getString(name) returned E수영장
INFO  25-08-26 12:40:22[http-nio-8089-exec-8] [log4j2:197] -  com.zaxxer.hikari.pool.HikariProxyResultSet.getInt(HikariProxyResultSet.java:-1)
1. ResultSet.getInt(lanes) returned 5
INFO  25-08-26 12:40:22[http-nio-8089-exec-8] [log4j2:197] -  com.zaxxer.hikari.pool.HikariProxyResultSet.getString(HikariProxyResultSet.java:-1)
1. ResultSet.getString(lane_type) returned 25M
INFO  25-08-26 12:40:22[http-nio-8089-exec-8] [log4j2:197] -  com.zaxxer.hikari.pool.HikariProxyResultSet.getString(HikariProxyResultSet.java:-1)
1. ResultSet.getString(phone_number) returned 1090009000
INFO  25-08-26 12:40:22[http-nio-8089-exec-8] [log4j2:197] -  com.zaxxer.hikari.pool.HikariProxyResultSet.getString(HikariProxyResultSet.java:-1)
1. ResultSet.getString(addr) returned eeeeeeee
INFO  25-08-26 12:40:22[http-nio-8089-exec-8] [log4j2:197] -  com.zaxxer.hikari.pool.HikariProxyResultSet.isClosed(HikariProxyResultSet.java:-1)
1. ResultSet.isClosed() returned false
INFO  25-08-26 12:40:22[http-nio-8089-exec-8] [log4j2:197] -  com.zaxxer.hikari.pool.HikariProxyResultSet.next(HikariProxyResultSet.java:-1)
1. ResultSet.next() returned true
INFO  25-08-26 12:40:22[http-nio-8089-exec-8] [log4j2:197] -  com.zaxxer.hikari.pool.HikariProxyResultSet.getInt(HikariProxyResultSet.java:-1)
1. ResultSet.getInt(id) returned 6
INFO  25-08-26 12:40:22[http-nio-8089-exec-8] [log4j2:197] -  com.zaxxer.hikari.pool.HikariProxyResultSet.getString(HikariProxyResultSet.java:-1)
1. ResultSet.getString(name) returned bbbbb
INFO  25-08-26 12:40:22[http-nio-8089-exec-8] [log4j2:197] -  com.zaxxer.hikari.pool.HikariProxyResultSet.getInt(HikariProxyResultSet.java:-1)
1. ResultSet.getInt(lanes) returned 10
INFO  25-08-26 12:40:22[http-nio-8089-exec-8] [log4j2:197] -  com.zaxxer.hikari.pool.HikariProxyResultSet.getString(HikariProxyResultSet.java:-1)
1. ResultSet.getString(lane_type) returned 50
INFO  25-08-26 12:40:22[http-nio-8089-exec-8] [log4j2:197] -  com.zaxxer.hikari.pool.HikariProxyResultSet.getString(HikariProxyResultSet.java:-1)
1. ResultSet.getString(phone_number) returned 010-1234-1234
INFO  25-08-26 12:40:22[http-nio-8089-exec-8] [log4j2:197] -  com.zaxxer.hikari.pool.HikariProxyResultSet.getString(HikariProxyResultSet.java:-1)
1. ResultSet.getString(addr) returned llllllllllllllllllll
INFO  25-08-26 12:40:22[http-nio-8089-exec-8] [log4j2:197] -  com.zaxxer.hikari.pool.HikariProxyResultSet.isClosed(HikariProxyResultSet.java:-1)
1. ResultSet.isClosed() returned false
INFO  25-08-26 12:40:22[http-nio-8089-exec-8] [log4j2:197] -  com.zaxxer.hikari.pool.HikariProxyResultSet.next(HikariProxyResultSet.java:-1)
1. ResultSet.next() returned true
INFO  25-08-26 12:40:22[http-nio-8089-exec-8] [log4j2:197] -  com.zaxxer.hikari.pool.HikariProxyResultSet.getInt(HikariProxyResultSet.java:-1)
1. ResultSet.getInt(id) returned 7
INFO  25-08-26 12:40:22[http-nio-8089-exec-8] [log4j2:197] -  com.zaxxer.hikari.pool.HikariProxyResultSet.getString(HikariProxyResultSet.java:-1)
1. ResultSet.getString(name) returned bbbbb
INFO  25-08-26 12:40:22[http-nio-8089-exec-8] [log4j2:197] -  com.zaxxer.hikari.pool.HikariProxyResultSet.getInt(HikariProxyResultSet.java:-1)
1. ResultSet.getInt(lanes) returned 10
INFO  25-08-26 12:40:22[http-nio-8089-exec-8] [log4j2:197] -  com.zaxxer.hikari.pool.HikariProxyResultSet.getString(HikariProxyResultSet.java:-1)
1. ResultSet.getString(lane_type) returned 50
INFO  25-08-26 12:40:22[http-nio-8089-exec-8] [log4j2:197] -  com.zaxxer.hikari.pool.HikariProxyResultSet.getString(HikariProxyResultSet.java:-1)
1. ResultSet.getString(phone_number) returned 010-1234-1234
INFO  25-08-26 12:40:22[http-nio-8089-exec-8] [log4j2:197] -  com.zaxxer.hikari.pool.HikariProxyResultSet.getString(HikariProxyResultSet.java:-1)
1. ResultSet.getString(addr) returned llllllllllllllllllll
INFO  25-08-26 12:40:22[http-nio-8089-exec-8] [log4j2:197] -  com.zaxxer.hikari.pool.HikariProxyResultSet.isClosed(HikariProxyResultSet.java:-1)
1. ResultSet.isClosed() returned false
INFO  25-08-26 12:40:22[http-nio-8089-exec-8] [log4j2:197] -  com.zaxxer.hikari.pool.HikariProxyResultSet.next(HikariProxyResultSet.java:-1)
1. ResultSet.next() returned true
INFO  25-08-26 12:40:22[http-nio-8089-exec-8] [log4j2:197] -  com.zaxxer.hikari.pool.HikariProxyResultSet.getInt(HikariProxyResultSet.java:-1)
1. ResultSet.getInt(id) returned 8
INFO  25-08-26 12:40:22[http-nio-8089-exec-8] [log4j2:197] -  com.zaxxer.hikari.pool.HikariProxyResultSet.getString(HikariProxyResultSet.java:-1)
1. ResultSet.getString(name) returned F수영장
INFO  25-08-26 12:40:22[http-nio-8089-exec-8] [log4j2:197] -  com.zaxxer.hikari.pool.HikariProxyResultSet.getInt(HikariProxyResultSet.java:-1)
1. ResultSet.getInt(lanes) returned 8
INFO  25-08-26 12:40:22[http-nio-8089-exec-8] [log4j2:197] -  com.zaxxer.hikari.pool.HikariProxyResultSet.getString(HikariProxyResultSet.java:-1)
1. ResultSet.getString(lane_type) returned 50M
INFO  25-08-26 12:40:22[http-nio-8089-exec-8] [log4j2:197] -  com.zaxxer.hikari.pool.HikariProxyResultSet.getString(HikariProxyResultSet.java:-1)
1. ResultSet.getString(phone_number) returned 029909000
INFO  25-08-26 12:40:22[http-nio-8089-exec-8] [log4j2:197] -  com.zaxxer.hikari.pool.HikariProxyResultSet.getString(HikariProxyResultSet.java:-1)
1. ResultSet.getString(addr) returned llllllllllllllllllll
INFO  25-08-26 12:40:22[http-nio-8089-exec-8] [log4j2:197] -  com.zaxxer.hikari.pool.HikariProxyResultSet.isClosed(HikariProxyResultSet.java:-1)
1. ResultSet.isClosed() returned false
INFO  25-08-26 12:40:22[http-nio-8089-exec-8] [log4j2:197] -  com.zaxxer.hikari.pool.HikariProxyResultSet.next(HikariProxyResultSet.java:-1)
1. ResultSet.next() returned true
INFO  25-08-26 12:40:22[http-nio-8089-exec-8] [log4j2:197] -  com.zaxxer.hikari.pool.HikariProxyResultSet.getInt(HikariProxyResultSet.java:-1)
1. ResultSet.getInt(id) returned 9
INFO  25-08-26 12:40:22[http-nio-8089-exec-8] [log4j2:197] -  com.zaxxer.hikari.pool.HikariProxyResultSet.getString(HikariProxyResultSet.java:-1)
1. ResultSet.getString(name) returned 토끼
INFO  25-08-26 12:40:22[http-nio-8089-exec-8] [log4j2:197] -  com.zaxxer.hikari.pool.HikariProxyResultSet.getInt(HikariProxyResultSet.java:-1)
1. ResultSet.getInt(lanes) returned 6
INFO  25-08-26 12:40:22[http-nio-8089-exec-8] [log4j2:197] -  com.zaxxer.hikari.pool.HikariProxyResultSet.getString(HikariProxyResultSet.java:-1)
1. ResultSet.getString(lane_type) returned 25M
INFO  25-08-26 12:40:22[http-nio-8089-exec-8] [log4j2:197] -  com.zaxxer.hikari.pool.HikariProxyResultSet.getString(HikariProxyResultSet.java:-1)
1. ResultSet.getString(phone_number) returned 010-1111-1111
INFO  25-08-26 12:40:22[http-nio-8089-exec-8] [log4j2:197] -  com.zaxxer.hikari.pool.HikariProxyResultSet.getString(HikariProxyResultSet.java:-1)
1. ResultSet.getString(addr) returned llllllllllllllllllll
INFO  25-08-26 12:40:22[http-nio-8089-exec-8] [log4j2:197] -  com.zaxxer.hikari.pool.HikariProxyResultSet.isClosed(HikariProxyResultSet.java:-1)
1. ResultSet.isClosed() returned false
INFO  25-08-26 12:40:22[http-nio-8089-exec-8] [log4j2:390] - 
|---|------|------|----------|--------------|---------------------|
|id |name  |lanes |lane_type |phone_number  |addr                 |
|---|------|------|----------|--------------|---------------------|
|1  |A수영장  |10    |25M       |21234123      |aaaaaaaa             |
|2  |B수영장  |20    |25M       |3124823890    |bbbbbb               |
|3  |C수영장  |12    |50M       |1089089003    |ccccccccccc          |
|4  |D수영장  |30    |25M       |1012341234    |dddddddd             |
|5  |E수영장  |5     |25M       |1090009000    |eeeeeeee             |
|6  |bbbbb |10    |50        |010-1234-1234 |llllllllllllllllllll |
|7  |bbbbb |10    |50        |010-1234-1234 |llllllllllllllllllll |
|8  |F수영장  |8     |50M       |029909000     |llllllllllllllllllll |
|9  |토끼    |6     |25M       |010-1111-1111 |llllllllllllllllllll |
|---|------|------|----------|--------------|---------------------|

INFO  25-08-26 12:40:22[http-nio-8089-exec-8] [log4j2:197] -  com.zaxxer.hikari.pool.HikariProxyResultSet.next(HikariProxyResultSet.java:-1)
1. ResultSet.next() returned false
DEBUG 25-08-26 12:40:22[http-nio-8089-exec-8] [findAll:135] - <==      Total: 9
INFO  25-08-26 12:40:22[http-nio-8089-exec-8] [log4j2:197] -  com.zaxxer.hikari.pool.HikariProxyResultSet.close(HikariProxyResultSet.java:-1)
1. ResultSet.close() returned void
INFO  25-08-26 12:40:22[http-nio-8089-exec-8] [log4j2:197] -  com.zaxxer.hikari.pool.ProxyConnection.getMetaData(ProxyConnection.java:371)
1. Connection.getMetaData() returned com.mysql.cj.jdbc.DatabaseMetaDataInformationSchema@2d8d2ed6
INFO  25-08-26 12:40:22[http-nio-8089-exec-8] [log4j2:197] -  com.zaxxer.hikari.pool.HikariProxyPreparedStatement.getMoreResults(HikariProxyPreparedStatement.java:-1)
1. PreparedStatement.getMoreResults() returned false
INFO  25-08-26 12:40:22[http-nio-8089-exec-8] [log4j2:197] -  com.zaxxer.hikari.pool.HikariProxyPreparedStatement.getUpdateCount(HikariProxyPreparedStatement.java:-1)
1. PreparedStatement.getUpdateCount() returned -1
INFO  25-08-26 12:40:22[http-nio-8089-exec-8] [log4j2:197] -  com.zaxxer.hikari.pool.ProxyStatement.close(ProxyStatement.java:75)
1. PreparedStatement.close() returned 
DEBUG 25-08-26 12:40:22[http-nio-8089-exec-8] [SqlSessionUtils:49] - Closing non transactional SqlSession [org.apache.ibatis.session.defaults.DefaultSqlSession@68d8ff3c]
INFO  25-08-26 12:40:22[http-nio-8089-exec-8] [log4j2:197] -  com.zaxxer.hikari.pool.ProxyConnection.close(ProxyConnection.java:258)
1. Connection.clearWarnings() returned 
DEBUG 25-08-26 12:40:22[http-nio-8089-exec-8] [HttpEntityMethodProcessor:310] - Using 'application/json', given [*/*] and supported [application/json, application/*+json]
DEBUG 25-08-26 12:40:22[http-nio-8089-exec-8] [HttpEntityMethodProcessor:120] - Writing [com.mjc813.swimcrud.swimpool.common.ResponseDto@3967bfbd]
DEBUG 25-08-26 12:40:22[http-nio-8089-exec-8] [DispatcherServlet:1138] - Completed 200 OK
DEBUG 25-08-26 12:40:51[HikariPool-1 housekeeper] [HikariPool:405] - HikariPool-1 - Pool stats (total=10, active=0, idle=10, waiting=0)
DEBUG 25-08-26 12:40:51[HikariPool-1 housekeeper] [HikariPool:510] - HikariPool-1 - Fill pool skipped, pool has sufficient level or currently being filled.
DEBUG 25-08-26 12:41:21[HikariPool-1 housekeeper] [HikariPool:405] - HikariPool-1 - Pool stats (total=10, active=0, idle=10, waiting=0)
DEBUG 25-08-26 12:41:21[HikariPool-1 housekeeper] [HikariPool:510] - HikariPool-1 - Fill pool skipped, pool has sufficient level or currently being filled.
DEBUG 25-08-26 12:41:51[HikariPool-1 housekeeper] [HikariPool:405] - HikariPool-1 - Pool stats (total=10, active=0, idle=10, waiting=0)
DEBUG 25-08-26 12:41:51[HikariPool-1 housekeeper] [HikariPool:510] - HikariPool-1 - Fill pool skipped, pool has sufficient level or currently being filled.
